"","Row.names","Brachy-1d.1","Brachy-1d.2","Brachy-1d.3","Brachy-1d.4","Brachy-00h.1","Brachy-00h.2","Brachy-00h.3","Brachy-00h.4","Brachy-02h.1","Brachy-02h.2","Brachy-02h.3","Brachy-02h.4","Brachy-04h.1","Brachy-04h.2","Brachy-04h.3","Brachy-04h.4","Brachy-4d.1","Brachy-4d.2","Brachy-4d.3","Brachy-4d.4","Brachy-p5h.1","Brachy-p5h.2","Brachy-p5h.3","Brachy-p5h.4","Brachy_00h_Brachy_02h_log2_FC","Brachy_00h_Brachy_02h_Pvalue","Brachy_00h_Brachy_02h_fdr","Brachy_00h_Brachy_04h_log2_FC","Brachy_00h_Brachy_04h_Pvalue","Brachy_00h_Brachy_04h_fdr","Brachy_00h_Brachy_1d_log2_FC","Brachy_00h_Brachy_1d_Pvalue","Brachy_00h_Brachy_1d_fdr","Brachy_00h_Brachy_4d_log2_FC","Brachy_00h_Brachy_4d_Pvalue","Brachy_00h_Brachy_4d_fdr","Brachy_00h_Brachy_p5h_log2_FC","Brachy_00h_Brachy_p5h_Pvalue","Brachy_00h_Brachy_p5h_fdr","Brachy_02h_Brachy_04h_log2_FC","Brachy_02h_Brachy_04h_Pvalue","Brachy_02h_Brachy_04h_fdr","Brachy_02h_Brachy_1d_log2_FC","Brachy_02h_Brachy_1d_Pvalue","Brachy_02h_Brachy_1d_fdr","Brachy_02h_Brachy_4d_log2_FC","Brachy_02h_Brachy_4d_Pvalue","Brachy_02h_Brachy_4d_fdr","Brachy_02h_Brachy_p5h_log2_FC","Brachy_02h_Brachy_p5h_Pvalue","Brachy_02h_Brachy_p5h_fdr","Brachy_04h_Brachy_1d_log2_FC","Brachy_04h_Brachy_1d_Pvalue","Brachy_04h_Brachy_1d_fdr","Brachy_04h_Brachy_4d_log2_FC","Brachy_04h_Brachy_4d_Pvalue","Brachy_04h_Brachy_4d_fdr","Brachy_04h_Brachy_p5h_log2_FC","Brachy_04h_Brachy_p5h_Pvalue","Brachy_04h_Brachy_p5h_fdr","Brachy_1d_Brachy_4d_log2_FC","Brachy_1d_Brachy_4d_Pvalue","Brachy_1d_Brachy_4d_fdr","Brachy_1d_Brachy_p5h_log2_FC","Brachy_1d_Brachy_p5h_Pvalue","Brachy_1d_Brachy_p5h_fdr","Brachy_4d_Brachy_p5h_log2_FC","Brachy_4d_Brachy_p5h_Pvalue","Brachy_4d_Brachy_p5h_fdr","Brachy_00h","Brachy_02h","Brachy_04h","Brachy_1d","Brachy_4d","Brachy_p5h","id2","HMDBID","KEGGID","Descrip","Kingdom","Super_class","Class","Sub_class","CAS","DTXSID","DTXCID","SID","CID","KEGG","ChEBI","Drugbank","Name","id"
"1","2-deoxyadenosine",0,0,0,0,0,0.212537627926172,0,0,0,0,0,0,0,0,0,0,0,0,0,0,0.0215060195576092,0.0349082761622566,0.0492904202300336,0.0184109174305583,"5.7584739348449","0.391002218955771","0.391002218955771","5.7584739348449","0.391002218955771","0.391002218955771","-5.7584739348449","0.391002218955771","0.391002218955771","5.7584739348449","0.391002218955771","0.391002218955771","0.757171212994766","0.706864618438391","0.706864618438391","NA","NA","0","NA","NA","0","NA","NA","0","-5.00130272185013","0.021844160127571","0.021844160127571","NA","NA","0","NA","NA","0","-5.00130272185013","0.021844160127571","0.021844160127571","NA","NA","0","-5.00130272185013","0.021844160127571","0.021844160127571","-5.00130272185013","0.021844160127571","0.021844160127571",0.053134406981543,0,0,0,0,0.0310289083451144,"2-deoxyadenosine",NA,NA,NA,NA,NA,NA,NA,NA,NA,NA,NA,NA,NA,NA,NA,NA,"2-deoxyadenosine"
"2","2-deoxyguanosine",0.000476530663573083,0.000274017864318246,0,0.000126100734153898,0.0324869904243048,0.0577853997808541,0.579714691248856,0.0369201606889576,1.73760401312565e-05,0,0,0,0,0.000164667286873972,0.000124284540484885,0.000114103369230409,0.000171347850173244,7.42323133985922e-05,0,0.00031561294037402,0.0315805869177135,0.0349860372893963,0.0544768337988621,0.0438739427117776,"7.46726401283686","0.280145872351944","0.280145872351944","7.33501259175171","0.280358230215011","0.280358230215011","-7.1876273070141","0.280619239298589","0.280619239298589","7.28410627189962","0.280445355900655","0.280445355900655","2.07334337956274","0.38787564931272","0.38787564931272","-0.132251421085143","0.0708446825101674","0.0708446825101674","0.279636705822752","0.126840914286096","0.126840914286096","-0.183157740937233","0.139859767357596","0.139859767357596","-5.39392063327411","0.00400110941270902","0.00400110941270902","0.147385284737609","0.340490278478621","0.340490278478621","-0.0509063198520902","0.630815990429216","0.630815990429216","-5.26166921218897","0.00402720841857717","0.00402720841857717","0.0964789648855191","0.548646701008532","0.548646701008532","-5.11428392745136","0.00405261638412952","0.00405261638412952","-5.21076289233688","0.00403538067039617","0.00403538067039617",0.176726810535743,4.34401003281411e-06,0.000100763799147316,0.000219162315511307,0.000140298275986464,0.0412293501794374,"2-deoxyguanosine",NA,NA,NA,NA,NA,NA,NA,NA,NA,NA,NA,NA,NA,NA,NA,NA,"2-deoxyguanosine"
"3","2-hydroxypyridine",0.146186716884641,0,0,0,0.0185904355838549,0.00228038644083922,0.013014520167692,0,0,0,0,0,0.0279356820234763,0,0,0,0,0,0,0.034577241440513,0.109085166615349,0,0,0,"3.24356787371495","0.150347366100341","0.150347366100341","0.246470517563752","0.864055912925661","0.864055912925661","1.98704553682089","0.499702519337861","0.499702519337861","-0.0261102048295238","0.986546453868639","0.986546453868639","-1.57769801944642","0.542746907094278","0.542746907094278","-2.9970973561512","0.391002218955771","0.391002218955771","5.23061341053584","0.391002218955771","0.391002218955771","-3.26967807854447","0.391002218955771","0.391002218955771","-4.82126589316137","0.391002218955771","0.391002218955771","2.23351605438464","0.481311069395616","0.481311069395616","-0.272580722393276","0.88633567443734","0.88633567443734","-1.82416853701017","0.51762824238097","0.51762824238097","1.96093533199137","0.506391199683638","0.506391199683638","0.409347517374475","0.8460676587494","0.8460676587494","-1.55158781461689","0.554217830601382","0.554217830601382",0.00847133554809653,0,0.00698392050586907,0.0365466792211603,0.00864431036012825,0.0272712916538372,"2-hydroxypyridine",NA,NA,NA,NA,NA,NA,NA,NA,NA,NA,NA,NA,NA,NA,NA,NA,"2-hydroxypyridine"
"4","3-methoxytyramine",0.00522107007312655,0.0072495403422627,0.0114404584889557,0.00978714824676838,0.00951657579502432,0.00970658048761892,0.00437329252884709,0.00315938226933512,0.00324543993272729,0.00367107677611632,0.00969875937024122,0.0172196294449359,0,0.00150662658011356,0.013563051173529,0.00569507994370416,0.00378076435814278,0.00701036416581045,0.0123190193534901,0.00874585600885269,0.0173645008273233,0.0219140928322776,0.0305020753236728,0.0101523737223725,"-0.298857881818925","0.653724742691819","0.653724742691819","0.312571455356869","0.686315183100125","0.686315183100125","0.29363633540268","0.45943806413896","0.45943806413896","-0.221354749507619","0.623499691761508","0.623499691761508","-1.44837892091489","0.0451212748732271","0.0451212748732271","0.611429337175793","0.492028321273327","0.492028321273327","-0.00522154641624467","0.992772219627864","0.992772219627864","0.0775031323113054","0.899877252194557","0.899877252194557","-1.14952103909596","0.0786369277990395","0.0786369277990395","0.606207790759549","0.385039200928242","0.385039200928242","-0.533926204864488","0.467896655790879","0.467896655790879","-1.76095037627176","0.0336317989308266","0.0336317989308266","0.0722815858950607","0.844792414536513","0.844792414536513","-1.15474258551221","0.0676511158673273","0.0676511158673273","-1.22702417140727","0.0596358397636873","0.0596358397636873",0.00668895777020636,0.00845872638100519,0.00519118942433667,0.00842455428777833,0.00796400097157401,0.0199832606764116,"3-methoxytyramine","HMDB0000022","C05587","belongs to the class of organic compounds known as methoxyphenols. Methoxyphenols are compounds containing a methoxy group attached to the benzene ring of a phenol moiety.","Organic compounds","Benzenoids","Phenols","Methoxyphenols","554-52-9",NA,NA,"223438743",NA,"C05587","  1582",NA,"3-Methoxytyramine","3-methoxytyramine"
"5","3-methyladenine",0.0149067502117893,0.00970383613662149,0.0117761120505073,0.0174874340406636,0.0345692251788995,0.0577953017795423,0.0341060721099655,0.0414773978076048,0.0200122859376064,0.0110759290814792,0.00942809722365819,0.0091067910108663,0.00557827824959521,0.00593113299358857,0.00634646287747613,0.0103531455106753,0.0235593219970728,0.0265361825180937,0.0229387701789332,0.46825744895054,0.0226060839623719,0.0264833825713141,0.0111732834697682,0.029818953546213,"1.68104569126629","0.0072041099278292","0.0072041099278292","2.41643565497979","0.00673661559881284","0.00673661559881284","-1.5709817421826","0.0105359543213892","0.0105359543213892","-1.66505594946193","0.462315005985298","0.462315005985298","0.869986220563622","0.0326543719140734","0.0326543719140734","0.735389963713497","0.127190893091557","0.127190893091557","0.110063949083695","0.744365772733909","0.744365772733909","-3.34610164072822","0.348907335981207","0.348907335981207","-0.811059470702668","0.0883940785898421","0.0883940785898421","0.845453912797192","0.0246734856480087","0.0246734856480087","-4.08149160444171","0.331463045443971","0.331463045443971","-1.54644943441616","0.0275502620923319","0.0275502620923319","-3.23603769164452","0.352454057533762","0.352454057533762","-0.700995521618973","0.108522527560171","0.108522527560171","2.53504217002555","0.384366817405609","0.384366817405609",0.041986999219003,0.0124057758134025,0.00705225490783379,0.0134685331098954,0.13532293091116,0.0225204258874168,"3-methyladenine","HMDB0011600",NA,NA,NA,NA,NA,NA,"5142-23-4","DTXSID80199406","DTXCID70121897","315759746"," 1673","C00913"," 38635","DB04104","3-Methyladenine","3-methyladenine"
"6","4-aminobutanoic acid",0.93863168254926,1.30898885852027,0.096394788523815,1.93503599913861,0.0697708316077116,1.17749848246507,0.0394892814513337,0.0291897403676266,0,0,0,0,0.0112005070340699,0.547204340736149,0.0633660153147294,2.29683720105188,0.0486326046173745,0.752588558683788,0.998469662721781,1.057335425219,0.371585393399723,1.64962897433837,0.0754253507923737,0.0959170012731047,"8.3662657468129","0.32905971537167","0.32905971537167","-1.14677490758883","0.540647651151287","0.540647651151287","1.69815750465632","0.175778370376153","0.175778370376153","-1.1160512729667","0.334051871472844","0.334051871472844","-0.734762291239715","0.657579100198237","0.657579100198237","-9.51304065440173","0.266753549837677","0.266753549837677","10.0644232514692","0.0687052475537837","0.0687052475537837","-9.4823170197796","0.053899504272366","0.053899504272366","-9.10102803805261","0.238336746412839","0.238336746412839","0.551382597067484","0.626363744654624","0.626363744654624","0.030723634622129","0.980206978969556","0.980206978969556","0.412012616349119","0.791550654762749","0.791550654762749","0.582106231689614","0.464408078096783","0.464408078096783","0.963395213416603","0.367782014510604","0.367782014510604","0.381288981726989","0.720796375158052","0.720796375158052",0.328987083972936,0,0.729652016034207,1.06976283218299,0.714256562810486,0.548139179950892,"4-aminobutanoic acid","HMDB0000112","C00334","belongs to the class of organic compounds known as gamma amino acids and derivatives. These are amino acids having a (-NH2) group attached to the gamma carbon atom.","Organic compounds","Organic acids and derivatives","Carboxylic acids and derivatives","Amino acids, peptides, and analogues","56-12-2","DTXSID6035106","DTXCID4015106","315677424","  119","C00334"," 16865","DB02530","4-Aminobutanoic acid","4-aminobutanoic acid"
"7","4-guanidinobutanoic acid",1.24599007409699,0.730074989628755,0.0643733855888044,0.891645417993146,2.32890127181438,0.146134287324034,0.210804341633464,0.0932970838160092,0.128439385668481,0.0688583248701373,0.995772776405865,3.05095608359053,0.00499623737782822,2.73625934004889,0.0805373103382769,1.18889429680701,4.0009022637685,1.88450777506561,4.8299106600864,2.06266620806258,8.74642178236043,0.0780948365350686,0.164070693322342,0.205455626919663,"-0.610080870798136","0.693997115460084","0.693997115460084","-0.528575661423702","0.726625451458429","0.726625451458429","0.0771812592724367","0.952019028342916","0.952019028342916","-2.19932829044593","0.0358117869034262","0.0358117869034262","-1.72461501351952","0.516341745240454","0.516341745240454","0.0815052093744338","0.952770244437162","0.952770244437162","-0.532899611525699","0.681591210396728","0.681591210396728","-1.58924741964779","0.0782397507571589","0.0782397507571589","-1.11453414272138","0.615871753525842","0.615871753525842","-0.451394402151265","0.714264766327759","0.714264766327759","-1.67075262902222","0.0645615185945352","0.0645615185945352","-1.19603935209582","0.598194265765921","0.598194265765921","-2.12214703117349","0.0365808771227835","0.0365808771227835","-1.64743375424708","0.520423857489077","0.520423857489077","0.474713276926408","0.714727929169256","0.714727929169256",0.694784246146971,1.06100664263375,1.002671796143,0.733020966826924,3.19449672674578,2.29851073478437,"4-guanidinobutanoic acid",NA,NA,NA,NA,NA,NA,NA,NA,NA,NA,NA,NA,NA,NA,NA,NA,"4-guanidinobutanoic acid"
"8","4-hydroxybenzoic acid",0,0,0,0.229014618170875,0.00653823867657087,0,0,0,0,0,0,0,0,0,0,0,0.0548103515325883,0,0.119665330300649,0,0.0395910203014842,0,0,0,"1.39756185513422","0.391002218955771","0.391002218955771","1.39756185513422","0.391002218955771","0.391002218955771","4.46671479982516","0.403039366519742","0.403039366519742","-4.08202184817419","0.236532120277925","0.236532120277925","-2.04839721189343","0.467628441464673","0.467628441464673","NA","NA","0","5.86427665495938","0.391002218955771","0.391002218955771","-5.47958370330841","0.222781873471979","0.222781873471979","-3.44595906702765","0.391002218955771","0.391002218955771","5.86427665495938","0.391002218955771","0.391002218955771","-5.47958370330841","0.222781873471979","0.222781873471979","-3.44595906702765","0.391002218955771","0.391002218955771","0.384692951650974","0.840649593773809","0.840649593773809","2.41831758793173","0.471655679239003","0.471655679239003","2.03362463628076","0.330054079783418","0.330054079783418",0.00163455966914272,0,0,0.0572536545427188,0.0436189204583094,0.00989775507537106,"4-hydroxybenzoic acid","HMDB0000500",NA,NA,NA,NA,NA,NA,"99-96-7","DTXSID3026647","DTXCID806647","315675580","  135","C00156"," 30763","DB04242","4-Hydroxybenzoic acid","4-hydroxybenzoic acid"
"9","4-imidazoleacetic acid",0.00462117621337605,0.00774600007238863,0.0273270410561035,0.00930950256323413,0.0019953423112196,0.00285065728383623,0.00243864307626817,0.000552816370775003,0.000417194192280626,0.00178378115216496,0.00349113834936635,0.0414235048095119,0.00368859901747975,0.00336326363335393,0.00564178897939931,0.00814937509973064,0.00711507103918356,0.118583831328754,0.642848326319677,0.0177264035256036,0.00365215006037779,0.00132266332291343,0.00387387379383601,0.0272028366333137,"-2.11040474361004","0.394631124654725","0.394631124654725","-1.06948151990221","0.0521694620200979","0.0521694620200979","2.16273418045702","0.137482269309964","0.137482269309964","-6.06092093383656","0.287507115399052","0.287507115399052","-1.75849769887811","0.331017062110615","0.331017062110615","1.04092322370783","0.555756461332335","0.555756461332335","0.0523294368469758","0.968036626759844","0.968036626759844","-3.95051619022652","0.308217884076285","0.308217884076285","0.351907044731929","0.82139574438517","0.82139574438517","1.0932526605548","0.26427154152329","0.26427154152329","-4.99143941393434","0.294142125029975","0.294142125029975","-0.689016178975898","0.580002973666508","0.580002973666508","-3.89818675337954","0.309103116181036","0.309103116181036","0.404236481578905","0.698544037814802","0.698544037814802","4.30242323495844","0.302165390072493","0.302165390072493",0.00195936476052475,0.011778904625831,0.00521075668249091,0.0122509299762756,0.196568408053305,0.00901288095261024,"4-imidazoleacetic acid",NA,NA,NA,NA,NA,NA,NA,NA,NA,NA,NA,NA,NA,NA,NA,NA,"4-imidazoleacetic acid"
"10","4-pyridoxic acid",0.00569931945697934,0.00904398142365583,0.00806160775709586,0.00775107906948888,0.0173133910124303,0.25249660280139,0.0153559051025409,0.115937917533561,0.00835397763233279,0.00827893404143714,0.00901176025951281,0.0087841802863713,0,0.00593563831938932,0.00495035358976666,0.0103527590482249,0.0139380127039341,0.234836313983804,0.0211612272179316,0.224347470627324,0.0145676389845769,0.0151465705343668,0.0090843396871423,0.0175684973286939,"3.39802988438552","0.199622482772199","0.199622482772199","4.00457925705399","0.18793534275175","0.18793534275175","-3.55128405546017","0.196114323598817","0.196114323598817","-0.298673748636759","0.788331473884201","0.788331473884201","2.74645855264383","0.220856004372803","0.220856004372803","0.606549372668475","0.218377165752823","0.218377165752823","-0.153254171074649","0.264359757430061","0.264359757430061","-3.69670363302228","0.157245949164032","0.157245949164032","-0.651571331741682","0.0541926367406727","0.0541926367406727","0.453295201593827","0.361845315271988","0.361845315271988","-4.30325300569075","0.149075616693689","0.149075616693689","-1.25812070441016","0.0203082932880588","0.0203082932880588","-3.84995780409692","0.154804606553625","0.154804606553625","-0.804825502816331","0.0295673003835431","0.0295673003835431","3.04513230128059","0.171892330052146","0.171892330052146",0.100275954112481,0.00860721305491351,0.00530968773934521,0.00763899692680498,0.123570756133248,0.014091761633695,"4-pyridoxic acid","HMDB0000017","C00847","belongs to the class of organic compounds known as pyridinecarboxylic acids. Pyridinecarboxylic acids are compounds containing a pyridine ring bearing a carboxylic acid group.","Organic compounds","Organoheterocyclic compounds","Pyridines and derivatives","Pyridinecarboxylic acids and derivatives","82-82-6",NA,NA,"  8144151",NA,"C00847"," 17405",NA,"4-Pyridoxic acid","4-pyridoxic acid"
"11","4-quinolinecarboxylic acid",0.00502942072648326,0.00390258543318413,0.00338966482723455,0.00317988866942335,0.00907487925139169,0.00507940743921835,0.011747214220523,0.00260751402385539,0.00580441006854781,0.00155662673943126,0.00796123982559518,0.00203064538341691,0,0.00816078677105825,0.00365929877064151,0.00281117394386505,0,0,0,0,0.00797124051869276,0.00270145017239717,0.00327166286910296,0.00421592910360214,"0.606406333811221","0.319211735825971","0.319211735825971","0.803114636450281","0.239543372675677","0.239543372675677","-0.737250331635945","0.208695771921609","0.208695771921609","3.02276793606057","0.0394789811251771","0.0394789811251771","0.552863557482199","0.323966554770305","0.323966554770305","0.19670830263906","0.776104487763059","0.776104487763059","-0.130843997824724","0.787881436985565","0.787881436985565","2.41636160224934","0.0665708000945089","0.0665708000945089","-0.0535427763290219","0.92077559899808","0.92077559899808","0.0658643048143364","0.907727803019265","0.907727803019265","2.21965329961028","0.119436401888888","0.119436401888888","-0.250251078968082","0.685987269703413","0.685987269703413","2.28551760442462","0.00257366915965176","0.00257366915965176","-0.184386774153746","0.626564969064586","0.626564969064586","-2.46990437857837","0.0313734310828923","0.0313734310828923",0.00712725373374712,0.00433823050424779,0.0036578148713912,0.00387538991408132,0,0.00454007066594875,"4-quinolinecarboxylic acid",NA,NA,NA,NA,NA,NA,NA,NA,NA,NA,NA,NA,NA,NA,NA,NA,"4-quinolinecarboxylic acid"
"12","5-deoxyadenosine",0.317030786067971,0.00375013404377704,0.012148223386364,0.138987639638967,0,0,0,0,0.0106650496709196,0.0225099812979181,0.263100680474503,0.0335915284810442,0,0,0,0,0,0.00101938040981519,0,0,0,0,0,0.00333031637362009,"-6.38313072846674","0.265466829453637","0.265466829453637","NA","NA","0","6.89456552160386","0.205442671189815","0.205442671189815","-0.327509289503775","0.391002218955771","0.391002218955771","-0.8738754658629","0.391002218955771","0.391002218955771","6.38313072846674","0.265466829453637","0.265466829453637","0.511434793137119","0.721575745114309","0.721575745114309","6.05562143896297","0.266649781701026","0.266649781701026","5.50925526260384","0.269355658535062","0.269355658535062","6.89456552160386","0.205442671189815","0.205442671189815","-0.327509289503775","0.391002218955771","0.391002218955771","-0.8738754658629","0.391002218955771","0.391002218955771","6.56705623210009","0.206179175025659","0.206179175025659","6.02069005574096","0.20785905155388","0.20785905155388","-0.546366176359125","0.547504076165428","0.547504076165428",0,0.0824668099810963,0,0.11797919578427,0.000254845102453797,0.000832579093405023,"5-deoxyadenosine",NA,NA,NA,NA,NA,NA,NA,NA,NA,NA,NA,NA,NA,NA,NA,NA,"5-deoxyadenosine"
"13","5-methylcytosine",0.0875017294323883,0.58062718314646,0.0472706572072535,0.0620614280338921,0.0555975892326419,0.0381473188967211,0.0354114807542954,0.0366279249179281,0.10909291664514,0.101549104282557,0.0884474835862315,0.0554113790412066,0.000120675374256522,0.0621372309372703,0.0354173339786286,0.0608509413520481,0.727238391839772,0.677119010346599,0.517029088059514,0.675103726552197,0.0218995948539873,0.0272216276612537,0.01389008989325,0.452784996793526,"-1.07827349863868","0.0215751494330009","0.0215751494330009","0.0630310326682514","0.911815825740879","0.911815825740879","2.20247069517182","0.321328024005055","0.321328024005055","-3.93700852939108","0.000834747317144032","0.000834747317144032","-1.61424321409959","0.477227179720204","0.477227179720204","1.14130453130693","0.0415517564014017","0.0415517564014017","1.12419719653314","0.473303906343228","0.473303906343228","-2.8587350307524","0.000686953984160478","0.000686953984160478","-0.535969715460905","0.734610008689425","0.734610008689425","2.26550172784007","0.317130371151276","0.317130371151276","-4.00003956205933","0.00040127792087134","0.00040127792087134","-1.67727424676784","0.470489812956561","0.470489812956561","-1.73453783421926","0.032416908134652","0.032416908134652","0.588227481072233","0.711239157346108","0.711239157346108","2.32276531529149","0.0111115192354432","0.0111115192354432",0.0414460784503966,0.0886252208887839,0.0396315454105509,0.194365249454998,0.64912255419952,0.128949077300504,"5-methylcytosine","HMDB0002894","C02376","belongs to the class of organic compounds known as hydroxypyrimidines. These are organic compounds containing a hydroxyl group attached to a pyrimidine ring. Pyrimidine is a 6-membered ring consisting of four carbon atoms and two nitrogen centers at the 1- and 3- ring positions.","Organic compounds","Organoheterocyclic compounds","Diazines","Pyrimidines and pyrimidine derivatives","554-01-8","DTXSID50203948","DTXCID80126439","315764278","65040","C02376"," 27551",NA,"5-Methylcytosine","5-methylcytosine"
"14","5-methylthioadenosine",0.301430212485843,0.0138544169638763,0.00910888855283689,0.0219769916026292,3.19632983698705,1.66205227076596,1.45722353648291,1.40876095809647,0.003207252577564,0.00942782464274677,0.0337838048842634,0.0305725434381939,0,0,0,0,0.566340270883924,0.00119547073575814,0.0507261002296732,0.268192329887497,1.26231880902485,0.0408377450935693,0.0630229297938144,0.113859896399821,"6.57625054133874","0.020529510577786","0.020529510577786","10.915947816054","0.0200022933071041","0.0200022933071041","-4.46321027667357","0.0209930368018286","0.0209930368018286","3.11755026302573","0.0229401112753105","0.0229401112753105","2.3806341557222","0.0272989110349415","0.0272989110349415","4.33969727471526","0.085250127610105","0.085250127610105","2.11304026466517","0.417596240354221","0.417596240354221","-3.45870027831301","0.213919724449715","0.213919724449715","-4.19561638561653","0.323858622977257","0.323858622977257","6.45273753938042","0.313471967267648","0.313471967267648","-7.79839755302827","0.183582249583832","0.183582249583832","-8.53531366033179","0.302368513354284","0.302368513354284","-1.34566001364784","0.403984370588829","0.403984370588829","-2.08257612095136","0.416625182454423","0.416625182454423","-0.736916107303522","0.670682671874007","0.670682671874007",1.9310916505831,0.019247856385692,0,0.0865926274012962,0.221613542934213,0.370009845078014,"5-methylthioadenosine",NA,NA,NA,NA,NA,NA,NA,NA,NA,NA,NA,NA,NA,NA,NA,NA,"5-methylthioadenosine"
"15","acetylcholine",0,0,0.00457274054777753,0.00234015807538683,0,0,0,0,0,0,0,0,0.0916428522250076,0,0,0,6.77599397632757e-06,0.000131911206544975,0.0126070356010134,0.133741509676433,0,0,0,0,"NA","NA","0","-4.57958524908493","0.391002218955771","0.391002218955771","1.44796244804644","0.213222685847231","0.213222685847231","-5.23349728192867","0.341908377771897","0.341908377771897","NA","NA","0","-4.57958524908493","0.391002218955771","0.391002218955771","1.44796244804644","0.213222685847231","0.213222685847231","-5.23349728192867","0.341908377771897","0.341908377771897","NA","NA","0","-3.13162280103848","0.423572866314474","0.423572866314474","-0.653912032843739","0.743323534165373","0.743323534165373","4.57958524908493","0.391002218955771","0.391002218955771","-3.78553483388222","0.361828215272355","0.361828215272355","1.44796244804644","0.213222685847231","0.213222685847231","5.23349728192867","0.341908377771897","0.341908377771897",0,0,0.0229107130562519,0.00172822465579109,0.0366218081194919,0,"acetylcholine","HMDB0000895",NA,NA,NA,NA,NA,NA,"51-84-3","DTXSID8075334","DTXCID6040951","315703258","  187","C01996"," 15355","DB03128","Acetylcholine","acetylcholine"
"16","adenine",23.9420976082444,26.199291151097,44.8679976577671,24.6357377547316,27.6508091971884,27.8581031688616,36.0974377994052,20.9773245844385,16.7576360572205,20.881697219057,21.5407772382227,48.0331843175393,0,19.9431268311385,20.4929011046569,36.7750592824192,22.9183127814298,18.4006538438163,35.1121311352746,19.4453046546861,43.4848203050183,23.6962267275603,24.4766957419525,32.0098494438453,"0.0705112602231097","0.871464690260199","0.871464690260199","0.544094229316061","0.338464133344619","0.338464133344619","0.0877609357465102","0.776341223970817","0.776341223970817","0.231741031501114","0.430779155327122","0.430779155327122","-0.135465245773026","0.636904556117237","0.636904556117237","0.473582969092951","0.497365373015979","0.497365373015979","0.15827219596962","0.735502452271731","0.735502452271731","0.161229771278004","0.742465982224983","0.742465982224983","-0.205976505996136","0.648472649157469","0.648472649157469","0.631855165062571","0.29132833144608","0.29132833144608","-0.312353197814947","0.607224286134834","0.607224286134834","-0.679559475089087","0.245233171434931","0.245233171434931","0.319501967247624","0.384987566686861","0.384987566686861","-0.0477043100265159","0.887195506216673","0.887195506216673","-0.36720627727414","0.290931418033877","0.290931418033877",28.1459186874734,26.8033237080099,19.3027718045536,29.91128104296,23.9691006038017,30.9168980545941,"adenine","HMDB0000034","C00147","belongs to the class of organic compounds known as 6-aminopurines. These are purines that carry an amino group at position 6. Purine is a bicyclic aromatic compound made up of a pyrimidine ring fused to an imidazole ring.","Organic compounds","Organoheterocyclic compounds","Imidazopyrimidines","Purines and purine derivatives","73-24-5","DTXSID6022557","DTXCID502557","315673252","  190","C00147"," 16708","DB00173","Adenine","adenine"
"17","adenosine",2.26531628955884,1.60698351441898,1.64261932831714,2.06682761547521,0,2.47181318398208,0,0.309963442779131,0,0,0,0.769911774835421,0,3.02151670530088,1.55764410692468,3.25132530101872,0.88643879176704,0,0.15231489484038,0,8.7768645673874,0,2.05775032294395,8.91982736145576,"1.8478385672098","0.47174655405424","0.47174655405424","-1.49175906495179","0.23916663271904","0.23916663271904","1.44521162538655","0.135714715638627","0.135714715638627","1.41768116946334","0.531549829103125","0.531549829103125","-2.82631772247374","0.160653587459105","0.160653587459105","-3.33959763216159","0.0975018427400985","0.0975018427400985","3.29305019259635","0.000571582473278192","0.000571582473278192","-0.430157397746462","0.822291011641009","0.822291011641009","-4.67415628968354","0.130269642865798","0.130269642865798","-0.0465474395652407","0.940302467297355","0.940302467297355","2.90944023441513","0.105998499226105","0.105998499226105","-1.33455865752194","0.291059849300243","0.291059849300243","2.86289279484989","0.0011027473784485","0.0011027473784485","-1.38110609708719","0.277110694553077","0.277110694553077","-4.24399889193707","0.133938034231205","0.133938034231205",0.695444156690304,0.192477943708855,1.95762152831107,1.89543668694254,0.259688421651855,4.93861056294678,"adenosine","HMDB0000050",NA,NA,NA,NA,NA,NA,"58-61-7","DTXSID1022558","DTXCID902558","315673253","60961","C00212"," 16335","DB00640","Adenosine","adenosine"
"18","alpha-hydroxyisobutyric acid",0,0,0.000245720911911873,0,0.000692659548381286,6.0567123787686e-05,0,0,0,0,0,0,0.000186822981899308,0,8.33640780308519e-05,0,1.17573915562191e-05,0,5.21914145203885e-05,5.77992213381037e-05,0,0.000368505683052073,0,0,"0.248907202611533","0.345734066551429","0.345734066551429","0.154607932643395","0.532984353921101","0.532984353921101","-0.162897662323012","0.52090775352728","0.52090775352728","0.205650890531654","0.419064834544364","0.419064834544364","0.12176733531783","0.639648146309952","0.639648146309952","-0.0942992699681377","0.225118953803335","0.225118953803335","0.0860095402885209","0.391002218955771","0.391002218955771","-0.0432563120798785","0.125380923476324","0.125380923476324","-0.127139867293703","0.391002218955771","0.391002218955771","-0.00828972967961665","0.938534511748787","0.938534511748787","0.0510429578882591","0.47499544275797","0.47499544275797","-0.0328405973255657","0.821004579037759","0.821004579037759","0.0427532282086424","0.653882498692498","0.653882498692498","-0.0411303270051824","0.792242723984583","0.792242723984583","-0.0838835552138248","0.553491530329065","0.553491530329065",0.000188306668042243,0,6.754676498254e-05,6.14302279779682e-05,3.04370068536778e-05,9.21264207630183e-05,"alpha-hydroxyisobutyric acid",NA,NA,NA,NA,NA,NA,NA,NA,NA,NA,NA,NA,NA,NA,NA,NA,"alpha-hydroxyisobutyric acid"
"19","an hydroxycinnamic acid",0.0233054456299113,0.0140578451264309,0.0059336671339309,0.0397535993304832,0.0387051186401877,0.0181462301119232,0.0151842925762428,0.017073634716282,0,0,0,0,0,0.00405174884821713,0.00600824807291456,0.0142436255385657,0.00968008835730531,0.00868878646052268,0.00949738646041336,0.0171131204894193,0.0165907594783764,0.0124043373490512,0.00607790795547158,0.0191000264414684,"4.54085299883636","0.0272338744406103","0.0272338744406103","1.71793819470125","0.0529807075030177","0.0529807075030177","-0.0970713711840616","0.87381582673664","0.87381582673664","0.926750340058517","0.137104711762933","0.137104711762933","0.678574423258712","0.224298714808664","0.224298714808664","-2.82291480413511","0.135626470652808","0.135626470652808","4.44378162765229","0.064522200070325","0.064522200070325","-3.61410265877784","0.0106341341158776","0.0106341341158776","-3.86227857557764","0.0176165353515689","0.0176165353515689","1.62086682351719","0.134842729603327","0.134842729603327","-0.791187854642734","0.206908675258151","0.206908675258151","-1.03936377144254","0.120903884047943","0.120903884047943","0.829678968874456","0.284538510244094","0.284538510244094","0.58150305207465","0.408024764867677","0.408024764867677","-0.248175916799806","0.534153404647928","0.534153404647928",0.0222773190111589,0,0.00607590561492434,0.0207626393051891,0.0112448454419152,0.0135432578060919,"an hydroxycinnamic acid",NA,NA,NA,NA,NA,NA,NA,NA,NA,NA,NA,NA,NA,NA,NA,NA,"an hydroxycinnamic acid"
"20","azelaic acid and unresolvable, unidentified isomers",0.00296657044964542,0.00401993010800928,0,0.0927462614480734,0.00523138135122445,0.00144224302590936,0,0,0.00431969334988767,0.0122061532329547,0.00920234920590424,0,0,0.00298116506691656,0.00269754749066192,0.00773061143343548,0.00461323405682109,0.00479800500807805,0,0.00707782455811437,0,0,0,0,"-1.47778176194072","0.179293836954045","0.179293836954045","-0.705810037361733","0.439846366081754","0.439846366081754","3.28074956214173","0.379599586129394","0.379599586129394","-0.940803906349318","0.25229802480826","0.25229802480826","1.41597824134482","0.2696821262756","0.2696821262756","0.771971724578988","0.371700102904353","0.371700102904353","1.80296780020101","0.474656528177654","0.474656528177654","0.536977855591403","0.488301341002298","0.488301341002298","2.89376000328554","0.0966637909012381","0.0966637909012381","2.57493952477999","0.410846417649263","0.410846417649263","-0.234993868987584","0.736918216895633","0.736918216895633","2.12178827870655","0.128192181612699","0.128192181612699","2.33994565579241","0.42577638289359","0.42577638289359","4.69672780348655","0.350846156896","0.350846156896","2.35678214769414","0.0691138642728869","0.0691138642728869",0.00166840609428345,0.00643204894718665,0.00335233099775349,0.024933190501432,0.00412226590575338,0,"azelaic acid and unresolvable, unidentified isomers",NA,NA,NA,NA,NA,NA,NA,NA,NA,NA,NA,NA,NA,NA,NA,NA,"azelaic acid and unresolvable, unidentified isomers"
"21","betaine",42.083080735845,38.8853103489602,15.3147691948625,40.1269006999717,8.77175624229211,7.34810916230809,0,35.9746752870824,61.630248970413,52.7590915099104,40.9344864383482,18.0156845935303,54.212897507825,53.3089591284203,59.7950596480911,28.1533822796947,46.4017582841799,48.0249189545307,20.1421650765624,42.5981507779566,0,0,0,0,"-1.73431896796364","0.0501719809756845","0.0501719809756845","-1.90766406343721","0.0150009969687507","0.0150009969687507","1.38867749136521","0.0840605501461748","0.0840605501461748","-1.59302011610088","0.043608756462143","0.043608756462143","13.6689553419504","0.197292448731784","0.197292448731784","-0.173345095473571","0.65664846004914","0.65664846004914","-0.34564147659843","0.451467902901175","0.451467902901175","0.141298851862759","0.737710132385834","0.737710132385834","15.403274309914","0.0194442620198357","0.0194442620198357","-0.518986572072001","0.17000326856185","0.17000326856185","0.31464394733633","0.356356545407904","0.356356545407904","15.5766194053876","0.00616206886099772","0.00616206886099772","-0.204342624735671","0.586755564335868","0.586755564335868","15.0576328333156","0.0123489914641471","0.0123489914641471","15.2619754580513","0.00901611050139424","0.00901611050139424",13.0236351729207,43.3348778780505,48.8675746410078,34.1025152449099,39.2917482733074,0,"betaine","HMDB0000043","","belongs to the class of organic compounds known as alpha amino acids. These are amino acids in which the amino group is attached to the carbon atom immediately adjacent to the carboxylate group (alpha carbon).","Organic compounds","Organic acids and derivatives","Carboxylic acids and derivatives","Amino acids, peptides, and analogues",NA,NA,NA," 26697202",NA,NA," 41139","DB04455","Betaine","betaine"
"22","bis(3-aminopropyl)amine",0.365467637245541,0.616776696396111,0,0,2.60851792115322,2.13198678886797,0.0214250998854383,0,0,0,0,0.363879713291095,0.612149347482929,0,1.67273470964171,2.36823368976545,0,0,0,0.428513279540906,0.221446345979167,3.85831466464992,0,0,"3.69545167816603","0.208277473763768","0.208277473763768","0.0333203458528567","0.976090572570321","0.976090572570321","-2.27274069301831","0.264916450988414","0.264916450988414","3.46194137054151","0.213476258895043","0.213476258895043","0.222859264974819","0.889421488368695","0.889421488368695","-3.66213133231317","0.134925270494645","0.134925270494645","1.42271098514772","0.420716890396225","0.420716890396225","-0.233510307624521","0.912313882100207","0.912313882100207","-3.47259241319121","0.399910180258357","0.399910180258357","-2.23942034716546","0.181534749528132","0.181534749528132","3.42862102468865","0.138755244756656","0.138755244756656","0.189538919121962","0.90041200698087","0.90041200698087","1.1892006775232","0.485405139897423","0.485405139897423","-2.04988142804349","0.476067053753322","0.476067053753322","-3.23908210556669","0.407470546177496","0.407470546177496",1.19048245247666,0.0909699283227738,1.16327943672252,0.245561083410413,0.107128319885226,1.01994025265727,"bis(3-aminopropyl)amine",NA,NA,NA,NA,NA,NA,NA,NA,NA,NA,NA,NA,NA,NA,NA,NA,"bis(3-aminopropyl)amine"
"23","caffeic acid",0,0,0,0,0,0,0,0,0,0,0,0,0.0125404650883144,0,0,0.120527331776168,0,0,0,0,0,0,0,0,"NA","NA","0","-5.09874584943212","0.337830755755243","0.337830755755243","NA","NA","0","NA","NA","0","NA","NA","0","-5.09874584943212","0.337830755755243","0.337830755755243","NA","NA","0","NA","NA","0","NA","NA","0","-5.09874584943212","0.337830755755243","0.337830755755243","5.09874584943212","0.337830755755243","0.337830755755243","5.09874584943212","0.337830755755243","0.337830755755243","NA","NA","0","NA","NA","0","NA","NA","0",0,0,0.0332669492161207,0,0,0,"caffeic acid","HMDB0003501",NA,NA,NA,NA,NA,NA,"331-39-5","DTXSID5020231","DTXCID10231","315671222"," 2518","C01481"," 17395","DB01880","Caffeic acid","caffeic acid"
"24","carnitine",0,0,0,0,0,0,0,0,0,0,0,0,0.831766492493378,0,0,0,0.00158532319165628,0,0,0,0,0,0,0,"NA","NA","0","-7.70695610914016","0.391002218955771","0.391002218955771","NA","NA","0","-0.481640763879471","0.391002218955771","0.391002218955771","NA","NA","0","-7.70695610914016","0.391002218955771","0.391002218955771","NA","NA","0","-0.481640763879471","0.391002218955771","0.391002218955771","NA","NA","0","-7.70695610914016","0.391002218955771","0.391002218955771","7.22531534526069","0.391791350680456","0.391791350680456","7.70695610914016","0.391002218955771","0.391002218955771","-0.481640763879471","0.391002218955771","0.391002218955771","NA","NA","0","0.481640763879471","0.391002218955771","0.391002218955771",0,0,0.207941623123345,0,0.00039633079791407,0,"carnitine",NA,NA,NA,NA,NA,NA,NA,NA,NA,NA,NA,NA,NA,NA,NA,NA,"carnitine"
"25","choline o-sulfuric acid",0,0,0,0,0.191273003519166,0.0004618565842024,0,0.00189651176733645,0.00915005966250369,0.0038366415018049,0.00542563592200185,0,0.0039451271891444,0,0,0,0,0,0,0,0,0.0129109741116868,0.00948544798378428,0.0219433564775564,"3.1404469761427","0.425635528796801","0.425635528796801","4.63659785224865","0.392790452280321","0.392790452280321","-5.62666816731384","0.38424739961903","0.38424739961903","5.62666816731384","0.38424739961903","0.38424739961903","2.03152920776996","0.491254155181075","0.491254155181075","1.49615087610595","0.157624803271361","0.157624803271361","-2.48622119117114","0.0934904126761136","0.0934904126761136","2.48622119117114","0.0934904126761136","0.0934904126761136","-1.10891776837274","0.257324102551641","0.257324102551641","-0.990070315065189","0.391002218955771","0.391002218955771","0.990070315065189","0.391002218955771","0.391002218955771","-2.60506864447869","0.109966912588244","0.109966912588244","NA","NA","0","-3.59513895954388","0.092096254999231","0.092096254999231","-3.59513895954388","0.092096254999231","0.092096254999231",0.0484078429676763,0.00460308427157761,0.000986281797286099,0,0,0.0110849446432569,"choline o-sulfuric acid",NA,NA,NA,NA,NA,NA,NA,NA,NA,NA,NA,NA,NA,NA,NA,NA,"choline o-sulfuric acid"
"26","cytosine",0,0.10002338402231,0,0,0,0,0.535462864711331,0,0,0,0,0,2.67029464856989,0,0,0,0.939358906790532,0.420106620726899,0.353252830209271,0.54447588632098,0,0.0267619918182639,0,0,"7.07537984134947","0.391002218955771","0.391002218955771","-2.30956287082766","0.486398842736714","0.486398842736714","-2.37461577493068","0.479012709539765","0.479012709539765","-2.06748937299047","0.0613839272456426","0.0613839272456426","4.13230282660521","0.412388190451296","0.412388190451296","-9.38494271217714","0.391002218955771","0.391002218955771","4.70076406641879","0.391002218955771","0.391002218955771","-9.14286921433995","0.0231003369494791","0.0231003369494791","-2.94307701474426","0.391002218955771","0.391002218955771","-4.68417864575835","0.406892359375379","0.406892359375379","0.242073497837187","0.888333198192035","0.888333198192035","6.44186569743287","0.395174628592968","0.395174628592968","-4.44210514792116","0.0238984212946012","0.0238984212946012","1.75768705167453","0.5243350778583","0.5243350778583","6.19979219959568","0.02368025938","0.02368025938",0.133865716177833,0,0.667573662142471,0.0250058460055774,0.56429856101192,0.00669049795456598,"cytosine","HMDB0000630",NA,NA,NA,NA,NA,NA,"71-30-7","DTXSID4044456","DTXCID2024456","315680409","  597","C00380"," 16040",NA,"Cytosine","cytosine"
"27","deoxycarnitine",0.000735995375663325,0.000652494781525621,0.000943618667293089,0.000669197632337144,0.00353176638049849,0.00268008290900159,0.00460241802528044,0.0021918264229631,0,0,0,0,0.000144340556560975,0.000490486528147612,0.000512033088737447,0.000705181910262103,0.00274056869365537,0.00208625910205486,0.00387122360136656,0.0024607804903707,0.00547181827345991,0.000924105622179842,0.00267527995794498,0.00198403690799552,"2.08797989007018","0.00864428794815132","0.00864428794815132","1.53903974572387","0.0112436855248642","0.0112436855248642","-1.28035573331145","0.0170318009722152","0.0170318009722152","0.165893208897791","0.508805518072892","0.508805518072892","0.175786015532021","0.679127464400201","0.679127464400201","-0.548940144346312","0.0285955522614203","0.0285955522614203","0.80762415675873","0.00152005630892249","0.00152005630892249","-1.92208668117239","0.00540652924866051","0.00540652924866051","-1.91219387453816","0.0654367831575131","0.0654367831575131","0.258684012412418","0.0882586644904404","0.0882586644904404","-1.37314653682608","0.0063555233723642","0.0063555233723642","-1.36325373019185","0.0978112443806192","0.0978112443806192","-1.11446252441366","0.0117657143794075","0.0117657143794075","-1.10456971777943","0.129770453523787","0.129770453523787","0.00989280663423001","0.981442491177971","0.981442491177971",0.0032515234344359,0,0.000463010520927034,0.000750326614204795,0.00278970797186187,0.00276381019039506,"deoxycarnitine",NA,NA,NA,NA,NA,NA,NA,NA,NA,NA,NA,NA,NA,NA,NA,NA,"deoxycarnitine"
"28","deoxycytidine",0.0347358011916902,0.57026820412153,1.36765114764576,0.0726323266122827,0.0324331551761101,0.0169096836655111,0.0129466802367793,0.00811183578915044,0.222094707921721,0.00810768622468921,0,1.50506790767495,0,0.012122726834637,0.0399533291445795,0.0666621880352426,0.0283318404391649,0.0330923012476424,1.88210263864323,0.652530469206943,0.039498768542402,0.0355235969426066,0.0152519547468974,0.0143400744145852,"-4.54700945717724","0.332204579197772","0.332204579197772","-0.72218404992853","0.489730775778108","0.489730775778108","4.78364968005446","0.209952425693717","0.209952425693717","-5.12707068604155","0.243715714727436","0.243715714727436","-0.545814517403654","0.352276019471408","0.352276019471408","3.82482540724871","0.344318853680362","0.344318853680362","0.236640222877222","0.876101452257227","0.876101452257227","-0.580061228864317","0.717429090074207","0.717429090074207","4.00119493977358","0.34068054727371","0.34068054727371","4.06146563012593","0.218564059921496","0.218564059921496","-4.40488663611302","0.250905365177748","0.250905365177748","0.176369532524876","0.838726203125955","0.838726203125955","-0.343421005987095","0.806573158803697","0.806573158803697","4.2378351626508","0.216010026913522","0.216010026913522","4.5812561686379","0.248771396623436","0.248771396623436",0.0176003387168877,0.43381757545534,0.0296845610036148,0.511321869892817,0.649014312384246,0.0261535986616228,"deoxycytidine","HMDB0000014","C00881","belongs to the class of organic compounds known as pyrimidine 2'-deoxyribonucleosides. Pyrimidine 2'-deoxyribonucleosides are compounds consisting of a pyrimidine linked to a ribose which lacks a hydroxyl group at position 2.","Organic compounds","Nucleosides, nucleotides, and analogues","Pyrimidine nucleosides","Pyrimidine 2'-deoxyribonucleosides","951-77-9",NA,NA,"  8145772",NA,"C00881"," 15698","DB02594","Deoxycytidine","deoxycytidine"
"29","dethiobiotin",0.00576409602638233,0.00816181240739058,0.00594942850031212,0.00777541307803325,0.066317158403938,0.0604388680812078,0.0321694303972055,0.0322440147179181,0,0,0,0,0,0,0.00146771179647372,0.00029995672095392,0.19423874342797,0,0.199508571237511,0,0.0220220096559698,0.0138442748376001,0.0130373802428551,0.0348765764207022,"5.6085835940314","0.0133552755123264","0.0133552755123264","5.08059534242172","0.0136296885072151","0.0136296885072151","-2.62441581225682","0.0201807265145398","0.0201807265145398","-1.02712478618181","0.440870381113108","0.440870381113108","1.15275926545008","0.0522449239697141","0.0522449239697141","-0.527988251609679","0.295000440231595","0.295000440231595","2.98416778177457","0.00151618016655189","0.00151618016655189","-6.6357083802132","0.181747126156848","0.181747126156848","-4.45582432858131","0.0257030258491998","0.0257030258491998","2.45617953016489","0.000343499630368613","0.000343499630368613","-6.10772012860352","0.183181949729326","0.183181949729326","-3.92783607697163","0.0268737102649325","0.0268737102649325","-3.65154059843863","0.205748250630528","0.205748250630528","-1.47165654680674","0.0685586887732744","0.0685586887732744","2.17988405163189","0.266291178948126","0.266291178948126",0.0477923679000674,0,0.00044191712935691,0.00691268750302957,0.0984368286663701,0.0209450602892818,"dethiobiotin","HMDB0003581","C01909","belongs to the class of organic compounds known as medium-chain fatty acids. These are fatty acids with an aliphatic tail that contains between 4 and 12 carbon atoms.","Organic compounds","Lipids and lipid-like molecules","Fatty Acyls","Fatty acids and conjugates","533-48-2",NA,NA," 26697261",NA,"C01909"," 42280","DB03775","Dethiobiotin","dethiobiotin"
"30","dihexose(s)",0.00802135046816527,0.0114251393227381,0.00100077093814845,0.0260012103159474,0,0.790265363452465,7.14140298171319e-05,0.0463898552952484,0.000672904924406703,0.00774157874067423,0,0,0.0135950313424523,0.0238007998727455,0.0228399359307621,0.00780058500630561,0.0737991420582148,0,0,0,0,32.4802558311075,46.5306864116777,0,"6.08154061166322","0.364067219620328","0.364067219620328","3.54483974433471","0.394950073731295","0.394950073731295","-4.05875432495806","0.383521545487005","0.383521545487005","3.43381062505468","0.398729971679295","0.398729971679295","-6.55434491601057","0.195102731018715","0.195102731018715","-2.53670086732852","0.0218213449081734","0.0218213449081734","2.02278628670517","0.168884359456439","0.168884359456439","-2.64772998660855","0.44179794042867","0.44179794042867","-12.6358855276738","0.191633547265956","0.191633547265956","-0.513914580623351","0.441912718962142","0.441912718962142","-0.111029119280028","0.94351427895075","0.94351427895075","-10.0991846603453","0.191881222139313","0.191881222139313","-0.624943699903378","0.742058618788492","0.742058618788492","-10.6130992409686","0.191791499961085","0.191791499961085","-9.98815554106525","0.19190513819179","0.19190513819179",0.209181658194383,0.00210362091627023,0.0170090880380664,0.0116121177612498,0.0184497855145537,19.7527355606963,"dihexose(s)",NA,NA,NA,NA,NA,NA,NA,NA,NA,NA,NA,NA,NA,NA,NA,NA,"dihexose(s)"
"31","ferulic acid",0.0127669410627053,0.0141282074664017,0.00306070620638456,0.0205833244742711,0.00796419519498908,0.00467053076200062,0.00351369899029828,0.00387536004939356,0,0.000261121187562928,0.00170361112643193,0,0.000218995683577498,0.00178799143461692,0.00932341346843515,0.00355212447723977,0.00269081114159597,0.000627581929246938,0.00233707741794237,0.00263781472761524,0.00141365662933831,0.00300470615045201,0.00095883830900921,0.00500781103170229,"2.00993416948193","0.0149485984244472","0.0149485984244472","0.347411766661296","0.592510747134109","0.592510747134109","1.18282951998309","0.122880053732357","0.122880053732357","0.9665929602891","0.0554699005353278","0.0554699005353278","0.739897031857278","0.128972702030947","0.128972702030947","-1.66252240282063","0.202716894479087","0.202716894479087","3.19276368946501","0.0429215320162543","0.0429215320162543","-1.04334120919283","0.0487182460385905","0.0487182460385905","-1.27003713762465","0.101240459044446","0.101240459044446","1.53024128664438","0.0872592576929463","0.0872592576929463","0.619181193627804","0.473983609450654","0.473983609450654","0.392485265195981","0.633173242038691","0.633173242038691","2.14942248027219","0.0602156832643616","0.0602156832643616","1.92272655184036","0.0653988989378678","0.0653988989378678","-0.226695928431823","0.637607624899881","0.637607624899881",0.00500594624917039,0.000491183078498714,0.00372063126596733,0.0126347948024407,0.00207332130410013,0.00259625303012545,"ferulic acid","HMDB0000954",NA,NA,NA,NA,NA,NA,"1135-24-6","DTXSID5040673",NA,NA,NA,"C01494"," 17620","DB07767","Ferulic acid","ferulic acid"
"32","glucuronolactone",0,0.000358650113117727,0.000100628544762465,0,0,7.71851724706535e-05,0,0,0.000959042195838575,2.24733262192448e-05,0,2.39557955622666e-05,0,0.000319771997596223,0.0027612345102165,0.00225498665409704,0.000343902695453568,0.00905644906001293,0.000651775401463682,0.00160189877898249,0.00075917386680097,0.000802246399032447,0.000285977672897408,0.000265942745356532,"-0.29593243950169","0.398376900175194","0.398376900175194","-1.19523002352848","0.152293297781327","0.152293297781327","0.129236874867291","0.344806101408997","0.344806101408997","-1.94088835434123","0.255604567502155","0.255604567502155","-0.584387486989863","0.038652771823515","0.038652771823515","-0.89929758402679","0.216927390863292","0.216927390863292","-0.166695564634399","0.616646384650759","0.616646384650759","-1.64495591483954","0.288238445616215","0.288238445616215","-0.288455047488173","0.364007590418831","0.364007590418831","-1.06599314866119","0.174515355911014","0.174515355911014","-0.745658330812746","0.511770033603807","0.511770033603807","0.610842536538616","0.329342301196727","0.329342301196727","-1.81165147947393","0.268391624681461","0.268391624681461","-0.455150612122572","0.0598894006879092","0.0598894006879092","1.35650086735136","0.332003518465045","0.332003518465045",1.92962931176634e-05,0.000251367829405022,0.00133399829047744,0.000114819664470048,0.00291350648397817,0.000528335171021839,"glucuronolactone",NA,NA,NA,NA,NA,NA,NA,NA,NA,NA,NA,NA,NA,NA,NA,NA,"glucuronolactone"
"33","glutamine",0.00901994559692412,0.0073411707476837,0.00449951133829401,0.543737838033189,0.0375378309887644,0.044661974585337,0.0026912691039817,0.00416124413909284,0,0,0,2.31071409147149,0,0.0248806458214918,0.0363896700494566,0.0376688025427251,0.0162987091709923,0.00978066492334422,0.181741369394137,0.00530376102189898,0.0239450913118504,0.00197009418571305,0.045898930940842,0.00618982630793374,"-4.63664809369204","0.407275081119999","0.407275081119999","-0.145677325166592","0.86619967927235","0.86619967927235","2.61129619902589","0.441504469742373","0.441504469742373","-1.22240854955007","0.528501929069282","0.528501929069282","0.182348825851088","0.858640990179927","0.858640990179927","4.49097076852545","0.40910672935058","0.40910672935058","-2.02535189466615","0.510234980598662","0.510234980598662","3.41423954414197","0.431390894190857","0.431390894190857","4.81899691954313","0.405220974073843","0.405220974073843","2.4656188738593","0.44987614285507","0.44987614285507","-1.07673122438348","0.557410944348708","0.557410944348708","0.328026151017681","0.707351566935032","0.707351566935032","1.38888764947583","0.570087738354919","0.570087738354919","2.79364502487698","0.431979507212578","0.431979507212578","1.40475737540116","0.49377257372832","0.49377257372832",0.022263079704294,0.577678522867872,0.0247347796034184,0.141149616429023,0.053281126127593,0.0195009856865848,"glutamine",NA,NA,NA,NA,NA,NA,NA,NA,NA,NA,NA,NA,NA,NA,NA,NA,"glutamine"
"34","glyceraldehyde or lactic acid",0,0,0,0,0,0,0.191715791660746,0,0,0,0,0,0.0287343553898311,0,0,0,0,0,0,0,0.0057276866275314,0.0273647815043397,0.339133385160816,0,"5.61261635673329","0.391002218955771","0.391002218955771","2.57988269242158","0.459798001794599","0.459798001794599","-5.61261635673329","0.391002218955771","0.391002218955771","5.61261635673329","0.391002218955771","0.391002218955771","-0.942838823677113","0.656091206503912","0.656091206503912","-3.03273366431172","0.391002218955771","0.391002218955771","NA","NA","0","NA","NA","0","-6.55545518041041","0.340093941209524","0.340093941209524","-3.03273366431172","0.391002218955771","0.391002218955771","3.03273366431172","0.391002218955771","0.391002218955771","-3.52272151609869","0.373651338911192","0.373651338911192","NA","NA","0","-6.55545518041041","0.340093941209524","0.340093941209524","-6.55545518041041","0.340093941209524","0.340093941209524",0.0479289479151865,0,0.00718358884745778,0,0,0.0930564633231718,"glyceraldehyde or lactic acid",NA,NA,NA,NA,NA,NA,NA,NA,NA,NA,NA,NA,NA,NA,NA,NA,"glyceraldehyde or lactic acid"
"35","guanine",18.3998641787628,16.0401250752209,21.275025019219,15.6654008274698,28.6455176515214,34.419812144613,46.9318085141368,30.1383471567902,15.6661057025002,20.7686737277124,19.939302550592,11.1712171441285,14.424499411564,11.8738326979857,7.16217068157463,15.2208556000964,13.3151582348662,16.4286934221618,14.67719271488,17.3280605442156,8.13511025260332,12.5160920933404,8.42751428804615,32.293444093587,"1.05285079869859","0.014091137975096","0.014091137975096","1.52530363707777","0.00675363609805206","0.00675363609805206","-0.973182464953641","0.0207749470765715","0.0207749470765715","1.18227992274808","0.0157075675129487","0.0157075675129487","1.191113195773","0.0353127849577172","0.0353127849577172","0.47245283837918","0.152011091061446","0.152011091061446","0.0796683337449493","0.723828357471114","0.723828357471114","0.129429124049488","0.576375314428948","0.576375314428948","0.138262397074411","0.814570092860926","0.814570092860926","0.552121172124129","0.0478785876809131","0.0478785876809131","-0.343023714329692","0.175742080790725","0.175742080790725","-0.334190441304769","0.628911128857446","0.628911128857446","0.209097457794437","0.182887042277238","0.182887042277238","0.21793073081936","0.696763901179282","0.696763901179282","0.00883327302492328","0.988028211483727","0.988028211483727",35.0338713667654,16.8863247812333,12.1703395978052,17.8451037751681,15.4372762290309,15.3430401818942,"guanine","HMDB0000132","C00242","belongs to the class of organic compounds known as purines and purine derivatives. These are aromatic heterocyclic compounds containing a purine moiety, which is formed a pyrimidine-ring ring fused to an imidazole ring.","Organic compounds","Organoheterocyclic compounds","Imidazopyrimidines","Purines and purine derivatives","73-40-5","DTXSID9052476","DTXCID6031049","315685596","  764","C00242"," 16235","DB02377","Guanine","guanine"
"36","histamine and unresolvable, unidentified isomers",1.79068243991338,2.19493760381102,2.55393201368773,2.98790708518962,3.25826165511984,3.37294016305089,4.87135343668895,3.28588744289154,5.12375227029917,4.78289743745723,15.7666062447612,10.2662725578335,4.68155381047735e-05,2.07339539429087,3.41059493578925,5.08541361975236,1.01767658335435,0.820660255253737,1.98161124108892,1.21166188772179,14.6821753431652,13.909833654,16.8432834350728,19.8040049134782,"-1.2808717360728","0.132328106225698","0.132328106225698","0.484414013026348","0.411537020984181","0.411537020984181","-0.63409131242841","0.0362581826168098","0.0362581826168098","1.55462185773531","0.00314215933191274","0.00314215933191274","-2.14096939012581","0.00139750718406418","0.00139750718406418","1.76528574909915","0.0860464440345293","0.0860464440345293","-1.91496304850121","0.08295070401478","0.08295070401478","2.83549359380811","0.0574532547417017","0.0574532547417017","-0.860097654053015","0.0587382473306725","0.0587382473306725","-0.149677299402063","0.827332429319736","0.827332429319736","1.07020784470896","0.290727260553127","0.290727260553127","-2.62538340315216","0.000243896378014666","0.000243896378014666","0.920530545306898","0.0205539673427723","0.0205539673427723","-2.77506070255422","0.00139215110742201","0.00139215110742201","-3.69559124786112","0.00109246093692988","0.00109246093692988",3.6971106744378,8.98488212758777,2.64236269134265,2.38186478565044,1.2579024918547,16.3098243364291,"histamine and unresolvable, unidentified isomers",NA,NA,NA,NA,NA,NA,NA,NA,NA,NA,NA,NA,NA,NA,NA,NA,"histamine and unresolvable, unidentified isomers"
"37","histidinol and unresolvable, unidentified isomers",0.00910599627842405,0.0110716581862181,0.0185993373912413,0.0144740634021044,0.0156334326045662,0.0154750712346714,0.0200319521391729,0.0133084455534569,0.017371284570111,0.0216457933913864,0.073366842676995,0.591932637115792,0,0.00847798379678779,0.0156562716209437,0.0205894280552746,0.00347438305585778,0.00522960146084239,0.0112886064529124,0.00794069116877674,0.0643549387895512,0.493301463119118,0.0736636445960138,0.0566409210797637,"-3.37129497301124","0.333796829786829","0.333796829786829","0.49040418529263","0.359255259659103","0.359255259659103","-0.25772510392115","0.313732336022957","0.313732336022957","1.09996654695976","0.00663787598172316","0.00663787598172316","-3.33759136562065","0.241763994057844","0.241763994057844","3.86169915830387","0.321521285507806","0.321521285507806","-3.62902007693239","0.326751129001816","0.326751129001816","4.47126151997101","0.311353510967715","0.311353510967715","0.033703607390591","0.982232779611469","0.982232779611469","0.23267908137148","0.687144103150606","0.687144103150606","0.609562361667134","0.432411385339304","0.432411385339304","-3.82799555091328","0.230437067500711","0.230437067500711","0.842241443038614","0.0585015323413793","0.0585015323413793","-3.5953164695418","0.235258339809591","0.235258339809591","-4.43755791258042","0.22124111779957","0.22124111779957",0.0161122253829668,0.176079139438571,0.0111809208682515,0.013312763814497,0.00698332053459732,0.171990241896112,"histidinol and unresolvable, unidentified isomers",NA,NA,NA,NA,NA,NA,NA,NA,NA,NA,NA,NA,NA,NA,NA,NA,"histidinol and unresolvable, unidentified isomers"
"38","homovanillic acid",0.000587488379705724,0.000701649601794993,0.000200037872668714,0.00077594741052536,0.00412976001277919,0.00240420428279864,0.00333359663289181,0.00183882521645431,0.000727225479630598,0.000765946719143138,0.00118522292751926,0.000385570112245757,0.000132061069056284,0.000341127031118506,0.000223333573162204,0.000749521645665977,0.00154597446664018,0.00222813372821573,0.000651182616699166,0.00193369524499866,0.000650844196620196,0.00113456851398409,0.00136979571283243,0.00243302103168774,"1.15280112294374","0.0186403994096296","0.0186403994096296","1.52807090857414","0.0118056191692259","0.0118056191692259","-1.32593647202735","0.0155359882140739","0.0155359882140739","0.600468473497676","0.0774321031380532","0.0774321031380532","0.712014932093336","0.0547976859413289","0.0547976859413289","0.375269785630396","0.108003330741633","0.108003330741633","-0.173135349083601","0.375976235075297","0.375976235075297","-0.552332649446067","0.0910851400623582","0.0910851400623582","-0.440786190850408","0.197328519223928","0.197328519223928","0.202134436546795","0.315627407887161","0.315627407887161","-0.927602435076463","0.0299105207894188","0.0299105207894188","-0.816055976480804","0.0645003201049917","0.0645003201049917","-0.725467998529669","0.0515006269148947","0.0515006269148947","-0.61392153993401","0.110773320864069","0.110773320864069","0.111546458595659","0.7181289146956","0.7181289146956",0.00292659653623099,0.000765991309634689,0.000361510829750743,0.000566280816173698,0.00158974651413843,0.00139705736378111,"homovanillic acid","HMDB0000118","C05582","belongs to the class of organic compounds known as methoxyphenols. Methoxyphenols are compounds containing a methoxy group attached to the benzene ring of a phenol moiety.","Organic compounds","Benzenoids","Phenols","Methoxyphenols","306-08-1","DTXSID5059791","DTXCID4038219","315687911"," 1738","C05582","545959",NA,"Homovanillic acid","homovanillic acid"
"39","hypoxanthine",2.81897879824035,3.16515557755432,4.92365991420447,2.20174453944766,1.91177270652839,0.109379115261549,2.19733030264116,1.63505174544708,0,0.351545597567802,0,0.920789772631421,5.60871438338867,1.33028928870448,0.579787216515178,1.0320514488518,1.34556536045379,1.29774329151455,3.25652793493296,0.700826605063059,0,0,0,0,"2.19828592935048","0.0858275862719633","0.0858275862719633","-0.546447875456879","0.620478935877595","0.620478935877595","1.16269176858319","0.0532424777270229","0.0532424777270229","-0.173191601233822","0.805457273275744","0.805457273275744","10.5160776758357","0.0515706323420524","0.0515706323420524","-2.74473380480736","0.217120779458961","0.217120779458961","3.36097769793366","0.0100636620985694","0.0100636620985694","-2.3714775305843","0.0909384000809765","0.0909384000809765","8.31779174648521","0.239486455624018","0.239486455624018","0.616243893126307","0.427483895841745","0.427483895841745","0.373256274223056","0.723946097403145","0.723946097403145","11.0625255512926","0.164436473104482","0.164436473104482","0.989500167349363","0.0900455391375153","0.0900455391375153","11.6787694444189","0.0111733248096654","0.0111733248096654","10.6892692770695","0.0589576474865083","0.0589576474865083",1.46338346746955,0.318083842549806,2.13771058436503,3.2773847073617,1.65016579799109,0,"hypoxanthine","HMDB0000157",NA,NA,NA,NA,NA,NA,"68-94-0","DTXSID8045983","DTXCID6025983","315681605","  790","C00262"," 17368","DB04076","Hypoxanthine","hypoxanthine"
"40","inosine",0.00469345808387873,0.00565150329289735,0.00434171398862477,0.00723508137484162,0.0114585639242561,0.00561350459541784,0.0024175345585462,0.0015682582257821,0,0,0,0.000634253569029497,0.00552248181349762,0,0.00131622957803635,0.00117103345074488,0.119779158689837,0.00347523522154787,0.243626256528533,0.00619430196531152,6.69297771054112e-05,0.00170395801830065,0,0,"2.43485439510467","0.106760579441166","0.106760579441166","1.06105778543006","0.260832572271578","0.260832572271578","0.048900208788308","0.931279609489488","0.931279609489488","-3.91151613057674","0.220147418063977","0.220147418063977","2.11839809968951","0.118822037250858","0.118822037250858","-1.37379660967462","0.224964209695832","0.224964209695832","2.48375460389298","0.00268446120153356","0.00268446120153356","-6.34637052568141","0.200726982244629","0.200726982244629","-0.316456295415165","0.563074593187955","0.563074593187955","1.10995799421836","0.0565288220754073","0.0565288220754073","-4.97257391600679","0.207507174973456","0.207507174973456","1.05734031425945","0.294970015910606","0.294970015910606","-3.86261592178843","0.221015950412508","0.221015950412508","2.16729830847782","0.00112599053920548","0.00112599053920548","6.02991423026624","0.201755490428619","0.201755490428619",0.00526446532600056,0.000158563392257374,0.00200243621056971,0.00548043918506062,0.0932687381013072,0.000442721948851516,"inosine","HMDB0000195",NA,NA,NA,NA,NA,NA,"58-63-9","DTXSID2045993","DTXCID0025993","315681612"," 6021","C00294"," 17596","DB04335","Inosine","inosine"
"41","isoleucine",0,0.0102874183250065,0.00405547145889459,0.363059228806818,0.00821029998727834,0.00849098082973739,0.00197220563447881,0.00423956677295264,0,0,0,0,0.00811925547614461,0.0117044229224789,0.0164743099858476,0.0159402344622542,0.00098603582745211,0.00973793324591981,0.0213362170656061,0.0376835834254044,0.01606355612891,0.0221910482997738,0.00123346685536667,0,"2.7502341656092","0.0363544890878835","0.0363544890878835","-1.0632449345932","0.0284769379100139","0.0284769379100139","3.82493488163852","0.395537260699831","0.395537260699831","-1.45421509391768","0.237152377804066","0.237152377804066","-0.692313655310804","0.514126243685435","0.514126243685435","-3.8134791002024","0.00691333059569042","0.00691333059569042","6.57516904724772","0.369629640965766","0.369629640965766","-4.20444925952689","0.115374369462864","0.115374369462864","-3.44254782092001","0.170198118228907","0.170198118228907","2.76168994704532","0.431166347231706","0.431166347231706","-0.390970159324487","0.625642361715741","0.625642361715741","0.370931279282393","0.615634855704573","0.615634855704573","2.37071978772083","0.45445239478184","0.45445239478184","3.13262122632771","0.415597590849141","0.415597590849141","0.76190143860688","0.466424815085677","0.466424815085677",0.00572826330611179,0,0.0130595557116813,0.0943505296476798,0.0174359423910956,0.00987201782101262,"isoleucine",NA,NA,NA,NA,NA,NA,NA,NA,NA,NA,NA,NA,NA,NA,NA,NA,"isoleucine"
"42","leucine/norleucine",0.00955978233475714,0.0205267766746956,0.00960459172834009,0.0305541252236759,0.0106200987807284,0.00802716184409503,0.000170723812200929,0.00217550526755898,0,0,0,0,0.0118613101579522,0.0077976267884892,0.0160977447817221,0.018991100894509,0.000266610038886912,0.00160760158592566,0.00520754597545924,0.0235286808709595,0.00537725710063119,0.0166371125825222,0,0,"2.64348044601205","0.121211442790471","0.121211442790471","-1.23298204847388","0.0506094569127712","0.0506094569127712","1.57074688268395","0.0876133789159694","0.0876133789159694","-0.469654867647205","0.70469307577503","0.70469307577503","-0.0577564007409303","0.958091464199927","0.958091464199927","-3.87646249448594","0.0113117029118045","0.0113117029118045","4.214227328696","0.0399484484645432","0.0399484484645432","-3.11313531365926","0.251013738647964","0.251013738647964","-2.70123684675298","0.255096432129934","0.255096432129934","0.337764834210064","0.524568459853356","0.524568459853356","0.76332718082668","0.363568169560542","0.363568169560542","1.17522564773295","0.136593091553552","0.136593091553552","1.10109201503674","0.228316968603488","0.228316968603488","1.51299048194302","0.110908399404367","0.110908399404367","0.411898466906274","0.759200629747279","0.759200629747279",0.00524837242614584,0,0.0136869456556681,0.0175613189903672,0.00765260961780782,0.00550359242078834,"leucine/norleucine",NA,NA,NA,NA,NA,NA,NA,NA,NA,NA,NA,NA,NA,NA,NA,NA,"leucine/norleucine"
"43","malonic acid",0,5.04970107736158e-05,1.38830926735523e-05,0.000151759375454131,2.04222454181574e-05,0,0,0,0,0,0,0,0,0,0,0,0,0,0,3.74212693154623e-05,0,0,0,0,"0.007347028613293","0.391002218955771","0.391002218955771","0.007347028613293","0.391002218955771","0.391002218955771","0.0685755665854329","0.249115754734057","0.249115754734057","-0.00608709856773336","0.707757599321238","0.707757599321238","0.007347028613293","0.391002218955771","0.391002218955771","NA","NA","0","0.075922595198726","0.212966399069193","0.212966399069193","-0.0134341271810265","0.391002218955771","0.391002218955771","NA","NA","0","0.075922595198726","0.212966399069193","0.212966399069193","-0.0134341271810265","0.391002218955771","0.391002218955771","NA","NA","0","0.0624884680176998","0.287015388736021","0.287015388736021","0.075922595198726","0.212966399069193","0.212966399069193","0.0134341271810264","0.391002218955771","0.391002218955771",5.10556135453935e-06,0,0,5.40348697253248e-05,9.35531732886558e-06,0,"malonic acid",NA,NA,NA,NA,NA,NA,NA,NA,NA,NA,NA,NA,NA,NA,NA,NA,"malonic acid"
"44","N-acetyl-hexosamine",1.18733508547006,1.00472642765752,0.0208500334547334,1.18297928736268,4.28354640147039,2.83874248826025,0.137051914587366,1.05403772297746,0.0791657708776563,0.0684505557959526,0.107527397865657,0.0758637052264022,0.060345626259665,0.0612323914396696,0.0565898084229778,0.0991771663980582,0.845415773707401,0.88595566019316,0.0746512839675063,1.6457784397494,0.106635459600997,1.41202622414258,0.104783520497224,0.14906251697569,"4.63386389415034","0.119762575203489","0.119762575203489","4.8857167000234","0.118137214923584","0.118137214923584","-1.29064046710065","0.280191957991693","0.280191957991693","1.26710868209306","0.286974738816814","0.286974738816814","2.22708493210068","0.175640405407599","0.175640405407599","0.251852805873069","0.348214908618502","0.348214908618502","3.34322342704968","0.071065327825664","0.071065327825664","-3.36675521205727","0.0931201919165599","0.0931201919165599","-2.40677896204966","0.346069829231798","0.346069829231798","3.59507623292275","0.0682410823517118","0.0682410823517118","-3.61860801793034","0.0896974355282518","0.0896974355282518","-2.65863176792273","0.331157432851822","0.331157432851822","-0.0235317850075899","0.974871205986141","0.974871205986141","0.936444465000025","0.379422171621715","0.379422171621715","0.959976250007615","0.392096156191106","0.392096156191106",2.07834463182387,0.082751857441417,0.0693362481300927,0.848972708486249,0.862950289404366,0.443126930304122,"n-acetyl-hexosamine",NA,NA,NA,NA,NA,NA,NA,NA,NA,NA,NA,NA,NA,NA,NA,NA,"N-acetyl-hexosamine"
"45","N-acetyl-phenylalanine",0.000313051966276565,0.000172657670039082,0.000176066792654784,0.00015816541373184,0.00110010533077195,0.000749385717983859,0.000382666323107089,0.000256085067187679,0.000135544430041629,0,0,0.000178129501189953,0.000222460229361342,5.94581915384423e-05,0,0,0.000145612879405098,0,0,5.50214614639981e-05,0.000655635900313083,0.000389996201182721,0.000499728842498004,0.000376834648979519,"0.588910600249826","0.0613042058864934","0.0613042058864934","0.599570418405655","0.0582808930332929","0.0582808930332929","-0.428811989130229","0.11466878814047","0.11466878814047","0.627220521390358","0.0553838359355701","0.0553838359355701","0.131695588825855","0.523867827478825","0.523867827478825","0.0106598181558291","0.913360660971045","0.913360660971045","0.160098611119597","0.0767655338855659","0.0767655338855659","0.0383099211405323","0.641910306756618","0.641910306756618","-0.457215011423971","0.00305790397831699","0.00305790397831699","0.170758429275426","0.0855691861357577","0.0855691861357577","0.0276501029847032","0.758927990975172","0.758927990975172","-0.4678748295798","0.00295362204163754","0.00295362204163754","0.198408532260129","0.0211738068655624","0.0211738068655624","-0.297116400304374","0.015167161065464","0.015167161065464","-0.495524932564503","0.00270549884960226","0.00270549884960226",0.000622060609762645,7.84184828078956e-05,7.04796052249461e-05,0.000204985460675568,5.01585852172739e-05,0.000480548898243332,"n-acetyl-phenylalanine",NA,NA,NA,NA,NA,NA,NA,NA,NA,NA,NA,NA,NA,NA,NA,NA,"N-acetyl-phenylalanine"
"46","nicotinamide",0.0128407897583051,0.0113556169449899,0.00608733202647496,0.0134449734683551,0.0592567872890976,0.0253576211329882,0.538717245002459,0.0173198220677318,0,0.00563912436912873,0.012011332464631,0.00398371311489474,0.0142721673666433,0.00864896491372769,0.00708775864927544,0.0170127452975524,0.00538874878700726,0.124204754104835,0.00177209583329665,0.00849439664080046,0.0267556301980073,0.0176500471490368,0.0372960160099907,0.029086751294772,"4.65237930417076","0.308575967126658","0.308575967126658","3.65933832136926","0.325447961430174","0.325447961430174","-3.75559007669644","0.323199241262813","0.323199241262813","2.16385392961218","0.399991870008132","0.399991870008132","2.48954197405956","0.372064450343342","0.372064450343342","-0.993040982801495","0.113088874375454","0.113088874375454","0.896789227474322","0.123013378006878","0.123013378006878","-2.48852537455858","0.394626827638944","0.394626827638944","-2.1628373301112","0.00537156703932549","0.00537156703932549","-0.0962517553271728","0.78503032504358","0.78503032504358","-1.49548439175709","0.493155562081418","0.493155562081418","-1.16979634730971","0.0201554409146712","0.0201554409146712","-1.59173614708426","0.478978588180644","0.478978588180644","-1.26604810263688","0.0185633539982773","0.0185633539982773","0.325688044447379","0.823969436098729","0.823969436098729",0.160162868873069,0.00540854248716363,0.0117554090567997,0.0109321780495313,0.0349649988414848,0.0276971111629517,"nicotinamide",NA,NA,NA,NA,NA,NA,NA,NA,NA,NA,NA,NA,NA,NA,NA,NA,"nicotinamide"
"47","pantothenic acid",0.079260496810555,0.0728867273366401,0,0.566398431426891,3.35391945347157,2.34021739767728,0.0340092500232213,0.521509595615123,0.048687769388143,0.0540244893485794,0.0461992465732377,0.00195505104565051,0,0.510520078173456,0.0272737198947718,0.0675719478317784,1.02636107650874,1.41033891033787,0,1.50329678897783,0,0.114579462394192,0.0351108898116539,0.0400510514400143,"5.33560226107206","0.144312693887153","0.144312693887153","3.35931948236432","0.166140046541354","0.166140046541354","-3.11353913664169","0.172369112837836","0.172369112837836","0.6650414196542","0.532740704014711","0.532740704014711","5.01249558779984","0.14605553007219","0.14605553007219","-1.97628277870774","0.41618476377427","0.41618476377427","2.22206312443037","0.355872940998487","0.355872940998487","-4.67056084141786","0.0705115193704082","0.0705115193704082","-0.323106673272215","0.734809934869244","0.734809934869244","0.245780345722629","0.878539997392581","0.878539997392581","-2.69427806271012","0.0891251625158436","0.0891251625158436","1.65317610543552","0.455786496249923","0.455786496249923","-2.44849771698749","0.0966452490905446","0.0966452490905446","1.89895645115815","0.38726517128461","0.38726517128461","4.34745416814564","0.0719332655420588","0.0719332655420588",1.5624139241968,0.0377166390889027,0.151341436475002,0.179636413893522,0.984999193956108,0.047435350911465,"pantothenic acid","HMDB0000210","C00864","belongs to the class of organic compounds known as secondary alcohols. Secondary alcohols are compounds containing a secondary alcohol functional group, with the general structure HOC(R)(R') (R,R'=alkyl, aryl).","Organic compounds","Organic oxygen compounds","Organooxygen compounds","Alcohols and polyols","79-83-4","DTXSID9023417","DTXCID203417","315673987"," 6613","C00864"," 46905",NA,"Pantothenic acid","pantothenic acid"
"48","phenylalanine",0.0106309385719266,0.012649409947472,0.00359991815188191,0.0192688578985292,0.0244715928797574,0.0156565242883228,0.00114182316571373,0.00389270424480391,0,0,0,0,0.00280617424569858,0.00742474951632495,0.0181184380559939,0.0197106514513132,0,0.00498204204322647,0.00197581393554832,0.554574787471161,0.0153073218252506,0.0298136135906707,0.00939173246944407,0.129384189272466,"3.61949061877143","0.127892340825838","0.127892340825838","-0.0826131555797242","0.918736545293937","0.918736545293937","0.0286619927097674","0.97029121336418","0.97029121336418","-3.52397587229024","0.418888907802004","0.418888907802004","-1.93430650683668","0.307284209138349","0.307284209138349","-3.70210377435115","0.0612012951111381","0.0612012951111381","3.64815261148119","0.0373651914909322","0.0373651914909322","-7.14346649106166","0.384125589581632","0.384125589581632","-5.5537971256081","0.20072492427613","0.20072492427613","-0.0539511628699568","0.930243978724159","0.930243978724159","-3.44136271671051","0.421155031548946","0.421155031548946","-1.85169335125695","0.314953864838087","0.314953864838087","-3.49531387958047","0.419596812901579","0.419596812901579","-1.90564451412691","0.308882347624767","0.308882347624767","1.58966936545356","0.547410066228421","0.547410066228421",0.0112906611446495,0,0.0120150033173327,0.0115372811424524,0.140383160862484,0.0459742142894579,"phenylalanine",NA,NA,NA,NA,NA,NA,NA,NA,NA,NA,NA,NA,NA,NA,NA,NA,"phenylalanine"
"49","pipecolic acid",0,0,0,0,0,0,0,0,0,0,0,0,0,0,0,0,0,0,0,0,9.12036945749e-05,0,0,0,"NA","NA","0","NA","NA","0","NA","NA","0","NA","NA","0","-0.032525368523271","0.391002218955771","0.391002218955771","NA","NA","0","NA","NA","0","NA","NA","0","-0.032525368523271","0.391002218955771","0.391002218955771","NA","NA","0","NA","NA","0","-0.032525368523271","0.391002218955771","0.391002218955771","NA","NA","0","-0.032525368523271","0.391002218955771","0.391002218955771","-0.032525368523271","0.391002218955771","0.391002218955771",0,0,0,0,0,2.2800923643725e-05,"pipecolic acid","HMDB0000070","C00408","belongs to the class of organic compounds known as alpha amino acids. These are amino acids in which the amino group is attached to the carbon atom immediately adjacent to the carboxylate group (alpha carbon).","Organic compounds","Organic acids and derivatives","Carboxylic acids and derivatives","Amino acids, peptides, and analogues","535-75-1",NA,NA,"  8143939",NA,NA," 17964",NA,"Pipecolic acid","pipecolic acid"
"50","proline and unresolvable, unidentified isomers",0.000135806350238639,0.00126153160606572,0.0010069953260658,0.00407551952045582,0,0,0,0,0,0,0,0,0,0.000161162308428971,0.00139915619458882,0.000646480743618585,0,0.0018214370450137,0.000888496261032917,0.0028605172699215,0,0.000542620369743627,0,0,"NA","NA","0","-0.633849483994489","0.177289519035924","0.177289519035924","1.38954654820124","0.153850964677941","0.153850964677941","-1.25858684826538","0.108319142763518","0.108319142763518","-0.183524743305052","0.391002218955771","0.391002218955771","-0.633849483994489","0.177289519035924","0.177289519035924","1.38954654820124","0.153850964677941","0.153850964677941","-1.25858684826538","0.108319142763518","0.108319142763518","-0.183524743305052","0.391002218955771","0.391002218955771","0.755697064206752","0.308393386873513","0.308393386873513","-0.624737364270888","0.283478921159961","0.283478921159961","0.450324740689436","0.289622675621605","0.289622675621605","0.130959699935864","0.836684915307405","0.836684915307405","1.20602180489619","0.179878445682871","0.179878445682871","1.07506210496032","0.131544276610218","0.131544276610218",0,0,0.000551699811659095,0.00161996320070649,0.00139261264399203,0.000135655092435907,"proline and unresolvable, unidentified isomers",NA,NA,NA,NA,NA,NA,NA,NA,NA,NA,NA,NA,NA,NA,NA,NA,"proline and unresolvable, unidentified isomers"
"51","pyridoxine",0.0571797826060803,1.77657374913685,1.25474457290353,1.11848869999605,2.50641026278534,4.02342460102695,0,0.0306298544292754,0,0,0,1.243370290701,0.259619818432419,0,0.716685457545635,0,1.90968353642023,4.90981443583026,2.69464176134903,2.68249584056497,0,4.01777407149793,0,3.03222641952965,"2.39578757221282","0.27591962710297","0.27591962710297","2.74337438253286","0.253187739201568","0.253187739201568","-0.640519020446652","0.607272587036793","0.607272587036793","-0.894207024512339","0.284596164469643","0.284596164469643","-0.10376430099297","0.934699328958866","0.934699328958866","0.34758681032004","0.858312642675855","0.858312642675855","1.75526855176617","0.171703703741931","0.171703703741931","-3.28999459672516","0.0163736613705525","0.0163736613705525","-2.49955187320579","0.259718670006829","0.259718670006829","2.1028553620862","0.108191244861338","0.108191244861338","-3.6375814070452","0.0191390877683501","0.0191390877683501","-2.84713868352583","0.23986895404461","0.23986895404461","-1.53472604495899","0.0457628992184451","0.0457628992184451","-0.744283321439622","0.555298906601068","0.555298906601068","0.790442723519369","0.340491959801973","0.340491959801973",1.64011617956039,0.310842572675251,0.244076318994514,1.05174670116063,3.04915889354112,1.7625001227569,"pyridoxine","HMDB0000239",NA,NA,NA,NA,NA,NA,"65-23-6","DTXSID4023541","DTXCID903541","315674093"," 1054","C00314"," 16709","DB00165","Pyridoxine","pyridoxine"
"52","sarcosine",0.000292317358081595,0.000324885385223259,0,0.00246961310923781,0,0.000401577508659192,2.57953441125828e-06,4.74838446491854e-05,0,0,0,0,0,0.000166701362956061,0.00038810889028833,0.0002000912792829,5.29782894556767e-05,0,0,0,0,0,0,0,"0.154337215680211","0.327894228811895","0.327894228811895","-0.0950782494843917","0.568214601880492","0.568214601880492","0.670800346115789","0.333642917130892","0.333642917130892","0.135354768343452","0.380477814108599","0.380477814108599","0.154337215680211","0.327894228811895","0.327894228811895","-0.249415465164603","0.0983543924799686","0.0983543924799686","0.825137561796001","0.269187857663327","0.269187857663327","-0.0189824473367595","0.391002218955771","0.391002218955771","NA","NA","0","0.575722096631397","0.383624231115455","0.383624231115455","0.230433017827844","0.113146333188274","0.113146333188274","0.249415465164603","0.0983543924799686","0.0983543924799686","0.806155114459241","0.275874577803578","0.275874577803578","0.825137561796001","0.269187857663327","0.269187857663327","0.0189824473367595","0.391002218955771","0.391002218955771",0.000112910221929909,0,0.000188725383131823,0.000771703963135666,1.32445723639192e-05,0,"sarcosine",NA,NA,NA,NA,NA,NA,NA,NA,NA,NA,NA,NA,NA,NA,NA,NA,"sarcosine"
"53","threonine",0.00184007477641738,0.00503568497987795,0.00193809005826776,0.00788859186412526,0.00174799999268773,0.0038338264239791,0.000495926066488439,0.00110658935205488,0,0,0,0,0.00115807662609848,0.00173776971843088,0.00843275130486172,0.00353753839878414,0.0011724968109598,0.0374975366965957,0.00211748170590011,0.00378509102159659,0.00121372019121499,0.0037068076737378,0.00435802945641215,0.000728196146709012,"1.48340845552969","0.0896814977921379","0.0896814977921379","-0.754318615822751","0.345509735471875","0.345509735471875","0.888320570850225","0.208004918449306","0.208004918449306","-2.11866253773308","0.366606752677127","0.366606752677127","-0.324642241216619","0.564803902897781","0.564803902897781","-2.23772707135244","0.10992033103267","0.10992033103267","2.37172902637991","0.0628239579360826","0.0628239579360826","-3.60207099326277","0.294867194575118","0.294867194575118","-1.80805069674631","0.0688663098096513","0.0688663098096513","0.134001955027474","0.841249164709583","0.841249164709583","-1.36434392191033","0.464076999187945","0.464076999187945","0.429676374606132","0.548890690250959","0.548890690250959","-1.23034196688286","0.488990330379349","0.488990330379349","0.563678329633605","0.369861299570496","0.369861299570496","1.79402029651647","0.399393354767036","0.399393354767036",0.00179608545880254,0,0.00371653401204381,0.00417561041967209,0.0111431515587631,0.00250168836701849,"threonine",NA,NA,NA,NA,NA,NA,NA,NA,NA,NA,NA,NA,NA,NA,NA,NA,"threonine"
"54","thymidine",0.00372067858519911,0.00517248313962642,0.012089052183263,0.00656996815500531,0.00461826063365386,0.00228403949411229,0.0017114645376982,0.00105894466436869,0,0,0,0.0152872287403374,0,0.00283754776639148,0.00280548522185632,0.00925306825868032,0.00190953615476573,0.00640301291878062,0.00790966989128621,0.00562659791168348,0.00530539206490933,0.00344322775956034,0.00198160338077792,0.00381310072275712,"-0.496346716573345","0.741046836515389","0.741046836515389","-0.466789449954664","0.569649791442055","0.569649791442055","1.2064406315258","0.0868585941767861","0.0868585941767861","-0.918799098610802","0.0974999677715498","0.0974999677715498","-0.439600723126305","0.283668932326","0.283668932326","0.029557266618681","0.98281537489196","0.98281537489196","0.710093914952456","0.506614570568999","0.506614570568999","-0.422452382037456","0.706575085166243","0.706575085166243","0.0567459934470397","0.964635089087969","0.964635089087969","0.739651181571137","0.282655105931873","0.282655105931873","-0.452009648656138","0.489674739402904","0.489674739402904","0.0271887268283588","0.96827890557416","0.96827890557416","0.287641532914999","0.548816243081605","0.548816243081605","0.766839908399496","0.174354632384689","0.174354632384689","0.479198375484496","0.267154020999954","0.267154020999954",0.00241817733245826,0.00382180718508435,0.00372402531173203,0.00688804551577347,0.00546220421912901,0.00363583098200118,"thymidine","HMDB0000273","C00214","belongs to the class of organic compounds known as pyrimidine 2'-deoxyribonucleosides. Pyrimidine 2'-deoxyribonucleosides are compounds consisting of a pyrimidine linked to a ribose which lacks a hydroxyl group at position 2.","Organic compounds","Nucleosides, nucleotides, and analogues","Pyrimidine nucleosides","Pyrimidine 2'-deoxyribonucleosides","50-89-5","DTXSID5023661","DTXCID703661","315674190"," 5789","C00214"," 17748","DB04485","Thymidine","thymidine"
"55","trigonelline and unresolvable, unidentified isomers",0.00225240734106215,0.00192385855944572,0.000206925088746087,0.00108929160319477,0.063603418923723,0.0602417862915728,0,0.0492655818349733,0.0140900341012419,0.0032791800278189,2.25355819665393e-06,0.00465403487346725,0,0.00690150867348616,0.00420837316886115,0.0101208898780723,0,0,0,0,0.00240767344951713,0.0522717650841489,0,0.0258867411830925,"2.76665415526066","0.0805035935812244","0.0805035935812244","2.81139584400624","0.0807189072337676","0.0807189072337676","-4.22476568934109","0.0654707426731378","0.0654707426731378","5.4685082728414","0.0607717389176094","0.0607717389176094","1.06649937170455","0.273694811571374","0.273694811571374","0.0447416887455731","0.959162208868678","0.959162208868678","-1.45811153408042","0.265155952364576","0.265155952364576","2.70185411758073","0.166071544795761","0.166071544795761","-1.70015478355612","0.32002216031012","0.32002216031012","-1.41336984533485","0.16227052082837","0.16227052082837","2.65711242883516","0.0894870629519891","0.0894870629519891","-1.74489647230169","0.312497245408988","0.312497245408988","1.24374258350031","0.0582558570040864","0.0582558570040864","-3.15826631763654","0.221417562266053","0.221417562266053","-4.40200890113685","0.19726403595463","0.19726403595463",0.0432776967625673,0.00550637564018118,0.00530769293010491,0.00136812064811218,0,0.0201415449291896,"trigonelline and unresolvable, unidentified isomers",NA,NA,NA,NA,NA,NA,NA,NA,NA,NA,NA,NA,NA,NA,NA,NA,"trigonelline and unresolvable, unidentified isomers"
"56","tyrosine",0.00282391404541907,0.00542731038805311,0.00257369439838919,0.00855015351319192,0.00268192443029756,0.00216699960742839,0.00064976843243139,0.000504903327352575,0,0,0.0277661605088602,0,0.000634016098450368,0.000237339274533991,0.0044162750837991,0.00135199912336511,0.000988824313766399,0.000783132187230818,0.00132176966144089,0.002501918869014,0.00246475608026476,0.00398233800021456,0.00188462184132427,0.000995713812826508,"-1.66697205520753","0.490938383184648","0.490938383184648","-0.0889292534525534","0.890212989782318","0.890212989782318","1.22445215942182","0.091027633629118","0.091027633629118","0.0600669760905522","0.883881665893788","0.883881665893788","-0.413879905200024","0.356549844213167","0.356549844213167","1.57804280175498","0.503886953299163","0.503886953299163","-0.442519895785714","0.784988408619651","0.784988408619651","1.72703903129809","0.483248237208673","0.483248237208673","1.25309215000751","0.554931929998555","0.554931929998555","1.13552290596927","0.114342052796056","0.114342052796056","0.148996229543106","0.811179451015902","0.811179451015902","-0.324950651747471","0.579037815410159","0.579037815410159","1.28451913551237","0.0860133609109051","0.0860133609109051","0.810572254221796","0.172774088587121","0.172774088587121","-0.473946881290577","0.260974444629925","0.260974444629925",0.00150089894937748,0.00694154012721506,0.00165990739503714,0.00484376808626333,0.00139891125786303,0.00233185743365752,"tyrosine",NA,NA,NA,NA,NA,NA,NA,NA,NA,NA,NA,NA,NA,NA,NA,NA,"tyrosine"
"57","unidentified isomer of 3-hydroxyanthranilic acid",0.00734753594656204,0.00811893550947984,0.25611594735006,0.0172559749815672,0.121554246505347,0.0696318256327272,0.125235119802465,0.0619360202922157,0.0234865427569048,0.0325110224689175,0.103972977240569,0.140006773255242,0.000241493150070778,0.00180315543240145,0.00288220409199731,0.00890067723466358,0.0187949443047224,0.0105449057514166,0.409131448181966,0.0351562455134488,0.128377973104565,0.072529025379574,0.103863220746639,1.82206994061733,"0.330957420542884","0.576434257308444","0.576434257308444","4.42274235773156","0.0115639233688653","0.0115639233688653","-0.384816370730509","0.745312321592669","0.745312321592669","-0.320964948868908","0.823657175551156","0.823657175551156","-2.47842938431548","0.384580892622562","0.384580892622562","4.09178493718867","0.0844099733248633","0.0844099733248633","-0.0538589501876256","0.968976269894301","0.968976269894301","-0.651922369411792","0.69256443403404","0.69256443403404","-2.80938680485836","0.366646890004388","0.366646890004388","4.03792598700105","0.34406385823879","0.34406385823879","-4.74370730660047","0.321517305882926","0.321517305882926","-6.90117174204704","0.307098461137676","0.307098461137676","-0.705781319599418","0.703806855996843","0.703806855996843","-2.86324575504599","0.365257324560204","0.365257324560204","-2.15746443544657","0.412039700540119","0.412039700540119",0.0945893030581886,0.0749943289304083,0.00345688247728328,0.0722095984469172,0.118406885937889,0.531710039962026,"unidentified isomer of-hydroxyanthranilic acid",NA,NA,NA,NA,NA,NA,NA,NA,NA,NA,NA,NA,NA,NA,NA,NA,"unidentified isomer of 3-hydroxyanthranilic acid"
"58","unidentified isomer of cytidine",3.72064928537885,4.31166470883357,6.09224365213646,4.75480575474094,10.4453070171257,8.28355470447045,5.80244636420149,4.02313399944112,0,0,0,1.31100906297862,0.000167544092862662,0.156842148270804,2.00446647190955,3.87232359680427,3.10113695622954,3.36423457646745,10.885567004458,5.10903822565609,5.00852856521745,5.19391349454338,0.372329036252307,0.545051734524898,"4.44077263223641","0.0142773473540596","0.0142773473540596","2.24182246298395","0.0192701692746437","0.0192701692746437","-0.596801527372334","0.185318407619064","0.185318407619064","0.346303931481927","0.532745444423574","0.532745444423574","1.36026460775231","0.0661920242969347","0.0661920242969347","-2.19895016925246","0.293051957366536","0.293051957366536","3.84397110486408","0.000662490468124086","0.000662490468124086","-4.09446870075449","0.0593665671532127","0.0593665671532127","-3.0805080244841","0.163939946317204","0.163939946317204","1.64502093561162","0.029718369018289","0.029718369018289","-1.89551853150203","0.106151129393197","0.106151129393197","-0.881557855231644","0.466460402334989","0.466460402334989","-0.250497595890407","0.66264613868289","0.66264613868289","0.763463080379976","0.250116586854878","0.250116586854878","1.01396067627038","0.259128727713527","0.259128727713527",7.13861052130969,0.327752265744654,1.50844994026937,4.71984085027245,5.61499419070276,2.77995570763451,"unidentified isomer of cytidine",NA,NA,NA,NA,NA,NA,NA,NA,NA,NA,NA,NA,NA,NA,NA,NA,"unidentified isomer of cytidine"
"59","unidentified isomer of nicotine",0,0,0.00579975585909608,0,0,0,0,0,0,0,0,0,21.0503558929958,4.2140191720322,2.07546634017014,0,0,0,0,0,8.51858211207848,0,0,0,"NA","NA","0","-12.7389283140416","0.250887811624141","0.250887811624141","1.29274580787491","0.391002218955771","0.391002218955771","NA","NA","0","-11.0570748789531","0.391002218955771","0.391002218955771","-12.7389283140416","0.250887811624141","0.250887811624141","1.29274580787491","0.391002218955771","0.391002218955771","NA","NA","0","-11.0570748789531","0.391002218955771","0.391002218955771","-11.4461825061667","0.250967049254737","0.250967049254737","12.7389283140416","0.250887811624141","0.250887811624141","1.68185343508852","0.420570257757938","0.420570257757938","1.29274580787491","0.391002218955771","0.391002218955771","-9.76432907107821","0.391283872221598","0.391283872221598","-11.0570748789531","0.391002218955771","0.391002218955771",0,0,6.83496035129952,0.00144993896477402,0,2.12964552801962,"unidentified isomer of nicotine",NA,NA,NA,NA,NA,NA,NA,NA,NA,NA,NA,NA,NA,NA,NA,NA,"unidentified isomer of nicotine"
"60","unidentified isomer of nicotinic acid",0.0124194673966265,0.0234990326671375,0.000787546892648378,0.0280014878343625,0.0204665587165226,0.0065315556527434,0,0,0.112141131543374,0.00653316555909931,0.00559086892121501,0,0.000493073931751943,0.00487836898088565,0.00429815416267641,0.00875107335737607,0.0127905789790029,0.0467478361381627,0.00345787595320759,0.455233453010642,0,0.00286772112971408,0,0,"-2.04887705619891","0.437979323443714","0.437979323443714","0.467351039424611","0.697915595955001","0.697915595955001","1.14828786211845","0.272630133774391","0.272630133774391","-4.07443226660589","0.341811217268914","0.341811217268914","2.17427709465997","0.30078728925002","0.30078728925002","2.51622809562352","0.40060623290962","0.40060623290962","-0.90058919408045","0.625504752893574","0.625504752893574","-2.02555521040699","0.438411465216857","0.438411465216857","4.22315415085888","0.343817823521058","0.343817823521058","1.61563890154307","0.151949191849058","0.151949191849058","-4.5417833060305","0.334646123043345","0.334646123043345","1.70692605523536","0.10076101614143","0.10076101614143","-2.92614440448744","0.374765775878511","0.374765775878511","3.32256495677843","0.0836830239143737","0.0836830239143737","6.24870936126586","0.32219436845664","0.32219436845664",0.0067495285923165,0.031066291505922,0.00460516760817252,0.0161768836976937,0.129557436020254,0.000716930282428521,"unidentified isomer of nicotinic acid",NA,NA,NA,NA,NA,NA,NA,NA,NA,NA,NA,NA,NA,NA,NA,NA,"unidentified isomer of nicotinic acid"
"61","unidentified isomer of valine",0,0,0,0,0,0,0,0,0,0,0,0,0,0,0,0,0,0,0,0,0,0,0,0,"NA","NA","0","NA","NA","0","NA","NA","0","NA","NA","0","NA","NA","0","NA","NA","0","NA","NA","0","NA","NA","0","NA","NA","0","NA","NA","0","NA","NA","0","NA","NA","0","NA","NA","0","NA","NA","0","NA","NA","0",0,0,0,0,0,0,"unidentified isomer of valine",NA,NA,NA,NA,NA,NA,NA,NA,NA,NA,NA,NA,NA,NA,NA,NA,"unidentified isomer of valine"
"62","uracil",0.00565508899850083,0.0075148784322386,0.00434660150548978,0.0113953826596701,0.00653584766671842,0.00208617893423175,0.000412654049462605,0.000512061683422059,0,0,0,0,0.0174742261057138,0.00198991385413337,0.00637139041445437,0.0921760636147243,0.00693066812912004,0.00268912724189099,0.00519807742324077,0.00710865351251495,0,0.00394405330269212,0.00231929267229295,0.000567695111201837,"1.75987405466778","0.194901935406578","0.194901935406578","-3.17100037958147","0.289953793988018","0.289953793988018","1.2806656174034","0.0608813418532974","0.0608813418532974","-0.936482963892061","0.13505604658413","0.13505604658413","0.322774037453605","0.704544002262806","0.704544002262806","-4.93087443424924","0.257259690994909","0.257259690994909","3.04053967207118","0.0180863957820378","0.0180863957820378","-2.69635701855984","0.0128124721155064","0.0128124721155064","-1.43710001721417","0.152094184959856","0.152094184959856","-1.89033476217806","0.369821358384796","0.369821358384796","2.23451741568941","0.338592311675655","0.338592311675655","3.49377441703507","0.28016972945264","0.28016972945264","0.344182653511343","0.385494342993007","0.385494342993007","1.60343965485701","0.0278414090105542","0.0278414090105542","1.25925700134567","0.0329010715074083","0.0329010715074083",0.00238668558345871,0,0.0295028984972565,0.00722798789897483,0.00548163157669169,0.00170776027154673,"uracil","HMDB0000300","C00106","belongs to the class of organic compounds known as pyrimidones. Pyrimidones are compounds that contain a pyrimidine ring, which bears a ketone. Pyrimidine is a 6-membered ring consisting of four carbon atoms and two nitrogen centers at the 1- and 3- ring positions.","Organic compounds","Organoheterocyclic compounds","Diazines","Pyrimidines and pyrimidine derivatives","66-22-8","DTXSID4021424","DTXCID101424","315672314"," 1174","C00106"," 17568","DB03419","Uracil","uracil"
"63","vanillic acid",0.0043510236475147,0.00407791278679825,0.00628602333871756,0.00390415439114304,0.0194070839050774,0.00640532110669161,0.00842522023047228,0.00593319190367061,0,0.00235799351719459,0.0041778887054973,0.00489743554858455,0.00167774555338345,0,0.00280742689194739,0,0,0,0,0,0.0111652646779684,0.00574913947260576,0.00309854521735903,0.00820042125832614,"1.51704528398362","0.104139633827161","0.104139633827161","2.38007763675025","0.0638728774172132","0.0638728774172132","-0.965551092071628","0.187185908181125","0.187185908181125","3.46502161690659","0.0504747355709955","0.0504747355709955","0.455433897890463","0.447655821789019","0.447655821789019","0.863032352766637","0.235550907383101","0.235550907383101","0.551494191911989","0.20918281978849","0.20918281978849","1.94797633292297","0.0792328119898636","0.0792328119898636","-1.06161138609315","0.093860777730647","0.093860777730647","1.41452654467863","0.00773211269639779","0.00773211269639779","1.08494398015634","0.201256800905403","0.201256800905403","-1.92464373885979","0.0336984788971202","0.0336984788971202","2.49947052483496","0.00348995546572748","0.00348995546572748","-0.510117194181165","0.262271526038841","0.262271526038841","-3.00958771901613","0.0262998019114061","0.0262998019114061",0.010042704286478,0.00285832944281911,0.00112129311133271,0.00465477854104339,0,0.00705334265656484,"vanillic acid","HMDB0000484",NA,NA,NA,NA,NA,NA,"121-34-6","DTXSID6059522","DTXCID1033668","315687642"," 8468","C06672"," 30816",NA,"Vanillic acid","vanillic acid"
"64","xanthine",0.0314762274417262,0.585092336676401,0.0310808610695013,0.0198843872799719,0.0242942104362664,0.00238060817657878,0,0,0,0,0,0,0,0,0,0,0.338077866356538,0.00719466130879904,0.446624131311241,0.00988931153408174,0,0,0,0,"2.93898290781801","0.340686656405593","0.340686656405593","2.93898290781801","0.340686656405593","0.340686656405593","4.45233332472368","0.333924741611334","0.333924741611334","-4.71526996898841","0.184800153978621","0.184800153978621","2.93898290781801","0.340686656405593","0.340686656405593","NA","NA","0","7.39131623254169","0.317301668233351","0.317301668233351","-7.65425287680641","0.174164411106693","0.174164411106693","NA","NA","0","7.39131623254169","0.317301668233351","0.317301668233351","-7.65425287680641","0.174164411106693","0.174164411106693","NA","NA","0","-0.262936644264721","0.858066605866375","0.858066605866375","7.39131623254169","0.317301668233351","0.317301668233351","7.65425287680641","0.174164411106693","0.174164411106693",0.00666870465321129,0,0,0.1668834531169,0.200446492627665,0,"xanthine","HMDB0000292","C00385","belongs to the class of organic compounds known as xanthines. These are purine derivatives with a ketone group conjugated at carbons 2 and 6 of the purine moiety.","Organic compounds","Organoheterocyclic compounds","Imidazopyrimidines","Purines and purine derivatives","69-89-6","DTXSID4035120","DTXCID2015120","315677425"," 1188","C00385"," 48517","DB02134","Xanthine","xanthine"
