"","id","group","Alcohols and polyols","Alloxazines and isoalloxazines","Amines","Amino acids, peptides, and analogues","Benzoic acids and derivatives","Bilirubins","Carbohydrates and carbohydrate conjugates","Carboximidic acids","Dicarboxylic acids and derivatives","Fatty acids and conjugates","Hydroxyindoles","Imidazoles","Indolyl carboxylic acids and derivatives","Purines and purine derivatives","Pyridinecarboxylic acids and derivatives","Pyridoxamines","Pyrimidine 2-deoxyribonucleosides","Pyrimidines and pyrimidine derivatives","Quinoline carboxylic acids","Tryptamines and derivatives","Unknown"
"1","root.EOD.Arabidopsis.1.451.3.R","root.Arabidopsis",0.0156624709813022,0.00126362163218319,0.000121719180233016,0.0306071887682061,0.0011285086784714,1.27554848397948e-05,0.00201691596844999,9.33417598173698e-08,7.3181318758793e-05,0.0017891374977125,0.00135127603014658,2.45471426094012e-05,0.0151389874289596,9.16843938607757e-05,2.62659224491026e-05,0.000552542437857178,0.000169463611078753,0.232463616746743,0,0,0.697506023434379
"2","root.EOD.Arabidopsis.2.452.3.R","root.Arabidopsis",0.0230612189007606,0.000248891357645169,0.00011708611620544,0.0150644057046772,0.00164772707478724,2.19936119536407e-05,0.000983639363371243,0,0.00012381929128751,0.0170028486824016,0.00307315435101725,2.38820241597932e-05,0.00120251885889722,0.00112648517250459,1.58950618426865e-05,0.000183630238530601,0.000191202902045764,0.177121863399188,0,4.94122755174734e-06,0.758784796661173
"3","root.EOD.Arabidopsis.3.453.3.R","root.Arabidopsis",0.0310061913386919,0.000505223553835898,8.73034482058806e-05,0.0207086078759075,0.00111896257132785,2.08906309670033e-05,0.0017101987047123,0,5.45055140968298e-05,0.00914816431406673,0.00128990332547784,1.5487127738141e-05,0.0110053795661459,0.000609525831031109,8.89907783081535e-05,0.000307982542327543,0.00011654581675728,0.170611153264872,0,0,0.75159498379553
"4","root.EOD.Arabidopsis.4.454.3.R","root.Arabidopsis",0.017122440642727,0.000351221080445271,0.000148022797236482,0.0226198389770465,0.00202029525586188,2.0973212852087e-05,0.000775693646902596,0,9.65794274383718e-05,0.0047518375830947,0.00487495539674121,5.22861309264035e-05,0.000278703166478782,0.00028287647005149,1.20371363026387e-05,0.000321062508198119,0.000378137390227676,0.235429234360858,2.23384353983002e-05,0,0.710441466381213
"5","root.EOD.Arabidopsis.5.455.3.R","root.Arabidopsis",0.0247082085496376,0.00034290141232813,9.64089230149906e-05,0.0123383749586446,0.00101464982527513,1.67027548125656e-05,0.000747258056003331,0,2.41195178897777e-05,0.0234134322422649,0.00297374619731084,3.72323975591885e-05,0.000513111591740589,0.00024612742675485,1.60819360524243e-05,0.000303303895877677,0.000207453133338702,0.158511403303071,0,0,0.774489483878424
"6","root.EOD.Arabidopsis.6.456.3.R","root.Arabidopsis",0.0241294768653041,0.000244025489370371,0.000133206558423368,0.020763738298698,0.00211739649341944,2.40297064863809e-05,0.00108496989831204,0,0.000195670590581261,0.00784582684309355,0.000988823911373342,2.12564268541081e-05,0.0010023050009324,0.00142197113234271,2.21365457332511e-05,0.000196624699534118,0.000265714076580448,0.233425336229758,0,4.58691890000269e-06,0.706112904314304
"7","root.EOD.Brachy.1.433.3.R","root.Brachy",0.0197735741381985,0.000198822342582673,0.00024279489233516,0.0157368574988188,0.00192051092073008,9.05000111557251e-06,1.16951451754686e-05,0,4.6314583740695e-05,0.214641034457587,0.00270213567949117,3.91450611518828e-05,0.0567070495982908,0.000755564614699166,7.14610277558887e-06,0.000363406945705417,0.000187353124216788,0.16119982105409,0.00369513564890808,0,0.521762588190387
"8","root.EOD.Brachy.2.434.3.R","root.Brachy",0.0293051006491869,0.000146990293479306,0.000582366880406383,0.0117932569756289,0.00204485567131415,1.84100632448809e-05,1.85785299960492e-05,0,3.34792958877905e-05,0.191199261739481,0.00268029083723243,3.5114355641828e-05,0.0372018438536365,0.000656742253453448,1.19355179653026e-05,0.000229194753343119,0.00015693694097963,0.1151679231359,0.00333958365565902,1.01205906162623e-06,0.605377122538502
"9","root.EOD.Brachy.3.436.3.R","root.Brachy",0.0368550433250867,8.63678327632854e-05,0.000632257484307847,0.0136948463505078,0.00263694304380582,2.01562485687491e-05,1.83687485779898e-05,0,4.29417523925348e-05,0.206703165854576,0.00199031566671116,2.52014778744457e-05,0.0552764603514398,0.000806465110536345,8.47171292014457e-06,0.000151028225688495,0.000100071355649366,0.153377371416162,0.0028954971339671,0,0.524679026908465
"10","root.EOD.Brachy.4.437.3.R","root.Brachy",0.018116080403562,0.000246299812063294,0.000252105030890129,0.0150242849413663,0.00258367082446338,1.05732860247412e-05,9.51233755125274e-06,0,4.43573767849068e-05,0.192112663123748,0.00396924488678687,4.16360254542436e-05,0.056818610688809,0.000698587677393803,4.10591938537778e-06,0.000465093116987503,0.000201444183135268,0.165583344160192,0.00378794883921149,0,0.54003043736619
"11","root.EOD.Brachy.5.438.3.R","root.Brachy",0.0241612297436791,0.000219690063748379,0.000161106473809821,0.0128930015414771,0.00118511341320834,8.12260678349753e-06,1.85429243453106e-05,0,2.09811315156224e-05,0.225939599205876,0.00186056586322265,3.95577703198696e-05,0.098913310966664,0.000768652945893233,3.05341311784187e-06,0.000260316136616934,0.000191631150282477,0.160165538020303,0.0029885304995997,0,0.470201456129537
"12","root.EOD.Brachy.6.439.3.R","root.Brachy",0.0278196583067114,0.000152902551117448,0.000717148741853216,0.0114253301421082,0.00138071810550515,1.7339150388173e-05,1.14082417337453e-05,0,3.67791546558366e-05,0.234017782917585,0.00221268398257877,4.73546349017634e-05,0.0416379913604443,0.000689750003606451,1.24263971371383e-05,0.000185498618047815,0.000190815392301937,0.154507739544726,0.00380269913036474,1.4289915511427e-06,0.521132544632681
"13","root.EOD.Medicago.1.442.3a.R","root.Medicago",0.0110993249762049,0.000300313672239236,3.38618646576718e-05,0.015260295354885,0.00184902725631564,2.38107043989935e-05,9.75957981567443e-06,0,8.25138465692667e-06,0.159739894281368,0.00387140354460682,6.05837957419431e-05,0.0475359865909043,0.000801187491554365,2.88615214377107e-05,2.90460793940964e-05,1.03507969101878e-05,0.0979422934821282,0.00138734314806818,3.9920932025374e-05,0.659968483542687
"14","root.EOD.Medicago.2.442.3b.R","root.Medicago",0.0119751133262168,0.000237284411938011,2.16637360113749e-05,0.0134258758788423,0.00125050841251553,2.38694645999279e-05,1.58978115022245e-05,0,1.09468485525319e-05,0.18351780564673,0.00648542958379869,6.63188484029233e-05,0.038302346080151,0.000840223843129315,1.51828126559255e-05,2.7555513996459e-05,2.31423014346733e-05,0.0932068369649961,0.00147682970429486,2.86649557048838e-05,0.649048503854527
"15","root.EOD.Medicago.3.444.3a.R","root.Medicago",0.0137002665979101,0.000364956197272328,2.59709909412459e-05,0.0159148141063467,0.00198930190948784,2.34585089412372e-05,7.06685777284702e-06,0,3.3218038930781e-05,0.182146260776397,0.00519794624873899,7.06505473887448e-05,0.0504810228564486,0.000629409592238296,3.869044940097e-05,5.65205340427648e-05,1.39082110522024e-05,0.129721174085855,0.0014570606755117,7.94824776239704e-06,0.598120354567561
"16","root.EOD.Medicago.4.449.3a.R","root.Medicago",0.0136837658571319,0.000270111890107596,3.95686904427972e-05,0.0156813528869078,0.00185993314497756,2.73158281053569e-05,2.47664174973352e-05,0,2.52184379899553e-05,0.159311062315395,0.00632465346266313,7.55590744696831e-05,0.0658473113166204,0.000593304944683607,2.64688654430857e-05,5.38106504753971e-05,2.39159751289461e-05,0.122567214076045,0.00179557323622126,8.51290280395778e-06,0.61176058002689
"17","root.EOD.Medicago.5.449.3b.R","root.Medicago",0.0108252016367969,0.000553061371681649,3.79200108112986e-05,0.0188192269928953,0.00251078633389052,2.47237968922867e-05,1.44177224441879e-05,0,8.53759360050673e-06,0.190364079000003,0.00455384425338021,7.1593332128764e-05,0.0572127243900847,0.000372525884476566,1.54330914584633e-05,5.51708393901354e-05,1.34103517265924e-05,0.137781554239766,0.001944142982585,1.93568299039155e-05,0.574802289346084
"18","root.EON.Arabidopsis.1.451.4.R","root.Arabidopsis",0.0193169070651641,0.00132660907255462,5.26071818656603e-05,0.0182396862308421,0.000912149045640737,1.43140132000851e-05,0.00135912783036695,0,1.46821253033623e-05,0.00203336955400191,0.0031652206050983,4.17418728233527e-05,0.0467586986251925,4.44892883573564e-05,7.32955123132054e-05,0.000735727600553346,0.00020955669919657,0.164009865642617,0,0,0.741691952034908
"19","root.EON.Arabidopsis.2.452.4.R","root.Arabidopsis",0.0153202368653608,0.0006548598673015,6.5355095892606e-05,0.0207921529304392,0.000927911436714403,1.17610357884692e-05,0.00175355797720071,0,5.13474167934208e-05,0.00319540314224288,0.00157309602172705,2.88404247109113e-05,0.011868538051353,7.34383693935136e-05,2.1929382406065e-05,0.000254915045098317,0.000230789667879319,0.232742901813855,0,6.68175821528606e-06,0.710426283697628
"20","root.EON.Arabidopsis.3.453.4.R","root.Arabidopsis",0.02613540129471,0.000666472726291019,8.35475974467591e-05,0.0122619288843218,0.000888573972009121,1.21223374844322e-05,0.00213819314120777,0,1.83595745892733e-05,0.013511711709161,0.00124896005587,2.33019211492711e-05,0.0100924662217129,0.00053107233266027,5.53004907053413e-05,0.000323641749981569,0.000119997163361842,0.168222376820597,0,4.12933592462163e-06,0.763662442670816
"21","root.EON.Arabidopsis.4.454.4.R","root.Arabidopsis",0.0146970087039633,0.0008324463705874,0.00012679065311139,0.0212556985441729,0.00192527740764382,1.67298913045801e-05,0.0010528441901154,0,6.53613059497195e-05,0.00517730872542841,0.00414882582848577,3.42229326208908e-05,0.00167918273476795,0.000105273439902773,1.46589880622013e-05,0.000390967208518103,0.00022628600364097,0.216684558145705,0,0,0.731566558926019
"22","root.EON.Arabidopsis.5.455.4.R","root.Arabidopsis",0.020434699473939,0.00115082684838171,0.000110334791597437,0.023943147686623,0.000927291775091669,9.83952886410506e-06,0.00206037207788118,8.40966084268545e-08,4.73190146907713e-05,0.00326596485812801,0.00190528055142607,3.44317915700244e-05,0.0105360683214977,8.22606001286168e-05,4.39057663761443e-05,0.000422852368140238,0.000309217090902201,0.245501496805817,0,0,0.689214606552337
"23","root.EON.Arabidopsis.6.456.4.R","root.Arabidopsis",0.0406350553932714,0.000116709371402158,0.00149024471941189,0.011787583297182,0.00278691830185123,1.6453721187438e-05,0.000284201974533565,0,1.6798780816991e-05,0.203225051966367,0.00236886508481879,3.537546780557e-05,0.0285471417098308,0.000805207337283321,2.65053728775396e-05,0.000233011043872183,0.000176468371846211,0.178966878548889,0.00284660730362144,3.49116776368239e-06,0.525631431065368
"24","root.EON.Brachy.1.433.4.R","root.Brachy",0.0194262078194447,0.000179747810527546,0.000267081559338555,0.0139642863444513,0.00226243100015973,1.0144618870445e-05,8.83811209499419e-06,0,5.11229061364232e-05,0.18077938403816,0.00319906479851807,4.28948893339905e-05,0.0365717431061616,0.000944783924809335,1.88970079233463e-06,0.000394411755965989,0.000196814772174244,0.158058568999519,0.00402137816467821,2.2982132472896e-06,0.579616907465617
"25","root.EON.Brachy.2.434.4.R","root.Brachy",0.0338484002824451,0.000106754163169061,0.000792162247992801,0.0127225716858378,0.00289423085424905,1.87105910946326e-05,7.78242190375233e-05,0,4.62221975466167e-05,0.154555811080236,0.00306100703423685,2.74517910634403e-05,0.00978875749316528,0.00101996007909905,1.08440347083214e-05,0.000181452850145596,0.000169547905709067,0.114387994768788,0.00311778798925858,5.38088100689333e-07,0.663171970644117
"26","root.EON.Brachy.3.436.4.R","root.Brachy",0.0207179713610936,0.000864331277194244,0.000135754246169191,0.0220488011575193,0.0012571448355824,9.04124316495456e-06,0.00141013124545392,0,3.74866377403099e-05,0.0164661735431005,0.00276749926434121,3.27176643074759e-05,0.0240204765835818,8.5161146987791e-05,3.77913789117349e-05,0.000549150765772583,0.000201745872803237,0.209971834287192,0.000757127167006254,0,0.698629660322078
"27","root.EON.Brachy.4.437.4.R","root.Brachy",0.0336704007059414,0.000113263817280768,0.000333058343541517,0.0112105692210609,0.00253546500229721,2.2717823134178e-05,4.58617264854886e-05,0,2.05232269992831e-05,0.25025230733846,0.00291410355643114,3.67169039501394e-05,0.0253804424852365,0.000784929992982275,7.1786939968588e-06,0.000310646062034286,0.000175097977197593,0.12940744240517,0.00410402594446396,4.70321512290114e-06,0.538670545558214
"28","root.EON.Brachy.5.438.4.R","root.Brachy",0.0442261765075081,0.000101214094158597,0.000364207512929238,0.0110245561876089,0.00150574194612719,1.75485978431628e-05,2.97069747249068e-05,0,1.46553963785804e-05,0.198413805943986,0.00179679612701242,2.28170900319375e-05,0.0509411885164063,0.00047784350678102,5.63894699795236e-06,0.000138353558308674,0.000109483393520318,0.108419422623575,0.0025832225035134,0,0.579807620572589
"29","root.EON.Brachy.6.439.4.R","root.Brachy",0.024475771787187,0.000155487755402481,0.00028828681610816,0.0175251097261049,0.00346397632322476,1.01481727688293e-05,8.77963662519754e-06,0,5.19785682213756e-05,0.144704159768868,0.00399362479666577,6.16088743178481e-05,0.0205226911961866,0.00196197481026075,2.59101329238594e-06,0.000389566160680077,0.000309597432231817,0.163710080885693,0.0043161084573894,0,0.614048457818772
"30","root.EON.Medicago.1.442.4c.R","root.Medicago",0.0126338025132687,0.000330210900070246,3.12032467470951e-05,0.0147765975285074,0.0019184288597029,2.04769466172323e-05,1.2668350263863e-05,0,2.47228096943147e-05,0.195660825183601,0.00585024846476471,8.98880105687631e-05,0.0315384311892317,0.000550722118215842,3.48953571209092e-05,0.000105165043970268,1.38401660213213e-05,0.119349465284118,0.00145759785656628,7.77813641962374e-06,0.61559303203453
"31","root.EON.Medicago.2.444.4b.R","root.Medicago",0.00829378375506245,0.000922473802600166,3.28515395956096e-05,0.0254545289134161,0.00296760189513312,2.65470471418062e-05,2.14424952679826e-05,0,2.16016908578409e-05,0.045511649527257,0.00516183851446103,0.000106930631967797,0.0677053380156179,0.000605422801209513,1.92513006953095e-05,0.000226043374326285,3.15015603104031e-05,0.199508204931542,0.00348117933901987,0,0.639901808864518
"32","root.EON.Medicago.3.444.4c.R","root.Medicago",0.0103685026386059,0.000121463201518557,1.94520189928529e-05,0.0131227092588328,0.00115281859286672,1.69020765242909e-05,1.27853324999868e-05,0,1.65873187956555e-05,0.141376212692259,0.00197626432388129,3.71274009661856e-05,0.0273231618616535,0.00211431458419954,2.3199588996117e-05,3.73899404992844e-06,3.79398886999353e-06,0.105121439814327,0.00110630241270186,2.7175717134077e-05,0.696056048182325
"33","root.EON.Medicago.4.449.4c.R","root.Medicago",0.00580821262356084,0.00056325184166546,1.86530572966837e-05,0.0236725043999987,0.00347156373141548,1.83657328043674e-05,1.14632331954556e-05,0,2.52928437352616e-05,0.0434846980929257,0.00578250902071277,7.26225664778899e-05,0.0683411467145362,0.000935717275629552,2.99197780593422e-05,7.41532819105246e-05,1.25152651986384e-05,0.162065058049404,0.00245348522889514,2.15599724339345e-07,0.683158651662853
"34","shoot.EOD.Arabidopsis.1.451.3.S","shoot.Arabidopsis",0.067080759711843,0.000237745152094295,0.000130587081626735,0.00263895607261445,0.00110179862250488,2.454521212243e-05,0.00406188166934694,0,5.02198563728001e-06,0.0276935158730761,0.0016126570106199,2.29267948121535e-05,0.0380709497586305,0.000173793971875763,6.89515143675467e-05,0.000113632846024058,2.34915311038629e-05,0.0115336101875834,0,5.04936003103171e-06,0.845400125644086
"35","shoot.EOD.Arabidopsis.2.452.3.S","shoot.Arabidopsis",0.0392526984274285,0.000364289097309722,0.000119009735877107,0.0033733213032385,0.00655733032982083,1.68275405718379e-05,0.00151743050463127,0,4.33056852323154e-05,0.0103259620862842,0.00373525355109862,5.32985414680108e-05,0.0208455555266513,0.000780205604400434,0.000237306557271811,0.000267113834738214,4.21059627754412e-05,0.0835628466193047,0,0,0.828906139091897
"36","shoot.EOD.Arabidopsis.3.453.3.S","shoot.Arabidopsis",0.0530760510619917,0.000174727462745891,0.000132278962665598,0.00694371812291667,0.00258640315379913,2.40681511931781e-05,0.00255947279527686,0,6.10419043915379e-05,0.0170380656758594,0.0015152184142288,2.56174008507636e-05,0.0156664672039779,0.0014774324448868,0.000647501149050728,8.52764356142714e-05,3.05070241864343e-05,0.0859214688389608,0,5.22421978619956e-06,0.812029459577617
"37","shoot.EOD.Arabidopsis.4.454.3.S","shoot.Arabidopsis",0.0305873442808042,0.000280048116265776,0.000146438356828509,0.00228981971454722,0.00686934638782685,1.69696543057315e-05,0.000677667732619487,0,8.38669016499403e-06,0.0122814461804544,0.00584509200708918,8.38223054474068e-05,0.00362410522041424,0.000217379683458731,9.64820702945335e-05,0.00034156671708354,4.23850901768906e-05,0.0279773420624471,2.4410541624669e-05,0,0.908589947188147
"38","shoot.EOD.Arabidopsis.5.455.3.S","shoot.Arabidopsis",0.046448491999935,0.000207477945561033,0.000131700990778159,0.00194524818016782,0.00812962319172984,1.87339192971267e-05,0.00101213600973775,0,7.30717478803231e-06,0.0426024725988648,0.00527316352828278,3.50052194043999e-05,0.00249056652134993,0.000303907986658355,0.000112797461532533,0.000186029469086705,4.10520325592778e-05,0.00387068363212458,0,0,0.887183602138142
"39","shoot.EOD.Arabidopsis.6.456.3.S","shoot.Arabidopsis",0.039767702875072,0.00128545929242925,0.000151212891591833,0.00534760891231483,0.00146001390448847,1.88654156781326e-05,0.00588631479909896,1.99935300322287e-06,1.07289472829801e-05,0.00524927692241384,0.00252535689972839,7.44801305711259e-05,0.0542742801552409,0.000218540064178337,9.56151554336808e-05,0.000399600758343593,7.0390444657184e-05,0.0245035837449731,0,0,0.8586589693335
"40","shoot.EOD.Brachy.1.433.3.S","shoot.Brachy",0.0241322434070067,0.000315416193760033,0.000606734068337541,0.0101844074466954,0.0115973637860049,5.59776274583922e-05,1.6550782062535e-05,0.000554531084035843,0.000467802377488358,0.0103093419597438,0.00320027337026009,0.000203003302169438,0.110288185036371,0.000298024654293612,0.000529200515116296,0.00108307463492639,0.000232305485958277,0.0801933617642105,0.000763481876870331,6.17777649083087e-05,0.744906942862322
"41","shoot.EOD.Brachy.2.434.3.S","shoot.Brachy",0.015930325498393,0.000263686421056782,0.000336992278682666,0.0122865044400861,0.0175101568423732,4.1169010499517e-05,8.8733816626193e-06,0.00037417498861171,0.00130485517649617,0.00821510536218427,0.00299907832492267,0.000144460556151933,0.0561120477944071,0.000360900761846643,0.000558378807627129,0.000811101955159745,0.000232738114108294,0.133901449263946,0.000127408182147371,2.37346879327817e-05,0.748456858151705
"42","shoot.EOD.Brachy.3.436.3.S","shoot.Brachy",0.055570891500906,0.000307076097325908,0.000438168773400836,0.00788355499710096,0.0084512984883779,8.82796315480525e-05,2.68457079837813e-05,0.000309772901687336,0.000625568421982692,0.0384383545295247,0.00253484696851766,0.000120243446272685,0.0813040695075691,0.000385140627406323,0.000761811586745797,0.000853718089873341,0.000119463332270194,0.034433914633159,0.000309058311714577,0.000217591121288169,0.766820331325345
"43","shoot.EOD.Brachy.4.437.3.S","shoot.Brachy",0.0275010224084296,0.000526202218981152,0.00028221887978578,0.00775315221498909,0.0189708280431111,5.27642424741445e-05,1.782810835263e-05,0.000475076099644898,0.000516285323309343,0.0104971421173117,0.00346244426130344,0.000198584645585751,0.103210690984857,0.000283753935684533,0.0005371536038374,0.00139386684855329,0.000206470715803616,0.0670109791020489,0.000856626870657783,2.03312129659677e-05,0.756226578162313
"44","shoot.EOD.Brachy.5.438.3.S","shoot.Brachy",0.0357956242283037,0.000189391852089745,0.000419748773291244,0.00742963696787069,0.0111675082097302,8.22724388732152e-05,1.59386404941971e-05,0.000229849454696756,0.000604564844913021,0.0601936778816909,0.00195148476212807,9.54035734518291e-05,0.0865811973012085,0.000323286056993753,0.000911767038085709,0.000317258664655915,0.000111166135022253,0.0590510358924176,0.000280802784981539,7.20136615938111e-05,0.734176370837507
"45","shoot.EOD.Brachy.6.439.3.S","shoot.Brachy",0.017281844895169,0.000394950397587994,0.000289658627730265,0.00934681827479926,0.0177079296917497,4.50639284171179e-05,1.10658184602469e-05,0.000352597587404562,0.000609428541465136,0.0080208118129543,0.00285816662139128,0.000152902099140617,0.110644133140433,0.00035319147214639,0.000480246755655488,0.00088285277664775,0.000193758417037,0.0837557266868717,0.000538785218252896,1.67203036012344e-05,0.746063346933085
"46","shoot.EOD.Medicago.1.442.3a.S","shoot.Medicago",0.0339306808381421,5.8856464807785e-05,6.12469997497314e-05,0.0153032292935334,0.0045053843890413,4.0271313043178e-05,5.59090023824174e-05,3.1619329493998e-06,7.89614196122214e-06,0.0200967895835301,0.00516653464444031,0.000122965558178131,0.0918922965045973,0.00293162329412861,5.70724627528769e-06,9.4609478564461e-05,0.000136998372677937,0.225441139160845,0,1.65901778323961e-05,0.60012810960332
"47","shoot.EOD.Medicago.2.442.3b.S","shoot.Medicago",0.0463944834323017,1.54249835415577e-05,4.31921081793309e-05,0.0136591878257402,0.00315461282540617,3.53440814988027e-05,5.76143837613818e-05,2.60097820222494e-06,0,0.0459443754671253,0.00374655589774857,0.000246411243036131,0.0506146552341943,0.00176296080861143,6.37624240688907e-06,4.3982544329084e-05,9.64368873390328e-05,0.131666882556398,0,3.49523499812233e-05,0.702473950150198
"48","shoot.EOD.Medicago.3.444.3a.S","shoot.Medicago",0.053786159422317,9.63398614901005e-05,5.22680187704757e-05,0.0140027658908218,0.00369444655523875,3.72827926092181e-05,5.80385382971029e-05,2.42211936833795e-06,4.70705951629688e-06,0.173842061857315,0.00618512985517292,7.21391742647232e-05,0.0552981447817593,0.000908508386730337,2.95199157730792e-05,6.54923703152466e-05,7.35707127201565e-05,0.109087433676229,0,5.26576630573529e-06,0.582698303244985
"49","shoot.EOD.Medicago.4.449.3a.S","shoot.Medicago",0.0352292511959111,2.47601754989249e-05,8.88619937358686e-05,0.0183730334009891,0.00367457110761753,4.38581065056587e-05,5.35919430735626e-05,4.47984936806675e-06,0,0.0275048101189189,0.00772084021388974,0.000213888369740407,0.0956143641494625,0.0020639647282906,1.63328027694369e-05,5.13587708708692e-05,0.000101443891305862,0.17172002662936,4.89903801995906e-05,1.67136515756403e-05,0.637434858520916
"50","shoot.EOD.Medicago.5.449.3b.S","shoot.Medicago",0.051379191943378,0.000109245784855391,7.84306879896884e-05,0.0114408524470795,0.00335380536957268,4.47107810508211e-05,5.20876314483487e-05,3.62007372621862e-06,4.16203228148532e-06,0.108934110756593,0.00541290954608276,0.000159062604621123,0.0598282308051031,0.000967412591485013,3.15814048767125e-05,8.88009749514984e-05,0.000109493515590795,0.114584642522935,0,3.23526349292967e-05,0.64338529589145
"51","shoot.EON.Arabidopsis.1.451.4.S","shoot.Arabidopsis",0.0314926558988732,0.000121098886861216,0.000146250044471605,0.00683077617528341,0.00318571742009335,1.52753912841055e-05,0.00536675831674282,0,4.63622957028601e-05,0.00523181892967429,0.00226273208722031,4.01137078077481e-05,0.0120317879433795,0.00130302942530555,0.000326331162292464,0.000112419993439541,3.1072346652529e-05,0.172743985078761,0,0,0.758711814896154
"52","shoot.EON.Arabidopsis.2.452.4.S","shoot.Arabidopsis",0.0372666351123384,0.000300093782245874,0.000140707254651103,0.00516094517756794,0.00493756765043895,1.17881034243762e-05,0.0013237897533629,0,1.71920843805011e-05,0.00874724679439559,0.00349047186022557,3.28851926225366e-05,0.0066798047756922,0.00122372060823361,0.000368185883055055,0.000266972620087954,3.62860381968294e-05,0.102258715984069,0,0,0.827736991325011
"53","shoot.EON.Arabidopsis.3.453.4.S","shoot.Arabidopsis",0.0596820024705486,0.000115200051261686,0.000148188972154854,0.00320114985299531,0.00525797017571948,1.90152912478784e-05,0.00174533210459609,0,5.47025519789484e-06,0.0248491074594121,0.00393463004273465,3.91871803308808e-05,0.00606458763915539,0.000945630420648734,0.000506980781325011,0.000154745578190496,3.90366667355634e-05,0.0436819991484529,0,4.87012791853364e-06,0.849604895781374
"54","shoot.EON.Arabidopsis.4.454.4.S","shoot.Arabidopsis",0.0563303935311539,6.36287411844844e-05,0.00015752644848745,0.00178682690797005,0.00496213344696399,2.38905830185923e-05,0.00113671775365184,0,4.21484085888768e-06,0.038416895781194,0.00371849571189181,6.19396026858017e-05,0.00736364852205969,0.000407623982480498,0.000277096113889259,0.000261950721944394,4.74689263760057e-05,0.0211460482559172,0,0,0.863833500128272
"55","shoot.EON.Arabidopsis.5.455.4.S","shoot.Arabidopsis",0.0511844385744152,0.000290243436049645,0.000114109293074345,0.00233571794711391,0.00149303044224385,1.81117561246051e-05,0.00358578801945614,0,5.89802542918599e-06,0.0248979725931774,0.00235532183797539,2.89440432236891e-05,0.0220814926787375,0.000408704151119934,0.000185357487037204,0.000296476696904128,2.40072534395687e-05,0.0106758176476358,0,0,0.880018568116842
"56","shoot.EON.Arabidopsis.6.456.4.S","shoot.Arabidopsis",0.0322034821312895,0.000752073090867727,0.000146299375367342,0.00381290909395079,0.00215409470740424,1.15640914273493e-05,0.00406237400811353,0,1.44248534814279e-05,0.00666589772491072,0.00289373130533294,5.34238384692754e-05,0.0264381839718863,0.000439773732432841,0.000182739866188478,0.000556795050969679,3.75585327411634e-05,0.040902821314872,0,0,0.878671853310295
"57","shoot.EON.Brachy.1.433.4.S","shoot.Brachy",0.0382444799969585,0.000357514962594632,0.000482148537361365,0.00964164227762227,0.0171944338145552,7.09080140299296e-05,1.69915112436176e-05,0.0004687150621544,0.000505441406704749,0.0131483781774089,0.00391705263921683,0.000192820758113039,0.0359799694337654,0.000425118081160691,0.000568928234996111,0.00134692450354384,0.000205704456212514,0.0732702352821005,0.000113406635789491,3.20089701104245e-05,0.803817177244358
"58","shoot.EON.Brachy.2.434.4.S","shoot.Brachy",0.0339626891430307,0.000200453252497798,0.000607238258357627,0.00845650801926915,0.0184995566066644,9.69579613656831e-05,1.73611946714822e-05,0.000580426144026164,0.000803532988972051,0.0112248730236289,0.00401129778618253,0.000192602781136379,0.0376115242836928,0.000404954560586333,0.000644227508963605,0.000717796572019706,0.000217545039384135,0.075543539734944,0.000131389580954604,4.37717488939156e-05,0.806031753810758
"59","shoot.EON.Brachy.3.436.4.S","shoot.Brachy",0.0656343628754734,0.000188234796972361,0.000767282336696114,0.00711667128481388,0.0116042989568168,0.000105218115870191,2.28964564379823e-05,0.000417319848103523,0.000721681349830296,0.0585259456728128,0.00314800224153641,0.00016393352182358,0.022955308218003,0.00041051749944843,0.000938549396534213,0.000777646475027481,0.000138808335266338,0.0300256169835865,0.000230262382640261,0.000294119641623737,0.795813323610683
"60","shoot.EON.Brachy.5.438.4.S","shoot.Brachy",0.0478714526119628,0.000179247550699858,0.000542612842558846,0.00664741106069609,0.0122374037301583,0.000103514645729198,1.48412900597297e-05,0.000335959777417883,0.000622543122012302,0.0502228793998857,0.00337677776481933,0.000163587251832371,0.0463289445345805,0.00025945713100232,0.000919962429499994,0.000551452170147597,0.000186545828550614,0.077128128733166,0.000290565275759385,0.00010971873533124,0.75190699411413
"61","shoot.EON.Brachy.6.439.4.S","shoot.Brachy",0.0593958984676227,0.000291034159690106,0.000462612446515121,0.00585274039933663,0.00959418259578441,8.24177730001236e-05,1.53604091155906e-05,0.000282182335216828,0.000347258634726639,0.04997110592899,0.00410012921191192,0.000178133130797524,0.0255125538879606,0.000262237332818963,0.000740661754550476,0.00144031583950664,0.000133744153647075,0.0417339469004044,0.000229038236924279,6.44259215478358e-05,0.799310020479932
"62","shoot.EON.Medicago.1.442.4c.S","shoot.Medicago",0.0436814521301503,7.62729246137897e-05,8.96596909643106e-05,0.0148320229238903,0.0061375169598002,4.44694256488894e-05,7.26733793131376e-05,1.31383674611969e-05,1.0107820450353e-05,0.0853113885313077,0.00596750960416734,0.000130048143169818,0.0284300598951979,0.002087158986525,9.91548231092841e-06,8.90069595079096e-05,0.000153818907527449,0.141872788221812,0,6.89439780680559e-05,0.670922047668114
"63","shoot.EON.Medicago.2.444.4b.S","shoot.Medicago",0.0243578536253814,6.13464710103275e-05,6.15233363185944e-05,0.0165876208765089,0.00548796417864981,3.43161796753434e-05,3.0564459115841e-05,1.72824223840403e-06,5.39646357327704e-06,0.172273419273408,0.0109261453213119,0.000127557850960239,0.0152811050061005,0.00145407964270834,0.00016462491366486,7.75030639727755e-05,6.06508116313824e-05,0.116259186785397,0,0.000159580302723684,0.63658783319565
"64","shoot.EON.Medicago.3.444.4c.S","shoot.Medicago",0.0416615086558903,8.90960784402163e-05,4.78527510771772e-05,0.0120544402584884,0.00528016675696267,2.98930036735257e-05,7.44370592614625e-05,0,1.03568805976062e-05,0.126073856750403,0.0017052541255142,8.59215645480648e-05,0.0322491037428245,0.00175890962228755,8.7265001845976e-06,9.28692420266793e-05,0.000144013628198074,0.161348159267404,0,1.90924382847833e-05,0.617266341673933
"65","shoot.EON.Medicago.4.449.4c.S","shoot.Medicago",0.0397494737264511,3.73806253163748e-05,6.83664121527456e-05,0.0207598802407235,0.00830066213874336,3.40545071112957e-05,7.65821016012705e-05,2.14454524398366e-06,5.64760418340768e-06,0.0209670419109936,0.0025374469899417,0.000180703498797886,0.0457502056349159,0.00369435151470975,0,7.75813041592129e-05,0.000164241262653144,0.230022324796889,7.70793028090443e-05,1.28843372113921e-05,0.627481947545392
