"","exudate-EOD-Arabidopsis-1-451-1","exudate-EOD-Arabidopsis-2-452-1","exudate-EOD-Arabidopsis-3-453-1","exudate-EOD-Arabidopsis-4-454-1","exudate-EOD-Arabidopsis-5-455-1","exudate-EOD-Arabidopsis-6-456-1","exudate-EOD-Arabidopsis-7-457-1","exudate-EOD-Arabidopsis-8-458-1","exudate-EOD-Brachy-1-433-1","exudate-EOD-Brachy-2-434-1","exudate-EOD-Brachy-3-436-1","exudate-EOD-Brachy-4-437-1","exudate-EOD-Brachy-5-438-1","exudate-EOD-Brachy-6-439-1","exudate-EOD-Brachy-7-440-1","exudate-EOD-Medicago-1-442-1","exudate-EOD-Medicago-2-444-1","exudate-EOD-Medicago-3-449-1","exudate-EOD-TxCtrl-1-441-1","exudate-EOD-TxCtrl-2-450-1","exudate-EOD-TxCtrl-3-459-1","exudate-EOD-TxCtrl-4-460-1","exudate-EON-Arabidopsis-1-451-2","exudate-EON-Arabidopsis-2-452-2","exudate-EON-Arabidopsis-3-453-2","exudate-EON-Arabidopsis-4-454-2","exudate-EON-Arabidopsis-5-455-2","exudate-EON-Arabidopsis-6-456-2","exudate-EON-Arabidopsis-7-457-2","exudate-EON-Arabidopsis-8-458-2","exudate-EON-Brachy-1-433-2","exudate-EON-Brachy-2-434-2","exudate-EON-Brachy-3-436-2","exudate-EON-Brachy-4-437-2","exudate-EON-Brachy-5-438-2","exudate-EON-Brachy-6-439-2","exudate-EON-Brachy-7-440-2","exudate-EON-Medicago-1-442-2","exudate-EON-Medicago-2-444-2","exudate-EON-Medicago-3-449-2","exudate-EON-TxCtrl-1-441-2","exudate-EON-TxCtrl-2-450-2","exudate-EON-TxCtrl-3-459-2","exudate-EON-TxCtrl-4-460-2"
"2-hydroxypyridine",0.00281639099322412,0.00567201739005822,0.000563287852386787,0.000809300418282515,0.000987751569715656,0.000626241353671541,0.00277795210280315,0.00740177745165,0.000759508855722672,0.000697135309053455,0.00100415147113279,0.000934725758162799,0.000907655476675326,0.000919894122833561,0.00128720918449898,0.000632750613759835,0.00126347628637275,0.000460055037460328,0.00176985062760784,0.00289873116213823,0.00337645266683362,0.00224631040389379,0.000877800906749776,0.000811123974992438,0.000454346013953596,0.00051036494294501,0.000372515676881667,0.000369854361129863,0.000611839129697022,0.000770250359912531,0.000585029531464724,0.000487818211347089,0.000628720758449523,0.000489289934396301,0.000410014461567223,0.000832158971598457,0.00329346307684966,0.000676496709220097,0.000312485840209665,0.000371739662400528,0.00106941152187225,0.00166453762280306,0.00293306308682435,0.00510788765474466
"2,3-cyclic AMP",0.000726557799634018,0.000739926334715266,0.000656252340326701,0.000852848597798729,0.000153972370910853,0.00096945147696414,0.000523813096827677,0.000638760066190487,8.70046083585839e-05,6.69798386503529e-05,0.000130861129130106,0.000105305455597013,7.53447339779182e-05,0.000120349057616857,0.000119253367948231,0.000170581879889625,0.000186904249631633,0.000172682394508893,0,0,0,0,0.000586346483453789,0.000765385718080095,0.00045018190761725,0.000664441311961176,0.000120547373702915,0.000392889261655336,0.000710893151948862,0.000410234192860663,0.000144315652973834,0.000158765730964922,0.000111480376285163,0.000142437813845501,7.46767594703934e-05,8.64173697236838e-05,0,0.000140337184908376,0.000121769248516066,0.000335001985581704,0,0,0,0
"3-methyladenine",0.000662185763243128,0.00201284645788622,0.00130450777358885,0.0019487245083468,0.00213565111749011,0.00149804045847392,0.000926580481276072,0.00184702929342801,0,4.46916393755001e-05,1.9868598460905e-05,5.23469530292128e-05,3.00868677662409e-05,3.01747856484441e-05,0.0001264424057741,0,0,0,0.000112133266071018,0.000298037853029975,0,0,0.000520969475903862,0.000518926140849862,0.000334907599882198,0.000748280526936239,0.000532064649805084,0.000960146214257606,0.000596511299494353,0.000863135578176736,0.000484495487002335,2.52363173148544e-05,4.24346841158683e-05,0,0,0,0,7.82757607350699e-05,1.99185498544905e-05,0,0,0,5.59260818574902e-05,0
"3,5-diiodo-tyrosine",7.53701364168973e-05,0.00214296464561365,0.000949723286695749,2.06273485066113e-05,6.22633154914307e-05,5.24308118870372e-05,7.01017981909736e-05,6.17569389733447e-05,0,0,0,0,0,0,0,0,0,0.000104411583577871,0.000401768451979984,0.000218414432122407,0.000274815637580417,0.000401036736110389,7.62343066498301e-05,0,0,0.000167685385068701,0,0,0,0,0.000138347730446622,0.000154750806603653,0.000347747700276286,0,0,0,0,0,0,9.44059092100029e-05,0.000770043501294322,9.05377790768401e-05,0.000780188013712911,0.00044991513111852
"4-aminobutanoic acid",0.00243854401274175,0.000983566139134849,0.000143769918836426,0.000154770213086831,0.000599354269051393,0.000415821558964189,0.000244334438768188,0.0011947177701407,6.735626667354e-05,0,5.02824590154115e-05,9.23557475103133e-05,0.000196880311245523,6.40382811376479e-05,0,0.000269019242489283,0.000217633239779288,0.000544712653891503,0,0,0,0,0.000330341691922604,0.00327786972838409,0.00199708881156497,0.00027404419967897,0.000852292146686683,0.00260244124379399,0.000402708178672892,0.000346667091108812,0,0.00049068564630858,0.000548706397932821,0.000103071167135307,0,0,0,0.000166991082446737,0.000672506922232367,0.000587620094380586,0,0,0,0
"4-guanidinobutanoic acid",0.00187509119478754,0.00301838024675497,0.00339130260063179,0.00212833824342451,0.00204039825673494,0.00149704798011127,0.00174712180244365,0.00163857322346597,0.00064506315151957,0.000398240341364783,0.000572079155536549,0.000651382272244776,0.000505034513461874,0.000504360580368339,0.00652210386253596,0.00185663387143518,0.00172657618271858,0.00156948501132333,0.00186394686594482,0.00253895230724259,0.00124963606363571,0.00110170643539625,0.00126688808425291,0.000647508566735869,0.000480247615329581,0.00089444267416715,0.000528867163652879,0.00138564544548408,0.00102911498744293,0.00125503259316388,0.000605354510592858,0.00025310394101831,0.000513876156161429,0.000823060482055367,0.000613211840906663,0.000503002106946135,0.00208916782960646,0.00192054574978541,0.00259100067874458,0.00281800199851655,0.00182194390295163,0.000945783197907677,0.00216320105760609,0.00247447054273821
"4-hydroxy-2-quinolinecarboxylic acid",0,0.000230545140045477,2.45434746518721e-05,0.00034508841268488,0,0.000198627878868269,0,0.00218229022876203,0,0,0,0,0,0,0.009841332443016,0.000269361815397101,0.000915920456292892,0,0,0,0,0,0,0,0,0,0,0,0,0,0,0,0,0,0,0,0,0,0,0,0,0,0,0
"4-hydroxyproline",7.88758557310312e-05,0.00053320485116112,7.05968145740732e-05,0.000399486817998565,0.00045626726715077,0.000109772093793171,0.000144889099440558,0.000996097776589204,0,0,2.22037981571118e-05,0,0,4.69374847730875e-05,0.000131862036550303,0.000357725335547232,0.000508419059859144,0,0,6.67836740046743e-05,0.000174560607017562,8.36452331981691e-05,0.000325852809774759,9.89899428728697e-05,0.000109424787903796,0.000123197309210597,7.78258578837427e-05,7.24223256916127e-05,0.000320211080529328,0.000511277837461591,0,3.29998238842318e-05,0,0,0,0,0,5.60108130615536e-05,6.16305057572546e-05,6.55474821982689e-05,0,0,0,0
"4-quinolinecarboxylic acid and isomers",0.0125186411608112,0.0122303139748531,0.0154236574144425,0.0133805758743679,0.0268188678589689,0.0147086302534121,0.0142570038096891,0.0115688900319021,0.00194266847461604,0.000656964866104439,0.00286161900255327,0.00127126430890203,0.000652179866318231,0.000230644618998656,0.000842471710875751,0.00107045356106925,0.00204275697901396,0.000348931497177826,0.0091315961912477,0.0125200007725087,0.00969571218297448,0.0195462144906273,0.00565027655439704,0.00513763022453328,0.00447479661743222,0.00613272365048732,0.0070819671316589,0.00252805246485216,0.00524140075302615,0.00513493634859328,0.00431545321456903,0.00293282905365606,0.00321251721926226,0.00306629446518584,0.00309954692537698,0.00064164177926232,0.000575046323431532,0.000904056364317504,0.000589667925878595,0.000939478946985999,0.00221315855887302,0.00248849948393512,0.00128292819096506,0.00193597834178895
"5-oxo-proline",0.00602065915518436,0.00651753574291341,0.00413237495011888,0.00330138050735274,0.0018497983912636,0.00467436285240233,0.00217765245484226,0.0024559944907319,0.000352118930000841,0.000325673255215673,0.000699655821264603,0.000429796462687434,0.000363414840869263,0.000439150931820962,0.00274706420459963,0.00111826662366943,0.00132904372808063,0.000651496910791281,0.000306051308811931,0.000553529112994243,0.000936027525650233,0.000665715959113859,0.00176216746948646,0.00672224498700115,0.0045206210424191,0.00258140254218339,0.0042511880512192,0.0052320727233729,0.00235478442711194,0.0016442481516329,0.00113109095298281,0.000725278858693244,0.000493786493954958,0.000637061392893986,0.000358516838442885,0.000707710529936244,0.013637280077599,0.000847542124915404,0.00072147335363241,0.000602746795869843,0.000727531011967194,0.00093689901754797,0.00176028541168022,0.00140069097489905
"5-methylthioadenosine",0.000644248844589028,0.000943848310297421,0.000535662645272369,0.00124013738267434,0.00183869833323092,0.00114051977185447,0.00087967046393489,0.000898175888744317,0.000928889559407646,0.000910873720853739,0.000893789391952689,0.000746886156907187,0.000866306428768003,0.00121454763215426,0.00119980078011738,0.000334861287962404,0.000371864562740876,0.000456997245432669,0,9.69608446538856e-05,9.49152223034707e-05,0.000128170617188115,0.000441986602969559,0.000469851098097814,0.000460208432153826,0.00017123278007262,0.00033205228257957,0.000293868311394917,0.000174847985464296,0.000361575950137444,0.000369234398644486,0.00039957160936468,0,0.000449740904140099,0.000502456172466647,0.000342661797354489,0,0.000359362220671114,0.000346848991859059,0.000175310017077255,0,0.000148497493529844,0,0
"adenine",0.110231684379892,0.228850956465876,0.23673423020145,0.296982543363859,0.268807163161068,0.229789558324027,0.305224955992126,0.205370049152523,0.51880571803946,0.47510218259349,0.457493583121848,0.502505032806879,0.395227459407529,0.509896642647021,0.0607745875292867,0.0916545775503812,0.094881848495148,0.128183205952065,0.0543918739393286,0.0755391613464899,0.0455594928948754,0.0307257580646623,0.241967574648974,0.205514150253284,0.213616287340256,0.313522948638388,0.23297667202887,0.215114988041788,0.304300353441408,0.326332705864749,0.355855278877323,0.258597597067895,0.276728058223906,0.379694195965424,0.322566415266885,0.299149012356599,0.0341118185076722,0.14606569780787,0.0635223018885931,0.150657888289024,0.0358744145841145,0.0385659059559056,0.0521529452092374,0.0430425210766985
"adenosine and isomers",0.0486067653080385,0.140905658429979,0.126258145547024,0.123787062010637,0.0271082836076732,0.152454119833801,0.139601685112684,0.118762912541611,0.0167365127515367,0.0143273989203723,0.0152430227929353,0.0165369524683957,0.00876726776335046,0.016215394116649,0.00824688303422718,0.0723325223861378,0.0606723898155673,0.0959028611892198,0.00755434552072158,0.0143241543296151,0.0149694464030144,0.00899504735545624,0.147094076775249,0.10872060902986,0.126192202990393,0.142313958651574,0.0223239827059021,0.0944846119011503,0.171988223400114,0.155120770469249,0.0273559914649175,0.0186055177637158,0.0137331468309937,0.0281816793965154,0.0209795958548371,0.0275072667147674,0.0146453694824069,0.112182675193797,0.0850979050720835,0.0886497775604611,0.0433305930298154,0.0464186155614692,0.0329761367075871,0.0319173698598952
"agmatine sulfuric acid",0.00445097167563458,0.0060628976637648,0.00239408246425863,0.00657747538060452,0.0124577342614943,0.00490735385585571,0.00504225908778232,0.0113023050461369,0.000316073002557019,0.000145739103763261,0.000271245590770958,0.000423404298204753,0.000721518293476099,0.00029753832942821,0,0.0149804640053541,0.030643690303272,0.0889465212297672,0,0.00154621861389047,0.000490158139979062,0,0.00243685451449259,0.00607809853443096,0.00273178887798595,0.0042697652204,0.00856231369179146,0.0141881170590823,0.00450526635868543,0.00621596923818823,0.000153283579549984,0.00064942199350337,0.000370935814228276,0.000560250199678124,0.000829204962735868,0.000801126832649947,0,0.0284065960544658,0.23034839032162,0.168624794606251,0,0,0.00152040873036011,0
"alanine",0.000834916493627637,0.0020116565106203,0.000213879280169177,0.000132124731374094,0.000143814017331663,0.000732707909197714,0.000192896040798452,0.000139599599407955,1.49388128712338e-05,0,1.83136040895463e-05,2.99449224066014e-05,2.66168895068669e-05,7.77211856028359e-06,7.94591864592437e-05,3.9242235736768e-05,7.09204564558745e-05,6.08677080326098e-05,1.34352434027514e-05,5.234244950493e-05,8.57130476526808e-05,5.94549404558558e-05,0.000152041745700037,0.00340705415190709,0.000570585649934643,0.000253360291081772,0.000523513762122414,0.00124029364823961,0.000195453405056428,0.000110811539658224,5.50089831827078e-05,0.000144171909958269,0.000171710184349615,1.55053411854304e-05,4.75096397913797e-05,0.00014283245490321,0.000517514253647891,3.08054792869836e-05,0.000132835701613689,0.000109388961347126,0,3.81029749533564e-05,0.000104923608406814,0
"allantoin",0.000270233050846381,0.000587468467687179,0.00109819241505442,0.00133539610718023,0.00130211365933101,0.000791825291203972,0.00053196449570326,0.000500573415699771,0.000682049076039617,0.0014913556955129,0.00138214900601552,0.000697512921685734,0.000214340444106676,0.00100769698077066,0.003883185191032,0.00116988079760307,0.00111752828374892,0.000528125720654656,7.25337962233754e-05,9.36895484349271e-05,5.76110581091427e-05,0,0.000327834363208849,0.000194951868862528,0.000132513191788656,0.000410285206050078,0.00014805553776907,0.000342610326942709,0.000377615597498496,0.000632696394979178,0.00110563118813315,0.000298042797118018,0.000309865231239225,0.00100246744324391,0.00182353960062928,0.000924868555850727,0.00493139116505658,0.0018022492074701,0.000613232404998074,0.000261757952182368,3.65293316312847e-05,4.9230896273026e-05,0,0
"alpha-aminoadipic acid",0.00027134224480552,0.000120954406357884,0.000160482747838642,0.000192133229683439,0.000363115441849137,0.000207836312561872,8.83554513037925e-05,0.000208243691147197,0,0,0,0,0,0,0,0,0,8.69252118445514e-05,0,0,0,0,8.79133878246434e-05,8.08484402811394e-05,0.000135702358993657,8.08594914275652e-05,7.98638751118244e-05,0.000166317169989384,9.38773502395478e-05,4.44762623826962e-05,0.000109758029100554,0,0,0,0,0,0,3.81983484064413e-05,5.02708807397334e-05,0,0,0,4.12527541077081e-05,0
"arginine",0.00884682903945281,0.00186200549427895,0.023238231781683,0.0203254709520937,0.00631657974875643,0.0224349474379157,0.0140609203992689,0.00645032248853033,0.000397635396349821,0.000401132250584781,0.000542159061497765,0.000355370440038909,0.000334719776724697,0.000405562784117102,0.00288544662295134,0.00322260394675599,0.00557824946044375,0.00327108713086668,0,0.000976724135221854,0.00124561653751417,0.00120207154070422,0.0083170507642242,0.0140088361203815,0.00986358609617809,0.0135367581505377,0.00846820059207735,0.0338652982863256,0.010012959168167,0.0113866855349235,0.000493741361314178,0.0014142719859331,0.00101818289854603,0.00122753965147359,0.000741056003972967,0.00137228587115432,0,0.00432913080357371,0.0512430309923394,0.015005875514574,0.000605434816675381,0.00208065754830555,0.00533270349994571,0.00510333529378636
"asparagine",0.00307850699457563,0.00254806896163749,0.00163966369582494,0.00149264629412884,0.00106493868884136,0.00486836843277294,0.00142902218431576,0.00123997806090183,0.0005917450056146,0.000233038650028877,0.000320800285146644,0.000315925744792167,0.000194615141472075,0.000269649367748914,0.000220744734405339,0.0267576279098145,0.0364268025177842,0.0147791659374475,0,0.000333808914929954,0,0,0.000902136135378828,0.00475068124833572,0.00432956414155511,0.00255462730628153,0.00355235957916173,0.00212127336723476,0.00255731349460554,0.000769550569003317,0.000774920862958884,0.00249994037660483,0.0016562532263816,0.00121093323979539,0.000527942627710089,0.00201343808434254,0.00196556141081889,0.0270504429592251,0.0642036113880316,0.0588839766561999,0,0,0.00010620527460938,0
"aspartic acid",0.0359966649574199,0.000305357269818064,0.000746264421724157,0.000239622823010139,0.00181649047487804,0.0024287924530918,0.00119539548793592,0.000806484213979741,0.000115294784023026,3.86577340623195e-05,0.000208179466518973,6.997216387061e-05,0.000701136548782487,0.000189784124205235,0.000366423104918681,0.000422456374788723,0.000329688518913446,0.00021584026121716,4.22951067216323e-05,0.0898409710178659,0.106983309157703,0.0632100059049293,0.00632883575615039,0.0131388971774772,0.0174019299175544,0.00547062353992607,0.00955652106157297,0.00184815580100841,0.00929426996509901,0.00118283734958499,0.000634660610484283,0.000909839413177444,0.00424861312033124,0.000224280901170267,0,0.000181468061221625,0.00183764995492972,0.000173242705572165,0.000883067697889645,0.00127782985221536,0.00104959226920724,0.00138265701465661,0.034536002753847,0.0067053815446964
"betaine",0.428350848547177,0.117117717206536,0.256255584259141,0.201001343911396,0.316505674958674,0.189155683019957,0.206494055226229,0.128115530417512,0.2198265623923,0.230585623589768,0.277342876463324,0.262219273756105,0.320766991463362,0.201201606040553,0.664645249315439,0.453071183042002,0.405124647953283,0.41296050310677,0.8425714160289,0.598785764345725,0.693122856951258,0.786295051794659,0.353642928026588,0.350271418440333,0.354363543763317,0.280322254068054,0.450578144664194,0.353081708764044,0.251179676263985,0.168127134392581,0.459395654291296,0.535358677645676,0.549998142225033,0.443605502275538,0.478538092461644,0.50600961697349,0.56625151188655,0.413013932022661,0.32223693293297,0.299150007004799,0.821463423859979,0.823834784698666,0.537375127960898,0.657636425497604
"caffeic acid",0.00187644141065565,0.00160808786259099,0.000755940535329122,0.00071940596372389,0.00138951777584258,0.000850062421451013,0.00128098641021052,0.00140968398978264,0.000283550629172095,9.73075320088936e-05,0.000186653675807127,0.000190933339500313,0.000229495749490442,0.000168888799273303,0.00013009989741404,0.000165108682197267,0.000354536953401285,2.77988414533266e-06,0.000888644397608221,0.00211869060951918,0.0026920018190374,0.00281263492328237,0.000996442279927184,0.000753786524077819,0.000874735786163183,0.000649964589534346,0.000737808684188682,0.000617110849626007,0.000694821512512338,0.000620339929520046,0.000311264788764824,0.000343381143281572,0.000401194873148748,0.000298946250431533,0.000143028179376755,0.000258187385402648,0.000251618029335512,0.000134316530650355,0.000149532214437864,0.000205580360042904,0.00119207523217239,0.00153239893896508,0.00440492987259774,0.00438995731854195
"citrulline",0.000375673727863281,0.000312824316101458,0.000241367072614798,9.68000070588665e-05,0.000151900472939167,0.00028748286713507,0.000199239238250901,0.000298713684068804,4.60989057910419e-05,0,0,7.82414579745766e-05,0.000120630511010008,0,0.000711667902691696,0.000122873088936061,0.000244403333152822,0.000144454946896753,4.99492770969745e-05,0.000314889744057672,0.000395320604346356,0.000314057217146157,0.000187324702439897,0.000303916304616345,0.000447743262063915,0.000108718908418425,0.000210184399494508,0.000562711062330084,0.000181469337818379,0.000165905440651954,0,0.000136284942842823,0.000133213155042624,0.000103452254403988,6.88084295642695e-05,0,0.00117965293950744,0.000126012680943819,0.00068914572451438,0.000349667907817929,0.0001468859275103,0.000147906165760543,0.000300586892212986,0.000554715999981945
"cytidine",0.0290843538696906,0.0237075531962352,0.0140468651409434,0.0265245252128478,0.00209135247119173,0.0192789101660466,0.0162890851266523,0.00461866775644112,0.0266468310138135,0.0115867931873369,0.0115764031428311,0.0216303812348587,0.0302384731127653,0.0241174987757273,0.00137724600233432,0.00469268573480751,0.00366718900823982,0.00844000118807456,0.000142303204846783,0.000340391653559992,0.000497488766447118,0.000205028240534261,0.00786337251694431,0.0225551890843153,0.0153394577813167,0.00804651355206022,0.00277718085651211,0.0108772154065857,0.00734206544956108,0.00399088221270956,0.00782798148422321,0.0122103025307352,0.00902263579896052,0.00683857235548594,0.00357400684780109,0.00711920727259977,0.00069865648863854,0.00534789158805964,0.00145845979586213,0.0073083701188836,0.000184540103311197,0.000172713143608989,0.000635862297306261,0.000374062302249868
"cytosine",0.0286316042462922,0.0185212699240581,0.0241874728386087,0.0230831949577716,0.0250764146625061,0.0187439209256896,0.0192898250606159,0.0163177954226773,0.003170948251275,0.00325472432731216,0.00398378209095398,0.00263058974690209,0.00685620281325692,0.00660433154309578,0.00809407041325418,0.00442585821975084,0.00681420961715962,0.00414872162978189,0.0124796787563816,0.0124500013548072,0.0078298582042374,0.00768176668602814,0.00372555589220722,0.00791780708119258,0.00743563327857433,0.00355753578706132,0.00756244364140893,0.00261632496360182,0.00418861520519603,0.00367021314950095,0.00589847787684998,0.00555919707729884,0.00548645829372845,0.00553760397329884,0.00593058598326623,0.00584805185349188,0.00908643709104627,0.00442315606436788,0.00569591922609237,0.00286486975834821,0.00845658160016375,0.0111027352963945,0.00385198423721477,0.00329643427110843
"deoxycarnitine",0.012430596743535,0.020407242858358,0.0139794042393378,0.0118752136340269,0.0142860622567745,0.013609008300332,0.0114575895581192,0.0158648545006699,0.000132806069083438,0.000117463768821889,0.00013906398389924,0.0001224847675494,0.000212935782878315,0.000141571575313784,0.000388167086302979,0.00014311566301369,0.000127332939661172,5.30602674181297e-05,0.000204885980429519,0.000372794257708194,0.000667437257253122,0.000226184062131055,0.00567496352944837,0.0031792221315109,0.00598439594291329,0.00373634130879858,0.00265626550621941,0.00457139925347602,0.00618020466907486,0.00435274644246252,0.000158961447496522,6.97599966207148e-05,6.56430707395578e-05,6.20074557300323e-05,8.22010371933679e-05,0,0,8.34545646282425e-05,6.84108258192716e-05,4.03169004910251e-05,7.65444165678097e-05,0.000114160240140059,0.000341084648091837,0.00032573841193828
"deoxycytidine",0.000234675614285201,0.000222343671191497,0.000136431972128064,0.000182332558379224,0,0.000148587324173338,0.000102266706100879,4.68395198292383e-05,0.000416448132686353,0.000502683554059999,0.000277530024571064,0.00056159052413658,0.000758660840878463,0.000553282039882641,0.000145487867253838,0.000216425336868787,0.000255084594817452,0.000420877107436355,0,0,0,0,8.70726930751186e-05,0.000237138451609358,0.000167700101509815,7.10079230280326e-05,6.03159434601107e-05,0.000167616437937806,7.41155788677321e-05,6.30054131250694e-05,0.000233839376680888,0.000442975094798666,0.000694568979566768,0.000295155942603193,0.000202722510804303,0.000308465827439796,0,0.000385758645633125,5.49422611708601e-05,0.000528873193195925,0,0,0,0
"dihexose (ex. sucrose, palatinose)",0.00380255638757796,0.0220845018592707,0.00749877538226738,0.0149032710682751,0.0123129210537724,0.00654751840262091,0.00753934963548326,0.00289754321828661,0.00245203382910889,0.00375022350044897,0.00506783567388524,0.00114975628376864,0.000962309267534442,0.00321836192749272,0.00398857430340921,0.00249988178522766,0.0023073138153295,0.00173621882602465,0.011426530841825,0.016092654067898,0.0156870288239911,0.0149549130010476,0.00916833495533714,0.002960105591266,0.00528902635820783,0.00575052876156674,0.00392829470362303,0.00268107434600689,0.00716815574209504,0.0148815268092463,0.00297734234237688,0.00184270252873292,0.00306116715836761,0.00410284421500765,0.00498584318487974,0.00377921019775093,0.00161957163515898,0.00204753864694651,0.00343802966775201,0.0022514603003607,0.016778517515845,0.0166508894385455,0.0899370390436781,0.0394843493983654
"dihexose (ex. trehalose, melibiose)",0.000211789961872075,0.000264419823778788,0.000238273639054357,0.000229602598686743,0.000271139573069826,0.000344091882821591,0.000201972780612161,0.000165469954723263,0,0,2.00402578938459e-05,0,0,0,0,0,0,0,0,0,0,0,0.000129697512036721,0.000195577155784323,0.000240081662431756,0.000234012968176318,0.000113715414815774,0.000199337722446526,0.000218090072575423,0.000166043693668489,0,0,0,1.15905370456475e-05,0,0,0,0,0,0,0,0,0,0
"ferulic acid",7.87879221727343e-05,0.000106481545316882,0.000151985183973888,0.000202904588507275,0.000301061768281449,0.000393867217710896,0.000125916533933968,0.00013040220591339,5.56342129827246e-05,0,9.9261282577351e-05,4.13574030252535e-05,4.79561693754132e-05,7.27457195185656e-05,0,0.000241717654409862,0.000509524346205329,0.000129061920894494,8.38640143927586e-05,0,0.000206882168127699,0.000122391179954947,0.000143649480521591,0.000104677820105514,7.12459672886461e-05,7.20589193177524e-05,5.53783574584191e-05,5.84224239060187e-05,6.2872682238951e-05,7.48319950458835e-05,0.000258466612964987,0.00010606456707556,6.82373483095702e-05,0.000119623958043981,9.86697234326307e-05,9.59232889379545e-05,0,0.000312961505659739,0,5.27197682456373e-05,0,0.000177446845584704,0.000595191333356404,0
"fumaric acid",0.00223163154276468,3.91877041567665e-05,0.000320379327195352,0.000448802824384607,0.000582087560803807,0.00101266113166238,0.000288442378722978,0.000584764575811347,2.39466674760431e-05,0,3.33822075323831e-05,2.53827187827374e-05,0.000160392931108889,3.00467957967697e-05,0,5.66798724506239e-05,0.00012727022972861,4.66291700997124e-05,0,0.000208927879142678,0.00010071948666826,0.000104763056381983,0.000458581129362981,0.0010628710891433,0.00110356905934336,0.000390928718499467,0.000497538159230576,0.000455748491353809,0.000839439997323176,0.000307766597736935,3.90211784029395e-05,2.547122704789e-05,0.0001390839703081,0,4.5887066484025e-05,0,0,5.13438955613949e-05,0.000101730802619797,8.2323808516432e-05,0,0,0.000157245187253638,0
"gluconic acid",0.00169436535882357,0.00185851319295973,0.00158479041074698,0.000195059258441822,0.000909077694042905,0.00173357378887805,0.00258892603421847,0.000874814300667923,0.000383561915862153,0.000744178091012622,0.000404624016235619,0.000404569739251309,0.000186137622764728,0.000672782653076966,0.00173470373131608,0.00361975725605419,0.00301817996754517,0.00144978813125229,0,0,0,0,0.000863940067142503,0.00045242707806403,0.00102047746442769,0.00127854122612061,0.000343310149917627,0,0.00207797172447473,0.000983397272511825,0,0,7.21756083146473e-05,7.69703007917848e-05,7.90568290990606e-05,0.000141484021731405,0,0.00213273416476507,0.00160845960296394,0.00181260744569773,0,0,0,0
"glucuronolactone",0.000440593754952396,0.000452206435453485,0.00115892580545167,0.000147992030530566,0.000355582604903598,9.0476200946864e-05,0.00012345026091817,0.000221631583366099,4.04594493199503e-05,4.61358305619507e-05,7.13028161549218e-05,3.42222776432925e-05,0,4.84833949387359e-05,0,0.000214068503620439,0,6.19793800084163e-05,5.8393837860187e-05,0,0.00014482332866824,0,0.000947454881997735,0.000422949126302888,0.000121911146216233,0.000401721990763995,0.000395740568903823,0.000453322088199048,0.000336379135234146,0.00126298087172665,6.74402059933914e-05,0,0.000104818818014341,8.64423394803944e-05,5.62751637864919e-05,7.43420072959256e-05,0,0.000155486860128026,0.000257225523782698,0.000181225023911854,6.97618116819129e-05,0,0.000281313350573495,0.000289956228757499
"glutamic acid",0.029901931835268,0.0246392204493899,0.023974201359536,0.0134404230354434,0.0237654238423061,0.0327184929679945,0.0109472411819363,0.0100027552622445,0,0,0,0,0,5.09665333869125e-07,0,0.000399967164055279,0.000311565975086498,0.00099102585993616,4.06202461868546e-05,0.000612805048300389,0.000830390089228833,0.000719520121953789,0.0172869525873537,0.0326914311599409,0.0457342695879978,0.0438785946548376,0.0423399623771655,0.0371236934792369,0.0308723965213636,0.00729960109454352,0,1.67787671703894e-05,0,0,0,0,0,0.000306828016433071,0.000551588059124997,0.000136158477597718,0.000122263036557916,0.000171378945958042,0.00128899288253663,0.00037627568838655
"glutamine",0.0864756477672533,0.156947926090135,0.077582854878005,0.0415866533260973,0.0541731031663957,0.109764096756935,0.0474427925529474,0.0424390645258185,0.00137493795164932,0.000976027791648756,0.00172678690777912,0.00145857493843977,0.000719544901447295,0.000941566936395449,0.000375821941351125,0.00220119420249511,0.00288191980581291,0.00153368684884,0,3.76748793763039e-05,0.00200727506165355,0.00011333027118363,0.0354196338992758,0.0982380954286613,0.0807312122428156,0.0479013191918834,0.0489123807477773,0.0672644049419882,0.0523260613873198,0.0267783431255362,0.00280704605788535,0.00297440676815697,0.00201169073813605,0.00250924317817185,0.00311019755139915,0.00666220829364613,0.00259446608906887,0.00200102541996996,0.00278820374819477,0.00140240558305292,0,0,0,0
"glyceraldehyde or lactic acid",0.00209983498783336,0.000671198620678019,0.000229744657249159,7.2425452887094e-05,0.00067480670891995,0.000433885545637345,0.00033203983713024,0.00123214442648473,0.000351014488174366,0,7.7681826541296e-05,0.00072902742814939,0.00119692793214385,0.000343050937865173,0.000356831459518582,0.000779904720491571,0.00181100893155552,0.000761748188228405,4.89981690470738e-05,0.00301649255090812,0.00412140436868176,0.00344922280773404,0.000667315183451587,0.00261310036879881,0.00162185912482387,0.000561443794084898,0.00134152409033432,0.001641119332612,0.000490473311989233,0.000482127455854929,0.000128429660202668,0.00299685181875828,0.00274839357460538,0.000304194513768237,0,0.00102866853612973,0.0070772875293354,0.0005492169749068,0.001134723453342,0.00167403185636021,7.67922889804256e-05,0.000137445543103254,0.000735750907146305,0.00191992584665313
"glycerol phosphoric acid",4.56409146336313e-06,3.47286959104396e-06,0,0,0,6.32713102411489e-06,0,0,0.000211219876699372,0.000288986946158999,0.000214566706489718,0.000142173327349588,0.000130068420250989,0.000281228844975209,0.000407844160067208,0.000921810244769889,0.000599714321642625,0.000546898021713418,0,0,0,0,0,0,0,2.90107144308919e-05,3.8508684229728e-05,0,0,0,9.59512470193289e-05,0.000104855359791795,0.000120754418579238,0.00013865285453447,7.61112125648057e-05,8.86025864615585e-05,0.000161554131436057,0.000786161932383511,0.000182770612381841,0.000482618128086684,0,0,0,0
"guanine",0.0357595118313631,0.052774374411364,0.0637235443449945,0.0856554266210675,0.0342084685785502,0.0444019736100022,0.0886638798925195,0.0881874424027438,0.0895033184533655,0.0993534433615811,0.0822974557880286,0.0899531287141295,0.0968145779032128,0.113599299217903,0.0215365121778368,0.0383716449835424,0.041111184582974,0.0378004919891736,0.00397586547073151,0.00371209541552381,0.00587145325883147,0.00193722079670455,0.0521437771392205,0.0284301841005256,0.0233265477333526,0.0380381815610246,0.0301820869465825,0.0297115278003294,0.0458828777859609,0.0808518653471158,0.0546148903882506,0.0490998974536712,0.0428438584580815,0.041551809779744,0.0551031693695648,0.0403023323425306,0.00842629547551861,0.0629902431884342,0.0190194003387686,0.0497256229453733,0.00522746182391476,0.00593780642003686,0.00726696815268392,0.00624932737524827
"guanosine",0.000986714159680434,0.00292318524496277,0.00222212369032198,0.00345416277897076,0.000979263896504574,0.00312665998106429,0.00213465209355752,0.00335933839463624,0.0384177083395304,0.0345704953399349,0.0273895730385975,0.030233235226574,0.0195420399601638,0.0338098492426077,0.00235553600894775,0.000387924955368057,0.000588299260083169,0.000369080305109331,0.00032170119631374,0.000299539015008158,0.000442928745373493,0.000367496617975979,0.0019530426048153,0.00202250631474381,0.0012557709375194,0.0020790614000745,0.000718490670149867,0.00125614980772586,0.00253087620363048,0.00298256331579394,0.0161245041639802,0.00881506440204786,0.00732854427204063,0.0137926528346828,0.0122954366926331,0.014054349638559,0.00180745164797068,0.000649642005858637,0.000301184522466562,0.000600207485389806,0.00133183317735917,0.00131428746142321,0.00169077277964831,0.00132190515538088
"histamine",0.000461131501277951,0.000373648990213853,1.69095772262305e-05,1.14579530443045e-05,0,3.20663514970986e-05,0.000209130947965212,0.000416631372002728,0.0140534825646945,0.00575779774093168,0.00783676984403426,0.0195943217150677,0.0174087911857662,0.0123195732634044,0.0303226520033807,0.00139155037215127,0.00256118909851386,0.00120083703729581,0.000454458651953621,0.00115118742145696,0.00056180079433592,6.46882483657558e-05,0.000213357057236652,0.000385369099922401,5.94587315958075e-05,4.59409173649786e-05,1.99756111152598e-05,3.43002245268889e-05,0.000306732778699119,0.000237415383308553,0.00995961481963436,0.0239770234554795,0.0151620376261357,0.0144558400728506,0.00583843847508044,0.0180945382815009,0.0336824027585107,0.00100343021034224,0.00212310585620249,0.00168469437035547,0.000156539837591657,0.000247733794144413,0.000181034620810474,7.79254750277045e-05
"histidine",0.00293581684547783,0.00329570395759947,0.002026469167802,0.00118868015464595,0.000497242811298757,0.00543955121087642,0.00247770355292183,0.000692236112325931,5.0417071921828e-05,8.8012706451658e-05,9.75766206172154e-05,6.33334330276412e-05,5.09431570048273e-05,8.37557578588803e-05,0.000353169861048728,0.000200652938429445,0.000170151864219491,0.000216727078175641,0.000222687857324229,0.000527949532212543,0.00100642068490138,0.000703105023005043,0.00174774317751183,0.00407109812232607,0.00420272668990629,0.00251347475867853,0.00160464552430172,0.00616735941909224,0.00254676437844019,0.00132797263848021,0.000172765020524668,0.000183778598663621,0.00018909197402116,0.000166911480511689,5.16807693337285e-05,0.000105768134661263,0.00185787345018945,0.000302930037230199,0.00060971671066458,0.00129721897300894,0.000627935333012699,0.000372564861913123,0.00178834229851844,0.00140178984368208
"histidinol",0.000305299933341976,0.00117953907508577,0.000424175875028152,0.000380213388330782,0.000945347689243689,0.00120291970116348,0.000397397536077203,0.000555867727624989,0.000736649771142446,0.000691286405862246,0.000647432389977255,0.000798914353247311,0.000683718824840283,0.000960517122629545,0.00271756026543158,0.000245053208846866,0.000302861419512462,0.000197801811523577,7.55669078537195e-05,0.000121899373149886,7.31549230587833e-05,8.60995854871793e-05,0.000229398273091753,0.000437582060018374,0.000302662207560265,0.000466475196641858,0.000211202608527449,0.000230397590697278,0.000559712105818406,0.000394618115655747,0.000865365046797431,0.000751191164555449,0.000645256119610539,0.000656226647470695,0.00106483220350763,0.000837271900349784,0.00187818037165406,0.000231853983472674,0.000166717119993533,0.000137720377125486,2.46284953195603e-05,5.8614874188858e-05,0,0.000221498977826822
"hydroxycinnamic acid",0.00128552613184861,0.00557275632889898,0.00351010841243881,0.00287715479743623,0.00370871621803917,0.00764769990960956,0.00277732257547287,0.0051084976354762,0.000347006371474239,6.71438990379188e-05,0.000305369502842234,1.46300020507605e-05,0.000133213626274958,0.000327455296675032,0,0.000467789115168347,0.000926450545476014,0.000249616418790655,0,0,0.00489423392156796,0.00108250012880325,0.00233247491860108,0.00240244786137575,0.00106876699167097,0.00158167726549819,0.000963843685459183,0.00112788967803968,0.00153039250004131,0.00113586689119113,0,0,0.000180615338188219,0,0,0.000205664614353393,0,0.000282495302406157,0,0.000119721319636203,0,0,0,0
"hypoxanthine",0.0258350038631092,0.0082927216072117,0.00653940053780499,0.00977911246121092,0.0684119594665881,0.00700440845929841,0.0192671828433953,0.210101341067468,0.0105086956474629,0.062707419308982,0.0530534028215254,0.00910350148573291,0.0375277749210684,0.0133599347200875,0.0582733491242445,0.0128256903163888,0.0253712634314973,0.00393537698356317,0.0247122257892091,0.0219359356289672,0.0252037369623134,0.0097427082212482,0.0212296086765862,0.00711068520871834,0.00633489495836835,0.00974971566882007,0.0589602363839668,0.00826995826892771,0.00971701314044325,0.106866383004176,0.0105622320809245,0.0239143771485132,0.0225365621338573,0.0103213183674172,0.0331238724024358,0.00772381491762985,0.0435942478768313,0.00539032192025359,0.022649089659936,0.00591260640007092,0.02185055138168,0.0192161239905873,0.132894131677381,0.136487011501854
"indole-3-acetic acid",0.000243264723522777,0.000495017338136696,0.000481854754110932,0.000538547104486659,0.000730131949742891,0.000333576304150334,0.000551317964116264,0.000390696733447188,0.0168638043011043,0.0122413881476341,0.0120574523980959,0.00624864784032707,0.0311712861522749,0.0180592592752272,0.0254072876390277,0.000147228574717612,0.000283143691902431,0.000111216708984654,0.00166000924364188,0.000242255950040281,0.000187711324981724,0.000241129019327578,0.000269954956677692,0.000221361780901162,0.000444569173406376,0.00068175473031737,0.000155867644493627,0.00086633925637895,0.000529120123914541,0.000487445344941668,0.00511507686233231,0.01771863433006,0.00975952570718263,0.0107717830377676,0.0110871401159945,0.0224668582229211,0.00653757096075346,0.000115129476218221,0.000232007624113799,0.000124256169494623,0.000204172245294883,0.000271566950108777,0.000620303517510991,0.000329013001198852
"isoleucine",0.0011296723510908,0.00193213611379455,0.00158144167147051,0.00209623032918996,0.00101180943187929,0.00174810510948578,0.000786056593007622,0.000596440347662097,0.000176124107871405,0.000105789458699843,0.000222564784853612,0.000189131605747016,0.000123182794131932,0.000109327998932285,0.000254839192786302,0.000214935777754563,0.000296763462581045,0.000256636527776986,0.000839367344429443,0.000992352258176594,0.00105670499255117,0.00125336286770051,0.00069476455453729,0.00151737728114301,0.00101297646748796,0.0012667056230908,0.000931643012022016,0.00113301277767564,0.000786591042213964,0.000861114623598557,0.000344876340731585,0.000404572729437859,0.000325088757024558,0.000297224679852808,0.000305462950266038,0.000377101522446916,0.00138905376498054,0.000319739758370233,0.000347490155593286,0.000258629528524498,0.000497859925313428,0.00044869338190318,0.000466689205506134,0.000391883815530912
"isomer of 5-methylcytosine",0.00083249651672835,0.000968742664898993,0.00105727580578377,0.00159269213099982,0.000273752418283101,0.00112837334241758,0.000863257624781795,0.000225163717877267,0.00289803265218414,0.00324215144599914,0.00392810447481258,0.00308208577227395,0.00351053213575131,0.00315591634373607,0.000538288751706993,0.00203917789779641,0.00344028990444357,0.00282481694369011,0.000119249825487696,0.000292523600590831,0.000198238465142432,0.000129196540555141,0.000482613326930594,0.000508893657475188,0.000306075697438625,0.000465368507768743,0.000265929711869999,0.000345025332305638,0.00037197845844052,0.000309646730042151,0.00293653112234786,0.00193259633857982,0.00314995774089157,0.0023403874373736,0.00263095167789063,0.00215152735766729,0.0016111410821772,0.00346372326105141,0.0016586486400837,0.00446867397976287,0.000126102765191438,0.000137162348159419,0.000545474775508685,0.000495743529591951
"isomer of kynurenine",2.44095427783408e-05,0,3.00217857013921e-05,1.92777175551052e-05,4.49356336361684e-05,1.86335228288414e-05,2.75455825452883e-05,1.57851694594584e-05,0.000439697852081555,0.000441241195846598,0.000436942242108796,0.00054119895322254,0.000270368560066653,0.000572394030656867,0.000719040309359301,4.5497456994991e-05,7.17092631154193e-05,4.73132153500181e-05,0.000113119296233414,0,0,5.98422745811608e-05,4.87973221137861e-05,0,0,4.99040531498295e-05,2.48916290481674e-05,1.06696166425865e-05,1.78901727423375e-05,2.3535328149839e-05,0.000111784799602854,0.000103097955952453,5.42937767244277e-05,0.000148914426048747,0.00021597374403854,0.000221850082455747,0.000689759571266655,0,0,0,0,0,0.000121864915919548,0
"leucine and/or norleucine",0.000599552556779124,0.00192549882747778,0.000875083778987909,0.00118126488201961,0.000656047914653624,0.00101762034209617,0.000610331319548355,0.000598664061909101,7.2008483628756e-05,4.51748444853145e-05,8.88381619160512e-05,6.92926413213854e-05,7.12833597648322e-05,5.61546858771754e-05,0.000194452051462303,8.53674500628161e-05,0.000210525567305415,0.000113243632648926,0.000135153450663694,0.000143790354070413,0.000204683306441404,0.000140856162806437,0.000700090954567305,0.00089407286638825,0.000732000376260597,0.00114154245377212,0.000716860105343152,0.00100225330877987,0.000624734509477891,0.000699605222262919,0.000267536764875362,0.00036933964593121,0.000252991750623108,0.000191945537757892,0.000259896876574676,0.000361337227826156,0.00104329262103632,0.000210071024317049,0.000184281625412445,0.00019315099847915,0.00025593675969245,0.000205459883579728,0.000379832095675098,0.000284441341618686
"lysine",0.000432678549220245,0.000247477214226343,0,0,0,0.00019951090956969,0,0,0.000102700703547352,0.000132544315491741,0.000250262649462292,0.000118742010477309,0.000530197377594911,0.000252373033993537,0.000219010693795928,0.000308856029242175,0.00031279642209749,0.000580829912752516,0,0,0,0,0,0,0,0.0018507948245652,0.000874221042188287,0.000300355599134167,0,0,0.000659829385839148,0.00123633973194157,0.00156226601210824,0.000581184043525277,0.000332577876125699,0.000449351346789302,0.00104788767345206,0.000381991053560094,0.00126076919578065,0.00141211313846304,0,0,0,0
"methyl indole-3-acetic acid",0.00438419777620852,0.0036517768821445,0.00735739814234428,0.0046519611744434,0.00973425192649207,0.00567977147633776,0.00475702454039752,0.00397488864507224,0.00191587546935792,0.00198046465139363,0.0018183266741932,0.00172408111252251,0.00173069411358818,0.00221343594972805,0.00564061886616041,0.00224747578975737,0.0022468806305744,0.00152913561939143,0.00983520723976669,0.0156709648010644,0.0120734901481233,0.014952857548299,0.00233982741780923,0.00112281250028016,0.00149130854810603,0.00111681400689868,0.00203185830507364,0.000918411457281067,0.00198391586774429,0.00180004820422373,0.000909272442829123,0.00101939755463817,0.000736205115234419,0.00132373021073294,0.00103165005049701,0.00199790424406747,0.00244661247570158,0.00173770807963892,0.000979585417717907,0.0016622566254754,0.00481081750725723,0.00483795814963958,0.00430891517858275,0.00360439915314264
"N-acetyl-glutamic acid",0.000631140245132002,0.00112003842432131,0.00130754619682735,0.00059307704620024,0.00212208420671988,0.000459872847872505,0.000524802811936138,0.00148244240607233,3.20608229222056e-06,4.25091225632047e-05,0.000107883825177557,1.11410782604121e-05,0.000162019906940514,0,0.00186153567208841,4.97273921352787e-05,0.000399928138396492,0.000155930300709889,0.000220775894621839,8.4122827692526e-05,0.000125908707701905,0.000106026300254726,0.000401258881707159,0.00052884126179337,0.000308116696551013,0.000244218289463498,0.000524559815575495,0.000145653885535256,0.000384441176482139,0.000774653551477421,0,0,4.98892036576113e-05,0,0,0,0.000120007658154411,0,0.000442783258469782,5.70997398762043e-05,0.000114645421443008,0.000155729619910274,7.75552430922314e-05,0.000177777090012741
"N-acetyl-hexosamine",0.000998949895411666,0.000500063671711007,0.00043385436502876,0.000483537735405251,0.000248645744266762,0.000619303993075437,0.000615422609659069,0.00123824566296758,0.00129811172034299,0.000961034844086615,0.00101719694282618,0.00142114804912563,0.00123764295963574,0.00155633935845525,0.000332450839273381,0.00214794527841512,0.00195723191772182,0.00112128638254872,4.22013563887529e-05,0.000156890208284687,0.000195400013054967,9.96273719073754e-05,0.000457347861790074,0.000689734699431742,0.000601657134304518,0.000417516635009003,0.000334147380038867,0.000487916519188614,0.0003896606826036,0.000840979737193621,0.000733612711716421,0.000635955437854757,0.000619346821297996,0.000688308653221768,0.000408452704638246,0.000641525830431855,0.000460274948652021,0.00195340091012823,0.000770544520261859,0.00105699579398278,8.37482507459565e-05,5.47184653518231e-05,0.000164851781942853,0
"n-alpha-acetyl-asparagine",0.000179071245560433,0.000857993447966291,0.000133662514620073,0.000248564602348593,0.000255257281888855,0.000663534971816017,0.000112141262161965,0.000379251663387113,1.04496232627992e-05,0,0,1.19742111039676e-05,0,0,0,2.23589470914725e-05,0,2.5845898463371e-05,0,0,0,0,5.96166816112201e-05,2.03309751890882e-05,1.30235169076084e-05,9.43127504116098e-05,2.41887065423831e-05,5.19494714196565e-05,6.92891939189621e-05,5.44933725772846e-05,2.74709255794425e-05,0,0,0,0,0,0,1.38802100189784e-05,5.3851499939089e-05,2.99807882684799e-05,0,0,0,0
"N-trimethyllysine",0.00151195902174246,0.00619947141451114,0.0035634077377151,0.00540714038099683,0.00154576679977189,0.00489401778441604,0.00367537379479466,0.00432918978130845,0.000132995616811438,0.000181936780802897,0.000168232985857972,0.000106874252364327,7.72416000738265e-05,0.000122497477867069,0.000847861790408064,0.0036179568994257,0.00342031335576726,0.0029561062124655,5.26376725553879e-05,0.000122504124785945,0.000243486220801416,7.25510889907951e-05,0.00226378450676454,0.00154171914672193,0.00154748557818701,0.00252293101419922,0.00098752460595113,0.00207014716160981,0.00239030508260623,0.00282992779363372,0.000150951059322896,0.000178419749058366,0.000183409511692594,0.000199197728971974,0.000160704585317363,0.000276771163708563,0.000684467577170427,0.00288122415740571,0.00429187646930334,0.00305962752977714,0,7.98767479752771e-05,0.000291254032513837,0
"nicotinamide",0.00191040603535272,0.0020703092610813,0.00373539499894103,0.00403672427137441,0.00387091574472603,0.00175883603616646,0.00220270121147299,0.00275367711845533,0.00787814647105771,0.0135018904926808,0.00700741212427233,0.00676773007553839,0.00505420646877127,0.0128140273304508,0.0340772342980275,0.0103863226482627,0.0076031012673756,0.00471003459970337,0.00285291896797942,0.00382211417446547,0.00338688204996443,0.00223433100872936,0.0058442363281505,0.00175386748490357,0.00367659412062876,0.0028994409210228,0.00318267778417665,0.00162519817352918,0.00133576997897736,0.00245076529356002,0.0102223177251944,0.00726871734976711,0.00465413750220222,0.00847478779766541,0.0173302583213099,0.0118816758991768,0.197309232393126,0.0113057915085633,0.00304906191994666,0.0077232848484183,0.0111186743657622,0.00302470454274008,0.00689777605349111,0.00671788255802528
"nicotinic acid and/or isonicotinic acid",0.00402969599910747,0.00199180340287376,0.00386486641521777,0.00624347951112978,0.00210690649890201,0.00269909900797355,0.00203679116463766,0.00199360863856679,0.000600414792172977,0.000451678343692793,0.000583786252772724,0.00044615788114263,0.000338771281850647,0.000291380473442111,0.000306191895847723,0.000137029231217492,0.000358727705375484,0,0.000374457523801169,0.000378189561069054,0.000382053018722413,0.000135613510286678,0.000760334566658643,0.000703452814389246,0.000668913046206724,0.000984070420834472,0.00077310516398911,0.000583638760822024,0.000484507925768528,0.000585716024984973,0.000821895579376223,0.00035375524897216,0.000334492835140059,0.000576041951189026,0.000523343956575925,0.000240308211488092,0.000468484573973324,0.000165340182132533,8.28483635490832e-05,0.000164383055664519,0.000200070279519391,0.000132742537979899,0.000535353998132262,0.000573154526902688
"pantothenic acid",0.00477236890419148,0.0107489447951772,0.00919680567218529,0.011356005359838,0.00431035703411584,0.0104101569942762,0.0116894767849603,0.00805043879060198,0.00373181738264492,0.00353750959673586,0.00392232307025533,0.00325816388585252,0.00288978684847377,0.00392709679221181,0.016980132350865,0.0151977322694369,0.017220083888009,0.00693971464856894,0.000760507448797382,0.00173118390112012,0.000873264347786667,0.000361842095174822,0.00642386791764249,0.00286429219831687,0.00490555006734755,0.00613195501737756,0.0021867995322994,0.00393970636555135,0.00843431972232744,0.0103281466568161,0.0021236291902577,0.000956494424413468,0.001192331758327,0.00143411983859698,0.00150911028461199,0.00130013507314137,0.00303746951991233,0.0114922525723271,0.00963618948648218,0.00510386545036457,0.000447760126757729,0.000463157780746074,0.00212915861203348,0.00100708473737563
"phenylalanine",0.0071931868686904,0.0387036097957233,0.0149705866623446,0.0120543229038818,0.0149672332544413,0.0242405707902054,0.0123325602045352,0.0146774199580257,8.86588726019661e-05,7.93134651614419e-05,8.56028666403403e-05,0.000115000829680436,0.000484937120186999,7.43295742529054e-05,0,0.000216965878698037,0.00044671990126009,0.000750174666410679,0.00196486272110235,0.00500895731881696,0.00831969444547056,0.00625676486539177,0.0156478349032532,0.015495357517008,0.0138518834960003,0.0142788045539578,0.00835961568271673,0.0554976677852597,0.0176653187872242,0.0171689672729127,0.000207509902613257,0.000624028402131072,0.00118556641509,0.000200503833997851,0.000109889049740378,0.000270755805346905,0,0.000253178648761882,0.00116216801160183,0.00597207382973634,0.00489716984889955,0.00465248436370813,0.0100604719427957,0.00970849332746281
"pipecolic acid",0.00162629009373938,0.000351113372101041,0.000449896555602035,0.000373450021570679,0.00206248054713455,0.00026852193017788,0.00037929824596899,0.000952467853760273,1.1614957030407e-05,1.0852219726662e-05,0,2.4657167419448e-05,1.37179826013307e-05,1.03400906303966e-05,0.000122119178931159,0.000362510994076513,0.000539588395287914,0.000280727153772157,1.80603338176347e-05,5.4506875808889e-05,2.72183412379358e-05,1.8347759477439e-05,0.00109108310582728,0.00109660453458354,0.000873124781208283,0.000460981789887495,0.000823730640100724,0.0003668439444779,0.000349435088442645,0.000617889789240067,5.08069062200813e-05,5.97910008509207e-05,8.47150742721298e-05,5.27676749356523e-05,1.37044551246007e-05,4.23286444065986e-05,0.000496861745569536,0.000316853409004928,0.000817422627428447,0.000535166465295016,1.0048442476818e-05,1.14115159436166e-06,3.21395948661002e-05,0
"proline",0.00303204750944286,0.00462391445249963,0.0016210009405655,0.000904982727641691,0.00135465744868592,0.00229093527215088,0.000897581718266051,0.00316325799394798,0.000181656941020485,4.65966910074564e-05,9.62394770390885e-05,0.000171041090581097,0.000166552207812256,0.000140517976519437,0.000648419122839899,0.000689443011530829,0.000995436648842252,0.000615616316539511,0.000118556663394869,0.000828195779421766,0.00107866237851383,0.000842091472975171,0.00131795707594523,0.00651766173872646,0.00305040538860891,0.00117494222049538,0.00228115526527005,0.00372406937030347,0.00117552347151295,0.000920490610477113,0.000158894997854791,0.00058980508914131,0.00063122598735882,0.000277471504833745,0.000115065496248258,0.000444242996833691,0.00306425421954522,0.000474963139081643,0.00123566436213018,0.000945548687298261,0.000262995298674304,0.000291519776302286,0.000998594389631532,0.00050839827628377
"pyridoxine",0.0127690590377654,0.0216304042695769,0.015189272019248,0.0184373352389219,0.0180797540210442,0.0151317668526271,0.0130091202247485,0.0159031339047124,0.00179278497430377,0.00132416482819407,0.0015079827129189,0.0015086812775791,0.00172673025433627,0.00187136046132329,0.00342030650423893,0.0281612003626799,0.0235428612313342,0.020171971046849,0.00263865105047987,0.00314218465347902,0.00342264775967959,0.00326042849757987,0.00583637097595187,0.0059117698074295,0.00481262820906268,0.00543516165181133,0.00338457803007759,0.00699901739602584,0.00439387617015045,0.00610628266626485,0.000742155729971284,0.000997214435978461,0.000809021457654203,0.000938803028574595,0.000638770733233301,0.00111090795874936,0.000416763105168164,0.0190821673662834,0.0144651523759042,0.00877780177580087,0.00115887045749571,0.00130490772686234,0.00394227034878591,0.00438517332961064
"quinic acid",8.28006276449056e-05,0.000195420660270526,0.000105798221963484,3.91068682809687e-05,0.000109532758941255,0.000225671361438965,8.58147910306374e-05,0.000134313844424813,0.00195557599618181,0.00175856126688553,0.00165726048978076,0.0012668448484368,0.00118074269148132,0.00164909169439551,0.00398347740548179,2.40797531669869e-05,5.08596501491203e-05,0,3.08662636733764e-05,0.000115687141212095,0,9.97407225388346e-05,7.55827430886815e-05,8.78974085920517e-06,5.91795980503417e-05,7.49323116345348e-05,6.21856167180515e-06,0,0.000137576085341337,5.21521958582555e-05,0.000782832716093456,0.000474963943635544,0.000338765299801985,0.000567467441575326,0.000486668244277706,0.00046195180394271,0.000266550649037488,5.20690480696728e-06,0,0,0.000155349432422511,0,6.28721601764368e-05,0.000186352607792444
"salicylic acid",0.00104744577738927,0.00123477128588785,0.000398421598829823,0.000406500419810075,0.000890127944557126,0.000685593441990439,0.00104512575345298,0.00143853839949153,0.00017899085819862,0.000140381531165096,0.000209019552115158,0.000131887508425998,0.000113439234216538,9.12022422915297e-05,0.000177319544215295,0.000133427492193657,0.000727310436363242,1.1239127365872e-05,0.00170405817630866,0.00383792229637574,0.0039658516598094,0.00321297104167883,0.000853320685142258,0.000937388951978011,0.000561728561438945,0.000309099662303587,0.000420177020516981,0.000421134153152017,0.000870287914950475,0.00101199375783558,0.000124832773134336,0.000305888601857231,0.000502129918108666,0.000109087866498114,5.36296738106791e-05,0.000533108051951433,0.00114711413089423,0.000233819721656164,8.0245654500264e-05,6.55573689321773e-05,0.000667618408510786,0.00199163754337359,0.00237143307464855,0.0028003794668747
"serine",0.000850880028127966,0.00056357191574193,0.000248850614546588,0.000120932913989825,0.000163371298044068,0.00025167094369717,9.74274791627922e-05,0.000156513163095984,0.00014285800348154,4.29300366265565e-05,0.000140949179434008,0.000156481681987328,0.000101402805016511,8.39620024111418e-05,0.000371786624723448,0.000702567460322093,0.00112834285307593,0.000872820969139514,0,0.000181828027792161,0.000214915162643465,0.000162253303763348,0.000127458088454082,0.000756926848306056,0.000543456539567943,0.000187934377100361,0.000338587628415264,0.000562806170299887,0.000152340869681626,9.91304525303912e-05,0.000257407511983142,0.000424833171408976,0.000289332132582059,0.00018163783659206,4.12101552952771e-05,0.000317688772216003,0.00490195070446678,0.000641701322331205,0.000846353645835793,0.000505828283255338,3.45118873953155e-06,0.000140077332947472,0.000119965492592992,0
"sn-glycero-3-phosphocholine",0.00555258323035853,0.00289609942715383,0.00345844483756488,0.00327244881505491,0.0042239848900759,0.00419952052087614,0.00273122696465071,0.00411956612860258,0.00458625431571306,0.00662881854397163,0.0063613943861132,0.00331026089387646,0.0024524368247739,0.005010633263336,0.00306363387655929,0.0320147486981013,0.0244934588087766,0.0216018488072532,0.000770187868195235,0.00318531369706909,0.00133491543878547,0.000817532294323703,0.00612139657620537,0.00197170616839673,0.00290705016349284,0.00332310988179562,0.00308786259977043,0.00606260626805325,0.00390291010236473,0.0039632901487769,0.00360130006199649,0.00400274843107624,0.00350316375866754,0.00552088668764733,0.00331061537231822,0.00392266960637386,0.00251793973752693,0.0264399592253474,0.00612082261535533,0.016681244178751,0.00289587511838109,0.00145315995172301,0.00538472421365284,0.00168431608476025
"threonine/allothreonine",0.00105414436773403,0.000744379428790229,0.000255103383837239,0.000254989246846061,0.000227797681778844,0.000474821967614386,0.00016692198034903,0.000108402236715196,4.86193862708409e-05,2.9878872342948e-06,7.01194722091933e-06,4.26148142749976e-05,2.77067537822471e-05,4.96390036697503e-06,6.14802202532284e-05,0.000136490330940143,0.000141452785861786,0.000256691869407013,0,5.3110549251537e-05,4.93955411285095e-05,0,0.00014180928617294,0.00163573083372974,0.00114528647288254,0.000323280318244869,0.000642808252831178,0.00071128490722308,0.000300642756835478,8.43284943081604e-05,7.73074604247696e-05,0.000140120397850688,0.000180744892606852,8.11761240084599e-05,0.000102721953763936,0.000160379903349033,0.00148293354207652,4.99545295827105e-05,0.000549437830310786,0.000333360730956594,3.59139287112618e-05,1.85139014720231e-05,0.000113364851840919,0
"thymine",0.000268401781464149,0.000291267911847815,0.000373426846273512,0.00021328417245514,0.00182274498161749,0.000576247893416222,0.000199496451521227,0.00205781359730921,5.8045645354101e-05,0,6.09329915471678e-05,4.97872966538767e-05,5.20658063439763e-05,6.40397749443733e-05,0,0.000137239443367994,0.00017737416676901,7.84500220432771e-05,0,0.000638340659139394,0.000644714124936348,0.000768874056579835,0.000168271542730467,0.000140641223511277,0.000199289044836469,8.43079444389042e-05,0.000268869899029279,7.48105842459935e-05,0.000119779957378229,0.000103358044322644,0,0.000182439554665068,0.000186709553966905,0,0,0,0,0,0,5.65501125740648e-05,0.00010559622235087,0.000108577694373386,0,0
"trans-cinnamic acid",0.00026892151578341,0.000619082687778013,0.00068910322151313,0.000576678249747267,0.000827758030571497,0.00136287358036686,0.000861257103295371,0.000422114143388633,2.66081560979558e-05,4.71821094540825e-06,2.67158280777741e-05,0,1.08055907963611e-05,3.61097683141128e-05,6.49377707598971e-05,6.40959122272695e-05,0.000200335554483802,1.51676319781309e-05,0.000174782182383695,0.000168107608113325,0.000161040246396998,0.000250616595469992,0.00530426814464096,0.00320616027260036,0.00611783197999627,0.00257213375152046,0.0018182713897429,0.00102977063913558,0.00598095543457008,0.00199039472666866,2.91565653202561e-05,3.04365228786385e-05,5.21190803563176e-05,3.29109901562515e-05,1.91818297406709e-05,5.95916754253903e-05,0,0.000102064978945316,4.23692667247144e-05,0.000123016702495383,0.000122318774298291,0.000176063424425425,0.000185751914242212,0.000208024606745618
"trigonelline",0.000278524585157094,0.00234108125412006,0.000760518608854991,0.00048157564457381,0.000493801499328836,0.00189452007226985,0.000758868724533384,0.00173554761706703,0.000398692735821842,0.000441610749023825,0.000422475664568397,0.000314246570036063,0.000182191369428779,0.000475714358514482,0.000373067514162844,0.152430423951071,0.167103709303086,0.116263077653817,0.00115026358155322,0.0932864843250307,0.00767626207458239,0.00312634068666113,0.00075108797091859,7.70307359041089e-05,0.000125341313061914,0.000449027799418653,0.000122560184440968,0.000122350741854438,0.000909427501916785,0.000951422063965439,0.000369331212357904,0.000155220800585543,0.00017054608555868,0.000370229936380972,0.000320164015002511,0.000260639083846741,0.000419881144423758,0.0870826778764785,0.0620650606307986,0.0710011056961337,0.00467493121324585,0.00225233378599967,0.0341288807577316,0.00774521590912563
"tyrosine",0.000325584218983577,0.000988521481361803,0.000260012655023435,0.00041440096625733,0.000250881936928435,0.000761483092527049,0.000292438289773351,0.000526668480050536,0,0,0,0,0,0,0,0,0,0,4.10071051866201e-05,0.000160958386781121,0.000208082779290793,0.000191409502924286,0.000177394346192449,0.000675358902191429,0.000232639145152517,0.000131446585606483,0.000120779901553249,0.00049273187421506,0.000316105707955979,0.00031788670202729,0,0,0,0,0,0,0,0,0,0,0.000100571985208518,7.88408328725546e-05,0.000323967683162655,0.000256439066915043
"uracil",0.00268299417224273,0.00241880167387779,0.000671022286828557,0.000440424443315345,0.00239237023480965,0.00154413832598961,0.000718450294126059,0.0144119748247689,0.000104190928177108,7.187347944396e-05,0.000138492347683033,0.00012762381685584,0.000261851059415881,0.000117311057196095,0,0.000301047795291878,0.000473727827565739,0.000560343279582584,0,0.000288672922613637,0.000490343331426745,0.000208276376867999,0.000820908165323158,0.00102799755944712,0.000933327407399291,0.000505592241433625,0.0010417357120774,0.000462281758501977,0.000512838133648926,0.000765944513572559,0.000129676564327601,0.000297608624563714,0.000363249173556184,8.07218427643581e-05,9.87714045886177e-05,0.000111269503477065,0.000506778856988972,0.000166252967915921,3.31597598857017e-05,0.000174571085010693,0,0,0,0
"uridine",0.0010123399064752,0.00244769482433287,0.00179225107098997,0.00436215994811531,0.000422303852358932,0.00186059991445356,0.00213419710826833,0.000974579874547653,0.00167452701809789,0.0016507656108815,0.00185433570697059,0.00131512967925044,0.000551357606876569,0.00137640481021757,0.000242346949421891,0.000396456576246458,0.000494896456351209,0.000264179927854735,0,0,0.000112768619597317,0,0.000897233464548393,0.000430240329274293,0.000553325392317515,0.000890618187934094,0.00010443355157979,0.000218604370862413,0.000869166707143044,0.000486270804008096,0.000851458042757761,0.000311054371928617,0.00029897033179012,0.000609821602233447,0.000626698051706841,0.000592144514994891,0,0.000554855267041135,7.38366981142318e-05,0.000174115947301246,0.000103156010255114,9.93382994621085e-05,0.000312462046391206,0
"valine and/or norvaline",0.00167097896708798,0.00329025195006604,0.00228637343784527,0.00220119167118002,0.00122033205577647,0.00199202723298443,0.00119066273251885,0.0012749476390031,8.25700238311211e-05,4.22923506352881e-05,9.52572054045484e-05,0.000118960859781045,8.09848350412545e-05,7.53723344201436e-05,0.000202461215727512,0.000239254885634434,0.000288697909388404,0.000264879134695445,0.00014539427968793,0.000188704395762026,0.000290153576203993,0.000210196677447861,0.00131244529140304,0.003286640874904,0.00211817467620721,0.00182833602711331,0.00183113392657968,0.00228241333790939,0.00119852584590568,0.00117836034752411,0.000284315428507933,0.000333914242489089,0.000428798307081504,0.000160361460286394,0.000293585639582026,0.000553736612621289,0.00156311091930146,0.000246642040078528,0.000516641428368604,0.000366005944057249,0.000255394484900918,0.000224899099334617,0.000406532303937847,0.000251979338743456
"xanthine",0.00266457285285073,0.002294470005958,0.00236672326548223,0.0032958017021097,0.0056596239369462,0.00212824254937316,0.00290028690565204,0.00260768617721105,0.00106905720971941,0.000863009088632167,0.00114366821975732,0.000952609541301262,0.000893499898342601,0.00107196570603037,0.00270088680143693,0.00302086931330356,0.00390471826601811,0.0029399630138063,0.000820083563828234,0.00122596031000319,0.00152482856020025,0.00143910069234386,0.00204327869630512,0.00129399448449631,0.000853383235601701,0.00195693578430513,0.00678322576752758,0.00111347870654272,0.00126794486883499,0.00201836760833537,0.00109738469052239,0.00118372691437203,0.000950826770238111,0.000925156941660447,0.000931197733081957,0.000848639324071426,0.00859913694187348,0.00237205767752737,0.00218448989273331,0.00151156575500679,0.00140596316840175,0.00139581950207032,0.00554501129297905,0.0061389985193135
