"","Medicago-1d.1","Medicago-1d.2","Medicago-1d.3","Medicago-1d.4","Medicago-00h.1","Medicago-00h.2","Medicago-00h.3","Medicago-00h.4","Medicago-02h.1","Medicago-02h.2","Medicago-02h.3","Medicago-02h.4","Medicago-04h.1","Medicago-04h.2","Medicago-04h.3","Medicago-04h.4","Medicago-4d.1","Medicago-4d.2","Medicago-4d.3","Medicago-4d.4","Medicago-p5h.1","Medicago-p5h.2","Medicago-p5h.3","Medicago-p5h.4","PC1","PC2","PC3","PC4","PC5","PC6","PC7","PC8","PC9","PC10","PC11","PC12","PC13","PC14","PC15","PC16","PC17","PC18","PC19","PC20","PC21","PC22","PC23","PC24","id","PCone"
"2-deoxyadenosine",0,3.22274960672679e-06,0,0,0,8.14349106502086e-05,0,0,0,2.15558497110387e-05,0,0,0,4.99068231713482e-07,0,0,0,0,0,0,0,0.0101283977093706,0.000217571896851891,0,-0.000154962770511976,-0.00222530273418897,0.00510982433011487,0.00626598526592504,0.000907173452666238,0.000711375782124016,-0.003336598945564,0.0127105956290215,0.00197105307837367,-0.000861578276279956,0.0286977348886511,0.0305058696817779,-0.0266142197278052,-0.0269188249580399,-0.0397244781802952,-0.0132868479492868,0.246247080867992,-0.137636421148672,-0.041601993132575,0.192050040839955,-0.193470653078868,0.0752368259229277,0.176864591824082,-0.274404143192289,"2-deoxyadenosine",2.40134602447474e-08
"2-deoxyguanosine",1.80063505402792e-06,9.896332503288e-07,3.78124581917946e-07,0,0.000180677061347097,2.37186476060058e-05,0.000565138335790685,0.000665619203871884,0,4.7786921278977e-06,2.28703345844135e-05,1.2251830148504e-05,2.14556602081444e-06,2.59150720049553e-06,0,0,3.00713156980474e-06,1.47761503424493e-05,7.33223349864382e-06,6.37964773083655e-06,3.49921798383474e-06,7.86378809187436e-05,0.000734373118319739,0.000307340522047579,0.000661727421926803,-0.000172396110750134,-0.000341924899974448,-0.000536976551296614,-0.000322454283227608,0.000303457119363527,0.00104686791391058,0.00403826916604222,-0.00255486589244458,-0.00160047756946799,-0.00123601720063743,-0.000250505580019512,-0.00190891078597842,0.00234907342714956,-0.00276823687720713,0.00176584457030064,-0.0081321068038751,-0.00506412003685479,-0.00381547269565226,0.00283676666399037,-0.0229376239483702,-0.0388157607111018,0.0113210474748771,-0.35835855174671,"2-deoxyguanosine",4.37883180929893e-07
"2-hydroxypyridine",0,0.000914406829010923,0,0,0,0,0,0.00171657807378809,0,0,0,0,0.00284570786560753,0,0.000121474552745831,0.0069035349701903,0,0,0,0,0,0,0.00128033375603209,0,6.97654733471922e-05,-0.0052839544695476,-0.00366419713851681,-0.000131025597956073,0.00144745757022429,-0.00230428599762956,0.0163769911449083,-0.0208230359569649,-0.0104236703809174,0.00148284005818477,-0.023481667603991,0.0191301609738099,-0.0532278626893327,-0.0652993877671717,0.0612609820842419,0.00411224812995204,-0.0478102095966658,-0.0528698598885732,0.0139744558523778,0.0380829217164853,-0.0176137206767772,-0.0789386320901209,0.066557742524513,0.335468684666819,"2-hydroxypyridine",4.86722127135778e-09
"3-methoxytyramine",2.42493214226181e-06,1.54394217713425e-06,0,0,2.60957269934174e-06,1.06044699474766e-07,7.71141952006198e-06,6.62421362144556e-06,2.82076021372273e-06,4.64238122689617e-07,6.71311680582597e-06,2.11907926562062e-07,6.64474177176549e-07,1.26808022561478e-06,0,0,4.55948059568826e-05,7.30606332102691e-06,2.52932041039974e-07,6.82410733862423e-08,1.19117451708437e-06,1.36153175944129e-07,6.57951593835296e-06,2.57827502047708e-06,-1.3660158100215e-05,1.98085060648146e-05,1.31172622274641e-05,-3.11859498339979e-05,-1.02470825325442e-05,-6.88557396649862e-05,-9.69589686648282e-05,4.78691605418886e-05,-0.000201746668331584,-1.63386669264646e-05,5.211273187486e-05,6.21129921902532e-05,-8.87922095644484e-05,1.57755110613945e-05,0.000119216699632096,7.41672170756083e-06,-0.000354269524347765,0.000238753968808693,-0.000151993558419844,0.000197834451850667,1.97776983302942e-05,0.000271783907011356,0.00227746732868447,0.0502031333664124,"3-methoxytyramine",1.86599919322869e-10
"3-methyladenine",0.000941756684801053,0.0101524560452883,0.00050114280840358,0.000622880807000631,0.00181698473454457,0.0215191109198512,0.00107541071017465,0.000661025397755639,0.0281290471749985,0.0107391509566509,0.00298114606986745,0.00170914632345544,0.0100497369498377,0.00704318107447112,0.00178632535984998,0.00118957888965477,0.00523511241399398,0.00554663491184299,0.0109096894893978,0.000413945686240561,0.00211846842863278,0.0267753128082795,0.00116736529821415,0.00105359391239747,-0.0197272667651962,-0.000444255824575979,0.0371837719113031,0.0204026214238259,-0.00608648233971849,0.0599688710894746,-0.0144265593250427,0.0989354163034521,0.0818954210202775,0.12503623688737,-0.0227546430062655,0.19961096119222,-0.0555302770188735,-0.195635541878937,0.14265176288575,0.0391283734695381,0.527195942343689,-0.25151493852627,-0.174325271488928,-0.125557688655803,0.0186791392747619,-0.0428236015649662,0.219050634513902,-0.216827211084688,"3-methyladenine",0.000389165054025214
"4-aminobutanoic acid",0.0294557112238135,0.0639774702211687,0.0210370086405158,0.0168384927897562,0.0299763587276393,0.021023838660077,0.000202110302661889,0.0470187548406575,0.0134133793783592,0.0313925939003687,0,0,0.0276386055449663,0.0399955644517161,0.00318045781513961,0.0352917567910894,0.0102751264320958,0.0371801898121783,0.0130593963871608,0.0273863426318928,0.0278443218901106,0.0173538401851428,0.00486763604496275,0.00142773580079427,-0.0474805039737103,-0.0225424176753197,0.0297834511751638,-0.0264879222729557,-0.0340607829216772,0.0397087189470832,0.383375937559413,-0.129449289856068,0.0412026419919584,-0.193262772951818,-0.00872450658098789,-0.133543384745337,-0.0338104118296138,-0.159942623829702,-0.465378722834556,0.295002197615833,-0.15433531611347,0.0298386412333628,0.0194891921956101,0.331909041009089,0.159196903002481,-0.139733563706694,0.0502303829301461,-0.184789420344328,"4-aminobutanoic acid",0.00225439825759752
"4-guanidinobutanoic acid",0.114175435360308,0.0245645181566558,0.0113006780570193,0.000495618889413382,0.176640724564162,0.000595801135724637,0.000995536096237031,0.00138785335152653,0.143574721108913,0.0136890330361808,0.000782699991294476,0.0739943165235367,0.164067998298121,0.0184091749382161,0.00183267718202069,0.000681368176066032,0.128212288441493,0.0397922993917612,0.0338679277456684,0.0504577728241321,0.137477434694639,0.00566643665891884,0.00199078141887902,0.00816369936786354,-0.198553057568744,0.138128189963028,-0.0851951225056042,-0.309100081926982,0.4940711843276,0.0879456039603849,-0.201805204282112,0.0486789938783015,0.178130404831402,0.190205232931957,-0.259606676824287,-0.0414681953801859,-0.239328968060735,0.160394701799142,-0.0429067935004628,-0.0279216154574337,0.0238642339589678,0.330251206676576,0.300636474791405,-0.0495534839578415,-0.110805683910975,-0.00233454985965597,0.0576249742757155,-0.144295560034003,"4-guanidinobutanoic acid",0.039423316669897
"4-hydroxybenzoic acid",0.000101471388736148,0.000979018313872723,0.0106178214996269,0,0.000472472617604746,0.00011527769852623,2.25960588633828e-05,0.000369592171424092,0,0,0,0,0.00453106308668206,4.03301428754656e-05,0,3.56151922356828e-05,0.00515209832968723,0.00449953196245277,0.00163098992592851,0,0.000675124781276963,8.98094863304123e-06,0,8.72006508697861e-05,-0.00208265923436288,0.00577554104003755,-0.0049704861237248,-0.00316409756115766,-0.00347619997568082,0.00549876983268058,-0.00846289343464989,-0.0195215676557312,-0.0081414600684598,-0.0160679870016078,-0.0241075551241634,-0.0210694454500277,-0.0293077540505616,-0.0898974216956919,-0.123350925875837,-0.162135283000818,-0.00649647678495945,0.0809047323847369,-0.217728040503257,-0.0793506571623507,0.134739492140994,0.347291948523569,0.487683456352675,-0.0384746925581019,"4-hydroxybenzoic acid",4.33746948647697e-06
"4-imidazoleacetic acid",0.000111672340532275,6.44594337104361e-05,9.73117176725808e-05,1.79966766140828e-05,4.27620842122806e-05,2.04477519787116e-06,3.72326734257996e-05,6.75277888056512e-05,0.00022594501013049,5.18226603949243e-05,7.84569605683965e-06,4.00053929809542e-05,0.000223134532153681,0.00010667507854431,0.000286238052796652,4.2582332266594e-05,0.0040850365832997,0.000241445792970677,0.000104660687121543,0.00115643587945153,8.15197072035584e-05,1.52224780896286e-06,0.00231086095266538,3.14599491295245e-05,-0.00165224097445341,0.000250712306548686,-0.000348618093565299,-0.00353268955412786,-0.00255878937487614,-0.00380513131448801,-0.014803967964011,0.00192596656099751,-0.0148071372179213,-0.00126989628359184,0.0045320644677076,0.00408608987888996,-0.00701846265056199,0.00922661466076713,0.0138697278425517,-0.0264023887875741,-0.0372008863413281,0.0304515025186972,0.00396914460461804,0.0324089985026644,-0.075318105395792,-0.046992939142176,0.203379223522028,-0.0726468769904294,"4-imidazoleacetic acid",2.72990023766276e-06
"4-pyridoxic acid",4.43891028589331e-05,1.06889604739921e-05,6.72968778672882e-05,6.96636457176109e-05,7.76150082789363e-05,7.2769135580888e-06,0.000140937853758,0.000144015913060637,2.72948859290579e-05,4.95636462285285e-06,0.000109381364387513,6.00780191332823e-05,3.17403373871141e-05,1.49495545903502e-05,8.47286169107189e-05,7.43402413837996e-05,4.57252919100976e-05,9.68749253931855e-05,0.000125299699539615,0.000104761636057589,6.0884680963936e-05,5.64738884715082e-06,0.000160325138110859,0.000126983406808188,0.000164409180648497,7.31784299638469e-05,-0.000290408766939209,-5.77581081042192e-05,-0.000124681477485861,-4.17091886328736e-05,-5.58172158027498e-05,0.000164513463012229,-0.000423447900901734,0.000108125009925226,3.40660335808826e-05,-0.000475145690408052,-0.000841260495886125,0.00103642184100002,-0.000484519845958359,0.00141836557887704,-0.00205121998562626,-0.000219659274587003,0.00047986770322282,-0.000561516531016648,-0.00325605061241804,-0.00395056316579422,0.00031256684118495,0.502381546271638,"4-pyridoxic acid",2.70303786815101e-08
"4-quinolinecarboxylic acid",0.128641948156841,0.00128126533174062,0.0144534059846834,0.000581411221331373,0.127965452824387,1.26222295790335e-05,0.00986727832566051,0.000159853090706076,0.0407479958757254,1.12683408641135e-05,0.00104257871648303,0.0582507615942504,0.0952778054822827,0.000128174717041969,0.000591269286453308,0.000418190262782419,0.149395583307995,0.0294287050989906,0.0527383795225509,0.032706579716029,0.0652299674383311,8.32234200964079e-06,0.000464726587122104,0.000251572209998411,-0.145802220856496,0.149124859738963,-0.0990416181671265,-0.205146728292399,0.312183327889189,-0.014952808843095,-0.384634003836982,-0.142583100095967,-0.543300911700869,-0.401717467157313,0.170668928514002,0.0013120118724077,0.154374771035831,-0.0436058116649119,-0.00171312585791938,0.0499277357822581,-0.0610915092697334,-0.18102684141669,-0.0591152577421319,0.0236311047456139,0.0880626626452131,-0.0666563333671439,0.00961847924413824,-0.115009189583152,"4-quinolinecarboxylic acid",0.0212582876066864
"5-deoxyadenosine",0,0.00343804610203303,0,0,0,3.92798103837361e-06,0,0,9.43405948153166e-05,5.54754610052488e-05,0.00411882065665096,0.000292306440134142,0.00220266395476056,0.000511344352419895,0.00608305781495323,0.00021276188301938,0,0.000221936579825063,0,0,2.00759760596453e-05,2.30032851225982e-05,9.33310646803866e-07,0,0.000691531618183379,-0.00297749839445858,-0.00123408845378211,0.00143081443931747,-0.00118393924276389,-0.00791097848760512,-0.00720316997244348,0.0071513546474618,0.0211461861822804,-0.0185576622085871,0.0244464877080626,-0.0140875103245144,-0.0521779604788066,-0.0515507778748315,0.028457834090097,0.036373367910461,0.0120379783829931,0.162370201483651,0.0826882405726248,-0.0244586343853469,0.166528217849224,0.115478025237555,-0.14680258026873,0.068864183014965,"5-deoxyadenosine",4.78215978947323e-07
"5-methylcytosine",0.0149247092628038,0.0683081720746323,0.00167822583181939,0.00306325416434295,0.000109916228728012,9.09301411325512e-05,0.000329048031290825,0.000117961150217809,0.00447803642110661,0.0358513800908046,0.0032644479046437,0.00101359292004135,0.0126333137473985,0.0390120443479836,0.00141176813679004,0.00147735916190112,0.016522280018989,0.0169136715001728,0.00149842235796598,0.0115691680709248,0.000255679541124501,0.00801882045019522,0.000431164196290617,0.000294584237366551,-0.0418958495703672,-0.00886425004042414,0.0962356636289057,-0.0266944443685751,-0.0683556730914698,-0.0652530431815389,0.130432957100341,-0.0639328453065153,0.185678325403145,-0.325662941676805,0.0311894039232401,-0.366597217198482,0.0933971722879833,-0.265661715601094,0.264143631372219,0.168414934842748,0.0760307818842339,0.389639272719209,0.0390704590754423,-0.213203753728667,-0.0513180993676039,-0.039786530731574,0.0966468073904162,-0.160535080385204,"5-methylcytosine",0.00175526221122284
"5-methylthioadenosine",0.00177154555951975,0.00328839061848716,0.000179095727155373,0.000191628141746332,0.0010840995487991,0.00808668099833246,0.000863159580997023,0.000390270601000342,8.41527720670428e-05,6.38574032370892e-05,0.000413428408021059,0.000315047715411277,0,0,0.000579808385423676,0.00159376415332131,0.00014495995275989,0.00823794732710193,0.000349025157816567,0.000224330127389741,0.000148354036964137,0.00429548722049296,0.0121703026140935,0.000314695038953641,-0.00169930023782883,-0.00838886338355231,0.00425917737074962,0.0105678128729795,-0.0078871715685248,0.0187144308049721,-0.0188203995003967,0.0111030405803395,-0.011090673289082,-0.00840475462924282,0.0231541089625777,0.0178559775902278,-0.065331526178486,0.0169939699920454,-0.104719132356014,0.047433293890738,-0.145174737228838,0.036311859827215,-0.29856131620999,-0.103135829495686,-0.469365444442671,-0.502959102404731,-0.0598170249822831,-0.0773783895237799,"5-methylthioadenosine",2.88762129828513e-06
"acetylcholine",6.66765095344845e-05,0.000170507839235705,0,0,0,0,0,0,0.00307522241167336,0.00409768591677051,0,0,0.000818155556760595,0.00434026034703551,0,0,5.74003976568325e-05,0,0,0,0,0,0,0,-0.00191469809062552,-0.00178827554226897,0.0053842927147449,-0.00308864262845215,-0.00213913900638618,-0.000586711235379895,0.00546024704757363,0.00648538611467271,0.0216645873910633,0.00254966571801844,-0.0108914005786333,-0.00730790940727203,0.0173227125166606,0.0467143671668817,0.0594083616041526,-0.0475074399044769,0.00978634408395389,-0.0867292389868673,-0.00744210135350516,-0.0840849309873185,0.155750499604089,-0.0378524472972425,0.0528452791127347,-0.0253262502649638,"acetylcholine",3.66606877824501e-06
"adenine",0.0847540516906262,0.0802556463213787,0.121503853294908,0.185669210486172,0.0859400423117375,0.0566172338979058,0.0957070652127655,0.190234663095443,0.0515249877001506,0.157068132431296,0.121853705311613,0.198835592689402,0.0950219783011869,0.159720197491362,0.353709305494464,0.292216968280679,0.0254062195741944,0.0427026132490484,0.0102280830001162,0.00649875899925341,0.208384996542122,0.159303135576568,0.314820193214446,0.143010999377841,0.220324361458154,-0.655369434302678,-0.24262232530278,-0.0250342344182149,0.116459613129643,-0.571159584061326,-0.141486683358377,0.120990716400787,0.0924146856841282,-0.0894156414629069,0.082509489571738,0.0698008646165899,-0.0261666648583991,-0.00209782972455122,-0.0697119987569061,-0.0291987538397174,-0.00174875809931854,0.00202524863398533,0.123373828244608,0.0199098216226041,-0.007180290585266,-0.00181679833849491,-0.0195135455329066,-0.111703509894909,"adenine",0.0485428242519433
"adenosine",0.0238569021198165,0.110772463587031,0.0978135437788143,0.0809549717670037,0.055555801321545,0.235265782277139,0,0.0797740341156237,0.0337216782322605,0.157921152550098,0.070573868196314,0.0820917637621871,0.0340799678460001,0.161978102760497,0.18609645383643,0.181294268830562,0,0.0342216092956315,0.00546568470701177,0.00812406228711665,0.0735542671052449,0.164664066756528,0.224864282913761,0.213480759976082,0.143416566381834,-0.504336395023562,0.29454876162172,0.154909841715138,-0.111711084007431,0.544078665033471,-0.337591392991953,-0.0673544260242118,-0.112858016304377,0.0251065548226679,-0.188644916243648,-0.149602430134128,-0.137377815716956,0.130808100497472,-0.00973819390244514,0.0637531312425362,-0.0369410576085824,0.0320175276112443,0.039169630525202,0.0222082910376915,0.110859961485565,-0.0736734898921602,0.00634234376290205,-0.108988530791969,"adenosine",0.0205683115127549
"alpha-hydroxyisobutyric acid",2.08085236459369e-07,2.28150497424091e-06,0,0,2.24810497596995e-05,1.9981497339672e-06,0,0,0,0,0,0,1.38929090592305e-07,1.0423326318447e-06,0,3.00556370917007e-06,2.51968062845496e-06,1.5652875953266e-06,0,1.53261421940321e-06,9.36856761883924e-06,9.13324875511079e-07,0,0,-5.74336581374229e-06,8.00389843689866e-07,-9.61516501357136e-07,-4.27506487158932e-06,3.84172217913534e-05,2.14823940681671e-05,1.09562671877812e-05,-1.83582551832825e-05,1.62200754521132e-06,-4.34353561320243e-05,6.37318933993128e-06,-6.75601188197307e-06,-1.57418230008941e-05,0.000139675595949908,-0.000265561715258159,0.000214430314228692,-8.68123753432361e-05,-3.94555010395075e-05,0.000392661139412646,-0.000120485902966642,-7.04795219139771e-05,-0.000157481945100286,0.000803713762716348,-0.0355326578035572,"alpha-hydroxyisobutyric acid",3.29862508704637e-11
"an hydroxycinnamic acid",0.000289652796405547,8.77652122205637e-05,0.00119602407588682,0.00766087823592072,0.000191636489755763,8.38802171724259e-06,6.24800494852067e-05,0.000115691042039306,0,0,0,0,0.000115802691589684,4.46797387334207e-05,0.000449850348809534,0.000954544388024563,0.00103753303450638,0.00228914620737374,8.33827864840219e-05,0.000287210018990068,6.56634693329158e-05,4.24124576808064e-06,0.000128708226655403,0.000168564828831863,0.0015726954936158,0.00073622626445257,-0.00147687404118302,-0.000224353547808705,-0.00249310113019807,-0.00893324515715594,0.00484998959068578,-0.0237096550004414,0.00528741805228894,-0.00501714557967742,-0.0032333236199628,0.0722925188623589,0.0346529888889837,0.0622949296880929,-0.0220474570090248,0.0114189617928168,0.00338467738818773,0.10882174785432,-0.0920402312326494,-0.0165888203661177,-0.0555568069668421,0.163297950078482,0.0311579208243763,-0.0394240937788929,"an hydroxycinnamic acid",2.47337111563944e-06
"azelaic acid and unresolvable, unidentified isomers",0.000103712187302403,0.00010548987457628,5.12938847437297e-05,0.000146862775290794,0.000313901514419801,0.000105624828249955,0,0,4.52132154087463e-05,4.50284157732975e-05,0.000176629240231168,0.00037709143634375,9.6205015028387e-06,3.88005650098489e-05,0,0.000241438325147122,4.96259838196166e-05,2.30341075024598e-05,5.00185795455009e-05,0.000166160047265133,0,4.83385105753357e-05,0,0,-7.47324485737138e-05,3.57456484513124e-05,-3.4619313578509e-05,0.000513951469192928,0.000618732230010171,-0.000423562774711822,0.000218214722840558,-0.0014234148950485,-0.000956852860506913,-0.000210696001204263,-0.00137833579782167,-0.000628666129285055,0.000403462575019348,0.00275925879891566,0.00123239884486413,0.000154949343156143,0.00345195082320871,0.00426117804236486,0.00843676947620063,-0.00580114770105404,-0.00340778803420279,-0.00867385967498209,-0.00462868552328536,-0.0343134839577011,"azelaic acid and unresolvable, unidentified isomers",5.58493886982277e-09
"betaine",0.133887395274579,0.241459959295384,0,0,0,0.0850016129762939,0,0,0.206289338866915,0.167829389637775,0,0,0,0.135506761240784,0,0,0.270003640133147,0.153523650477933,0.00906948718710239,0.122543351741919,0,0.0951596729297938,0,0,-0.376777387867436,0.108576837608066,0.55967186549358,-0.166134821052305,-0.400424892539936,-0.414025119981488,-0.219499394336952,0.162458136707547,-0.0213206569374996,0.0561851647670264,-0.0839581737900356,0.0488111812122755,-0.0953110897978151,0.0529177021902457,-0.0584329258513918,-0.0138813429952328,-0.0510255318130681,-0.0354952207673373,0.119710511360028,0.0852291086433432,0.0645399450581974,-0.0387310678748393,-0.0362789821873672,-0.0974995763505328,"betaine",0.141961200008208
"bis(3-aminopropyl)amine",0,0,0,0,0.000299163970746509,0.00792841863378183,0.000249793607658652,0.0482142165861,0,0,0,0.0530479103013515,0,0,0,0.0581248019184334,0.004010906363391,0.00199234074092085,0,0,0.0125976379307126,0,0,0,0.00040781574758735,-0.0520649158302379,-0.0565493688884296,0.049699910741276,0.0443856690175838,-0.0986667804690783,0.237112410149136,-0.0360121480057243,-0.390879261741583,0.237150362902713,-0.352472402016779,-0.18705246814648,0.0323000276785475,-0.143349034097667,0.457102525427706,0.166910252630733,-0.0434096980461001,-0.144293712476603,0.167356639291577,0.287860256121288,-0.106938467770459,0.152862739359889,-0.0960843115522452,-0.118225324628924,"bis(3-aminopropyl)amine",1.66313683980229e-07
"caffeic acid",0,0,0,0,0,0,0,0,0,0,0,0,0,0,0,0,0,0,0,0,5.34622830579931e-05,0,0,0,-3.17869151062402e-06,-1.27066803638612e-05,-1.52635697580369e-05,-2.60517914885137e-05,5.3730114584713e-05,-5.09101610950232e-06,3.66485584239334e-05,-1.94874769858068e-06,0.000105042208208464,0.000261255555614889,0.000237682297825971,-0.00017827165260041,0.000321758504717419,-0.000186619677823614,-0.000361656789814297,0.000231310055272207,-0.000513110191890381,-0.000123334168745777,-4.94638442913854e-05,0.000586551830634788,-0.000342805106092686,0.000910736962424637,0.00106098023880261,0.021647456900113,"caffeic acid",1.01040797197132e-11
"carnitine",0.00357990743274331,0.00318243813446605,0,0,0.000179755822189309,4.26946359959641e-05,0,1.50648596825819e-05,0.00724701866913211,0.000184747579050632,0.000265806918595898,0.000310967333630782,0.000283312425796683,8.41740211068376e-05,0,0,0.000427697783237312,0.00436375684903561,0.00947552709640434,0.000191282746949605,0.000291938289900733,0.000111197294993824,0.000178341476978795,0,-0.00581741921012022,0.00778615979277664,-0.00540002792638549,-0.00259229549054284,-0.00963941126289389,0.00671823791824027,-0.00598505681630541,-8.35763991108239e-05,0.0185364095508176,0.0330007166031082,-0.0104835857900383,0.00498620642170927,0.00676915792912971,-0.0523237860540711,0.0187445340060675,0.170012718394008,0.0941454711377637,-0.0853968805075746,-0.081789761383566,-0.298446049918322,0.0265319443458374,-0.155959970540109,-0.264966740662101,-0.0750504986243963,"carnitine",3.38423662662758e-05
"choline o-sulfuric acid",0,0,0,0,0,4.31604128655258e-06,4.50664587895504e-05,0,0,6.36102166068185e-07,0.00014678058362626,8.36082609961115e-05,0,0,0,0,0,0,0,0,0,2.05063406665967e-05,0,7.77981600852458e-05,0.000123877947545794,7.72971241631373e-05,9.05311879131144e-05,0.000113084364766912,0.000114079833361847,-0.000191423902019308,-0.000141990894555066,8.27627182087508e-05,-0.00019350544809714,0.00040899232709107,0.000326843276860085,-0.00096645243572422,-0.000683196421197114,0.00016895153136818,0.0015026379446878,0.000105493528855684,0.000981902028104575,0.00147103268411986,0.000340718507775343,-0.00129088964070489,0.000423001942213907,-0.000245344506854656,-0.0018607267509375,0.000429448581698957,"choline o-sulfuric acid",1.53457458881584e-08
"cytosine",0.0053845775202876,0.00508488470854257,0,0,0,0,0,0,0.010601992239139,0.00194422125052059,0,0,0.00309359031957817,0,0,0,0.00833666934553672,0.0133666686696737,0.00918396498263254,0.00518769434413854,0,0.00298430206083339,0,0,-0.0152534752265416,0.0149449910545411,-0.00125429269741323,-0.00529870902352381,-0.0178898312748581,-0.00586981603959388,-0.0175347427685264,-0.00184013198155902,0.0112590805880596,0.0366701461546772,-0.00926871591801199,0.0199299396575568,-0.083791314166772,0.00259948878775101,-0.00693228418640064,0.140139860197574,0.0439171562299118,-0.103244841526656,-0.21407377531971,-0.17862248271045,-0.143729807507964,0.190775734354046,-0.214973191342352,-0.0408185902014755,"cytosine",0.000232668506486719
"deoxycarnitine",6.72245394937126e-06,7.17962026255007e-06,1.27715255956113e-05,0,9.04430970849655e-06,8.69007896805344e-06,5.44501272294495e-05,5.42112992939297e-05,0,0,0,0,1.28187577183868e-05,6.92861813101619e-06,2.43607910127105e-05,1.06856593761111e-05,2.29019168334836e-05,2.77363808660139e-05,4.36408099925576e-05,3.52536657496001e-05,5.63194377224315e-06,6.26896943662773e-06,9.15380285651921e-05,3.0467538561021e-05,3.81321579583793e-05,-2.87914902733875e-06,-0.000104889480610725,-4.27925796215977e-05,-0.000122632437503068,7.21303574033841e-05,-8.91194807850249e-05,0.000261716202828758,-0.000182266184278931,-0.000174074903317891,-2.93696112005841e-05,-0.000141578074544458,-0.000275256148975573,9.75275789959986e-05,-0.00011175723946595,0.000265573833815084,-0.00123116331461597,-0.000599323360090305,-0.000417788770601187,0.000619070832525367,-0.00268352370143486,-0.00329605212082207,0.00139813676761453,-0.000279285334335515,"deoxycarnitine",1.45406147056279e-09
"deoxycytidine",0.00824649761598939,0.0239031556470063,0.000996166945798353,0.000625042441035513,0.000102295141156838,5.73081700415616e-05,5.95942863660127e-05,0.000296062682833582,0.00334567362740335,0.0226699080848709,0.000117794555469901,0.000539311835623619,0.0160306003813113,0.0193412475088993,0.00135926443617298,0.000977533011772643,0.00957382475904027,0.00841726514793768,0.000325155312137405,0.00684611570477516,0.000208030787894045,0.000259245053837637,0.00543215799042443,0.000257946206465227,-0.020929665102546,-0.00678226961465628,0.0345112995605089,-0.0246263973094894,-0.0245673912575287,-0.0139446795184639,0.0464115102495278,-0.0197681726368268,0.0948063754184481,-0.167491196874292,0.00791038190339403,-0.149404148064534,0.000903590344601646,-0.0455272195254266,0.311841574958875,-0.19363603089475,-0.154990594737403,0.0273110181378886,-0.136510756693535,-0.199019450907326,-0.0198055759970603,0.119364805118754,-0.0545079634916477,-0.0587542189660451,"deoxycytidine",0.000438050881304732
"dethiobiotin",0.000137998539902352,0.00160907229472959,9.01355673088244e-05,0.00247264135827912,9.88563622826913e-05,2.82285313633502e-05,0.000491567892700424,0.000496086858380069,1.98391847292445e-05,1.13600860295436e-07,0,2.7827410206919e-05,0.0013402683122783,0.000188596976749487,7.09595368586131e-05,0.000167939570641862,0.00289394083779279,0.0195385556778636,0,0.00797515259981726,2.27414570311478e-05,1.36469006574564e-05,0.000545987623831146,0.000193300605656011,-0.00779605156250637,0.00938170464926631,-0.00358984607345302,0.00832480188853963,-0.0158163496012904,-0.0125799975975784,0.0088104456699487,-0.0255453163374962,0.0143759768522509,-0.00175217282203235,0.00133304959660139,-0.0212616493498968,-0.136817251426426,0.208116707780975,-0.137441334016252,0.069575442947705,-0.215127718389429,0.0317534862171559,-0.338097476285392,0.100448212547286,-0.320326545198191,0.50734402106773,-0.196878782560894,-0.130086972042012,"dethiobiotin",6.0778419965258e-05
"dihexose(s)",0.00481119476599213,0.00473120333681677,0.000333061876566768,0.0437934475150156,0.000492317801347082,0.0315822099893233,0,0.000215859332073451,0.0082254705132958,0.00689490578718584,0.00102730383441401,0.00412774585409554,0.000251580865849765,0.0109449722179201,0.00194713062739321,0.0216131278244029,0.00442289696237995,0,0,0,0,0.0106024766055688,0,0,0.00149329887735431,-0.0219461515593335,0.0325449387300745,0.03925339625248,-0.00253506971480154,0.00862075232607618,0.041886436621608,-0.129801107911335,-0.0111017941133075,0.051822297906091,-0.0470687166505027,0.588383269891845,0.34645328108524,0.162531955660319,0.218619116765054,0.061718364871688,-0.00562860076174447,0.4505504697906,-0.196246747866119,0.205122746871123,0.201549226703074,-0.0741718974728452,-0.118373480159252,-0.137069841769028,"dihexose(s)",2.22994153710765e-06
"ferulic acid",0.000309679787986993,0.000555411259976961,0.00130995460248359,0.00111407184601871,8.01997449772625e-06,6.86683635111997e-06,4.42909614918898e-05,3.94953421718595e-05,3.81319833087571e-06,2.94687605280978e-06,0,5.32916265903896e-05,1.25110261307868e-05,1.38322568088961e-05,0.000194994557177072,0.0010127943644363,2.26691180656017e-05,6.57269721670964e-05,1.06505953895858e-05,0.000126972188730803,2.3097424875769e-05,5.63646044216271e-06,1.28545391155993e-05,0.000111901289101971,0.000505111250469004,-0.000397820765674211,-0.000343170978057387,0.000100891836893033,-0.000801318872362887,-0.00178409117396417,0.00194608000559905,-0.00895875876090436,9.82652022256665e-05,-0.00122644573541054,-0.00639031469927176,0.0081624651676117,0.00536999593638234,-0.0130261600037622,-0.0181501524829083,-0.0113924609944551,0.00548039955541936,0.0159705695200822,-0.00169789022315989,-0.00668586456316282,0.0110790481783732,0.00938905187821799,0.00628406402598478,-0.00115658694827483,"ferulic acid",2.55137375350361e-07
"glucuronolactone",0,3.71120417213241e-06,1.69182236825327e-05,0,1.39433478549217e-05,4.10983443761099e-06,0,4.60858550149966e-05,6.18057172223063e-06,2.47926343843318e-05,0,1.56086444027327e-05,1.95998387787923e-05,2.52113041294827e-05,4.48884817072846e-05,8.93171631605146e-07,0,0,1.37910592107557e-06,0,5.20593105808947e-06,3.31074530382455e-05,0.00013913958233981,4.09510197276038e-05,5.20603277195835e-05,-0.000144954623111636,-4.65799047277738e-05,-8.93278391299418e-05,-6.56052257494905e-05,0.000130552829050808,-0.00020603564675706,0.000348189572375934,-6.31617600020422e-05,-0.000196090587715357,1.77002459883964e-05,-0.000278995151646243,-0.000375653917408965,0.000540191052240843,-6.82971451852005e-05,-0.000664295596564558,0.0002339498280651,5.71944408120706e-05,-0.000943130656935352,-0.00077993879491642,-0.00316459304661469,-0.00383267855566681,0.00126385337278315,0.000578155870305074,"glucuronolactone",2.71027772227043e-09
"glutamine",0.00237999745403735,0.00565103338303323,2.45454872756241e-05,0.000140370102313861,0.00278760406811062,0.027719260966489,4.89889349179295e-05,0.000211828110311861,0.0164934206534547,0.0258945323097424,0,0,0.0106637142775935,0.0178103587444858,0.000944092823818296,0.000413264396832605,9.50953118853628e-05,0.00136136661699973,0.000109710976805308,0.0074480232214467,0.0267363848955815,0.00612062725112353,0.00972909230239911,0.000267713081655606,-0.0180555170331022,-0.0236710892265324,0.0371387814517227,-0.000398146967408628,0.0153429342625585,0.0817883861572483,0.0286613163853144,0.065817885469467,0.139643333889881,0.142776753884278,0.099442615971585,-0.00947589344060003,0.245017334539443,0.0474731147896201,0.120098683857029,-0.306122835117497,-0.52479002335849,-0.28418478083144,0.01191894592372,-0.0532552668327452,0.0932711977423118,-0.0390735833670972,0.187651863167623,-0.210513994670785,"glutamine",0.000326001695332642
"glyceraldehyde or lactic acid",0,1.02395365442664e-05,0,0,0,0,0,0,0,0.00109023630721593,0,0,0,0.000636778581912164,0,0,0,0,0,0,0,0,0,0,-0.000161417492023891,-0.000509275009085279,0.00106992046340796,-0.000202130637480694,-0.000537750073079333,-0.00021012916580167,0.00139457924148929,0.000404662994201156,0.00223122552607594,-0.00279718870366502,0.00123029694550389,-0.00336284945612313,0.0057902210593163,0.00907169338688222,0.0100994344531326,-0.0115617458197723,-0.00382250493422285,-0.0215918452690851,0.00415037466085393,-0.0236432274647596,0.0157917419167988,0.0192194978696103,0.011681892589181,-0.00225697281210044,"glyceraldehyde or lactic acid",2.6055606731283e-08
"guanine",0.141267380248713,0.0948076029710286,0.33887882793724,0.377877964043279,0.159542629405599,0.0837794606482999,0.530478129313741,0.246577590516155,0.101198925396045,0.151445730147708,0.46035428299707,0.121237265720183,0.140810879663824,0.132005881047287,0.139097174726307,0.121128121172035,0.0660356592381421,0.0726570236128185,0.20209702571602,0.140807009739281,0.141885093291408,0.165485286846383,0.237610016683579,0.614535992035894,0.840882198810255,0.385615534005382,0.168136531580035,-0.201378284540356,-0.0665620616836897,-0.0807084809609613,-0.111277411432921,0.0422968998857119,0.0051755571128109,-0.00432753041380016,-0.0551292554011896,-0.00991162007491841,-0.00360984146017385,0.0140503567728525,-0.0273436164881855,0.0257259443883713,-0.027594668671286,0.0059985666287052,0.0989702849768438,0.0328386374069921,0.00827053375550675,-0.0152799098870505,-0.00475853210419202,-0.108069892400749,"guanine",0.70708287227597
"histamine and unresolvable, unidentified isomers",4.85255063483579e-05,9.57165269234809e-05,9.20375812439702e-05,7.86280656882087e-05,6.26016122589438e-05,9.58441246340166e-05,0.000860758666732956,0.00018709623770792,6.29503208718963e-05,6.22599973919632e-05,0.000175558400065474,0.000111832127170527,5.27159898324045e-05,0.000125179988029427,0.000133371435202113,0.000342857501180123,0,0,0,0,0.000121006545902306,0.000101251551497545,0.000350806883618515,0.000339234404533475,0.000726119465915962,1.01661555605337e-05,0.000118553113050096,0.0001716068033305,0.000115694761737052,-0.0010703448567284,-7.34262004056168e-06,0.00165302921849213,7.48241341588295e-05,-0.000960458245123384,-0.00239296238758903,0.000320735825575114,-0.000428247150566677,-0.00506790858184499,0.000852787066199413,0.00300293039672758,-0.0121321874189802,-0.0110011289674321,-0.000387997524435654,0.00991032910153612,-0.004483167235254,-0.025469441304088,0.0064303286360893,-0.00133556312337031,"histamine and unresolvable, unidentified isomers",5.27249478782082e-07
"histidinol and unresolvable, unidentified isomers",1.84691266672364e-05,1.16402492862386e-05,1.23697484716447e-05,6.90946269887532e-06,1.39291825291527e-05,1.99336481487999e-06,1.40178551712225e-05,2.1583472826948e-05,2.4871659994777e-05,1.72359903853554e-06,0,8.83900018288486e-06,1.64740132145703e-05,8.1798338653292e-06,1.75276172671665e-05,2.69020883858985e-05,2.13736226748867e-05,9.33975540346957e-05,0,0,2.13377859175707e-05,2.78397907134837e-06,7.35606901691769e-05,2.14589609906327e-05,-1.24427849387491e-05,-3.57043655772909e-05,-3.83984405301841e-05,-4.07588395780783e-05,-3.74194948025933e-05,-5.88547724423115e-05,-7.9066390237589e-05,1.286121821592e-05,-3.50338681233258e-05,6.06590525630466e-05,-0.000139510760849629,-9.86823107620317e-05,-0.00082120489570779,0.000565939148330437,-0.000887920481712333,0.000641464098045582,-0.00140994032968833,-0.000217725017041071,-0.00285733001597053,-0.000915568128457614,-0.00204554378862331,-0.000906290835400447,-0.000101468015529585,-0.000931774319070385,"histidinol and unresolvable, unidentified isomers",1.54822897031962e-10
"homovanillic acid",5.12157943963581e-05,1.92570306647228e-05,6.68441970671775e-05,0.000123764752414181,4.12549373451193e-05,1.0863499548584e-05,9.8301378046695e-05,6.46241840952541e-05,1.16090267753462e-05,4.18015462255268e-06,3.98088689685626e-05,3.90204189024012e-05,1.17062200284906e-05,1.28121133482433e-05,2.58659008371913e-05,7.02230741153204e-05,5.69642969230716e-05,7.54946244938207e-05,0.000106834480013968,0.000122044589468038,2.44809371524832e-05,9.26078981302523e-06,3.36479509288148e-05,8.5864200194712e-05,7.81521981312116e-05,0.000155043275242563,-0.000161197075145928,6.09700235863997e-06,-0.00015456622982406,-0.000101239152052842,4.10029489759325e-05,-0.000496372931543091,-0.000272426334066275,-7.53219731292564e-06,-0.000280172247344402,0.000427045642720758,0.000415297139564821,0.000910648293558447,-0.000377966606677026,0.000786510303447121,-0.000816753468460874,-0.000225480510444609,0.000825258688506123,0.00179357457605499,-0.00232017421977559,0.000951207939337287,-0.000859409366253327,-0.00102753215086455,"homovanillic acid",6.10776607274015e-09
"hypoxanthine",0.021349980981914,0.0026102153273111,0,0,0.0610814909162962,0.00019097908592038,0.0173647623363107,0.0210925247222376,0.0414699059862321,0.00608345648151307,0,0,0.0820497494495043,0,0,0,0,0,0,0,0.0434678546719345,0.00526629435413047,0,0,-0.0277369325230489,0.0272064804848794,-0.0445258587516173,-0.106212237382452,0.195154163686838,0.126328761380498,0.1753137133047,0.168957976478895,0.254653558621312,-0.0819337002574384,-0.0895783109592039,0.239037345672465,-0.362918407762446,-0.280707964537726,0.0862884997127849,-0.161366280745951,-0.167964283306112,-0.202167704451189,-0.0561972999325329,0.168912794539717,0.173826282509408,-0.112990122859866,-0.222005988532182,-0.0866851450873007,"hypoxanthine",0.000769337425788169
"inosine",0,5.56178975114465e-06,0,0,3.53666308814805e-05,5.4904086367397e-05,0,5.94877959818035e-06,2.30798715228166e-05,7.99148754194005e-06,0,1.75548184769034e-05,0,6.49502869803234e-07,0,0,0,1.14486060568284e-05,0,0,3.2457600498492e-05,2.55532542831027e-05,0,0.000435745399121257,0.000257180029950226,2.23438086306496e-05,0.000375627874016055,-0.000277049125087774,4.98593525774281e-05,0.000750328557350007,-0.000617768087636937,-0.000236329626280024,-0.000544025178004516,0.000825641728449261,-0.00126780929609923,-0.00143862644606751,-0.000600430377270149,0.00127082662709733,0.000241627271895211,0.00376254032034737,0.000521337593766404,-0.00105912982870241,0.000388796616389521,0.00416328197199179,-0.00229735449376268,0.0121570827109076,-0.0079708423647101,-0.00119122316789971,"inosine",6.6141567805199e-08
"isoleucine",0.00405083848465767,0.0048489297994846,0,0,0.000323681602860302,0.000311065471437782,8.55845248595422e-05,0.00346936320483987,0.000453334615747164,0.00731021878730564,0,0,0.000726274246710834,0.00533586439314409,0.000115472547190119,0.000143985935799419,0.00214403953028357,7.89427420211767e-05,0,0,0.000509597311772903,0.000229912734516902,0.000322938240308221,9.89335616141215e-05,-0.00389123579913954,-0.00356660832586818,0.0103648421539192,-0.00791477940104887,-0.00617937049612545,-0.00589795249964709,0.0249836117782107,0.00702136290859366,-0.00409407416506049,-0.0374805850243786,0.0170368822077389,-0.0340809963354074,0.0486310639473113,0.00352603853579845,0.0485478060278076,-0.0354531566922781,-0.00641423538451605,-0.0755124058779735,0.0209279595249042,-0.109194063043398,0.127618453844744,-0.0127248579449869,-0.100826259359821,-0.0527313311899769,"isoleucine",1.51417160445051e-05
"leucine/norleucine",0.000674643136124901,0.00370161296998075,0.000148822220128044,8.89267899213248e-06,0.00065763220196824,0.00307770865384648,9.87862639193197e-05,0.003301888714765,0,0,0,0,0.00914966235472462,0.00288653572010792,1.11041251947648e-05,0.000232406470886573,0.00426690220021536,0.000154905492255071,0,5.87587828645224e-06,0.00104524172608453,0.000253133521077372,0.0045404807249955,0.000151951588709487,-0.0035224579300287,-0.00279016796123425,-0.000200055481714042,-0.00866385673865916,0.00256249808736576,0.0164042468085781,0.00889346807145165,0.0130009964996879,-0.00456956197016769,-0.0360294877382756,0.00268154261295663,0.00124984638560572,-0.0371270945862433,-0.0708684153747855,0.119243210769247,-0.0598026225608975,-0.0758023484365755,0.164452029952936,-0.155406242547636,0.148227510376912,-0.0643870370935795,-0.134092898906128,0.256774122509642,-0.00764668531154189,"leucine/norleucine",1.24077098688221e-05
"malonic acid",5.35831840315248e-06,7.24058840190293e-06,0,0,1.1165457709433e-05,1.8296059383284e-05,0,8.47347417810708e-06,1.94604166073393e-05,3.14470822895546e-06,0,1.15309579113e-06,0,0,0,0,1.59989773025153e-05,1.85080688496304e-05,0,2.97389910887828e-06,0.00011858198550679,1.95378196691126e-06,0,0,-3.16196265872885e-05,-1.65849863382131e-05,-1.10728884526617e-05,-5.43834574749856e-05,0.000115986541239826,1.01224348096557e-05,8.00867144457419e-05,5.90296955889468e-05,0.000158933276487737,0.000649727076387016,0.0004533269357358,-0.000262581632281969,0.000592765117404528,-0.000264903000763815,-0.00104009935885236,0.00069788975880503,-0.00138101008480982,-7.27900624882705e-05,-0.000271074806274875,0.000993618203826952,-0.000592785555214079,0.00203369385753445,0.00226977255577921,-0.000139072250182251,"malonic acid",9.9980078551956e-10
"N-acetyl-hexosamine",0.0140297875598322,0.00891668998027967,0.032127415685425,0.00135547120901827,0.00270033882177236,0.00750990162825334,0.00176045307794019,0.00172743359725042,0.000593433708073196,0.00467447915858028,0.0030500933780873,0.0197108977565446,0.00903436904278571,0.0119864889040399,0.000881109500025182,0.00198142131757169,0.00695858509285125,0.0103085172338476,0.0167331995494244,0.025802169733535,0.0014582116456744,0.00612504403935678,0.00120753400985329,0.0016693963868038,-0.0120476193982879,0.0234908304713119,-0.021093632501561,0.0236875712579683,-0.0239217747168699,0.0266003487957845,-0.0177659803970049,-0.100922768153222,-0.011750396366879,-0.0406795589324416,-0.0707199609089094,-0.278925603321646,0.149583657532363,-0.0764158011827535,-0.202167528711641,-0.629545290999233,0.330600639775361,0.0975982219230782,-0.0914263923900048,0.205354997391678,0.104149895360915,0.00428747394095906,-0.377676853577772,-0.094703993905402,"N-acetyl-hexosamine",0.000145145133166002
"N-acetyl-phenylalanine",0.00308261074944705,2.9351640025424e-05,8.31423301089543e-06,2.01345715415662e-05,0.000177889493476017,3.59259120153097e-06,2.16659975117869e-05,2.36749982097306e-05,0.00295724148608504,3.50386673093729e-06,5.01828548390853e-05,4.51474719581279e-05,0.000132370445338461,3.42123055539167e-05,2.37487863610507e-05,7.14835087456669e-06,0.000223278267771413,0.00320367166066838,0.00543811450696665,0.000165720534623948,0.000125454574276712,7.99675053994665e-06,2.23319681765268e-05,1.90809192724423e-05,-0.00292731501061848,0.0048382896532789,-0.00498130179670569,-0.000997132881123085,-0.00450941912825719,0.00449717052019723,-0.00586679543900261,-0.00395388889149955,0.00283172550439474,0.0139905931560756,0.00438636627861141,0.00486814066174216,0.00348820690210937,-0.00670652237046951,0.00292452208346393,0.0851603567995353,0.0391311634314178,-0.0918265902803521,-0.0847680313886732,-0.149066000571011,0.0356404239663408,-0.0596563336036167,-0.21905450257448,-0.0951732990148389,"N-acetyl-phenylalanine",8.5691731713923e-06
"nicotinamide",4.92148728242776e-05,0.000820536678097095,0.000392914017628373,0.000366329715424981,0.000164009044318876,0.000287830535361234,7.95595241855386e-05,0,2.31523368617547e-06,2.43827217696724e-05,0.000257949440194299,0,1.33167003958231e-05,4.6816710446418e-05,0.000303670307212401,0.00442044113947242,8.79552074126681e-06,8.20900900864278e-05,0.00238824668225704,0.003914970348619,6.17646705413656e-05,0.000213778154325735,0,4.31846251671844e-05,-0.000771693896889887,7.23484218131431e-05,-0.00422134609014864,0.0034803686117228,-0.00443757647869303,0.000487612681697235,0.00458932901750418,-0.0248817909991317,-0.000725228567678909,0.00969998750721292,-0.00851089236748173,0.0030850218931684,-0.0147779077347143,-0.018449758682748,0.0254952695206548,0.00774181033720144,-0.017731695377281,-0.0575712237467488,0.135673336989672,0.0695183104713819,-0.0512354578430476,-0.0574084114663268,0.00184287941816435,0.0172697760828071,"nicotinamide",5.955114704971e-07
"pantothenic acid",0.0205713255026537,0.000268528934988376,0.00279477317090284,0.00247890671989517,0.00110491941118048,0.0367094433369404,0.00192032777920846,2.98174899856358e-05,0.000572632398424486,0.00400413629837458,0.0689521863402171,0.00422846068536741,0.00493439156970761,0.00390920672148387,0.000461353560962466,0.00349878194012813,0.0170582317283177,0.0287356198894477,0.0341090780730859,0.0346275693841351,0.0336915809593824,0.0312984279454513,0,0.0016797248642698,-0.00764960041958804,0.0519470609488455,0.00790717545338073,0.0825003835238246,0.00259374316978242,0.0480371042983927,-0.0394820253356896,-0.0821861103958899,-0.0375507656868311,0.353402028784679,0.792314343665397,-0.128367592802104,-0.255733431328176,-0.0109225421013455,0.154397470392976,0.0332306684736611,0.0220113045699239,0.134031456935511,0.101939143311959,0.158502190216677,0.0583845681011896,-0.0049449425046661,-0.0754292751369205,-0.114551595804989,"pantothenic acid",5.85163865793615e-05
"phenylalanine",0.0259846021252981,0.00354655420765501,5.51667684591085e-05,2.95597541115909e-05,0.0339471209839693,0.00347340215312066,8.26818632036576e-05,0.000136607141288886,0.0516386356654743,0.00766617428406408,0,0.0435473888622057,0.0223011859967899,0.0130835963560698,5.09737766927067e-05,0.000270314726233339,0.017465958244172,0.000357888372541868,0.000973314878559291,0,0.0807800885031183,0.00394553507422004,0.000117615104951155,0.000202837967183818,-0.0458427384518018,-0.00208173380439226,-0.0131702396234077,-0.0678467970908917,0.182380586768924,-0.0400742818437747,-0.0147884854989933,0.0975800358990199,0.152361561920503,0.467462957636321,-0.0235018183885537,-0.273518578990346,0.531440381225641,-0.00276654341960342,-0.210544751149435,0.190578590069285,0.00811616774058159,-0.0768393909291157,-0.107905091919168,-0.0286230805856321,0.0575966110358561,-0.0630971651229166,-0.00316390859037312,-0.0134266169782101,"phenylalanine",0.00210155666876031
"pipecolic acid",9.38489697455398e-05,0.00166322957345209,1.07223723638065e-05,4.77281362855459e-06,0.00322569327371789,0.0134324027632792,1.53493820243593e-05,6.91642253799045e-05,0.000121221859945196,0.000115003472034753,5.51911101141604e-05,0.00019234501257404,5.26480714411883e-05,5.67022294349909e-05,2.45222294676845e-05,8.38606710746814e-05,3.18671015867282e-05,2.6779453153818e-05,1.80781532238079e-06,0,0.000271732427568561,0.0143631159384003,0.000116206381715705,3.30615476404245e-05,-0.00297339657825879,-0.00484882119254567,0.0172359858154372,0.0239499918527951,0.00639082996785172,0.0392951519525261,-0.0069654371021559,0.0282988567654142,-0.0183197472023103,0.00106340968478006,0.0406326348232255,0.0883285116072405,-2.69198489490875e-05,-0.0596517480422004,-0.0900724523427181,0.0106784419254581,0.193984700729925,-0.0568592822910772,-0.0136982444089994,0.278290332140388,-0.171410695012243,-0.013459807254002,0.146274468933952,0.121220823270637,"pipecolic acid",8.84108721160106e-06
"proline and unresolvable, unidentified isomers",0.0018043466719924,0.0328264981258836,3.5078485433814e-06,0,0.0186785883127857,0.0882395123808037,0,0,0.00383667906027494,0.0361163574623821,0,0.000272416522553609,9.69847712638021e-05,0.00942722314961195,1.46058524609863e-05,6.38331181905086e-05,1.87802818509664e-05,1.207420044642e-05,0,0,0.00124150272937204,0.0445119548293378,0,1.25400801139738e-05,-0.0294292619911295,-0.0351593175305354,0.137940270312948,0.115775778919123,0.00622004918806272,0.234614446839042,0.0406659052108306,0.140627294519691,-0.0365317422452489,-0.0955436593028465,0.138086617856217,0.315891792899316,0.28932560652583,-0.347747025663694,-0.189027294064701,-0.0482056310742778,-0.0485870660357465,0.0324334521912427,0.480446919815088,-0.168708841523289,-0.3219886139076,0.235865759907067,-0.109800935719451,-0.0788302874701205,"proline and unresolvable, unidentified isomers",0.000866081461342537
"pyridoxine",0.0708430595848121,0.0393443960560934,0.137248186323185,0.0743447492786102,0.000565338393419075,0,0.0611337185109165,0.166282682475022,0.101092434649672,0.0128613346195449,0,0.0325137552050174,0.0980437396444594,0.0546549698288602,0.17680936797745,0.0449126392821946,0.114653327183451,0.139824625847319,0.299583412070421,0.210154954667078,0.0374022404209232,0,0.141410022896712,0,-0.088832829702523,0.121024486858229,-0.66108596032794,-0.117304907727903,-0.589816891675256,0.158067382021414,-0.247497713868291,0.122794213760267,0.0687043933721033,0.0119151340208702,-0.077649352700564,-0.0109356591637265,0.0256685179494653,-0.0192025438131369,0.00358674935082552,0.0645668680471249,-0.0540883910327347,0.0345971345117542,0.120868810506949,0.0631219877110791,0.0110817774332513,-0.0189425230014151,-0.000525314907842619,-0.109972292145241,"pyridoxine",0.00789127163295745
"sarcosine",1.18316782419081e-05,8.39170721532686e-05,0,1.96992749011915e-06,2.28791056872993e-05,4.36957250757763e-05,0,0,0,2.30351764375937e-06,0,0,0,1.31727377418319e-06,0,5.64497329770284e-06,0,6.24050897662726e-07,0,3.26174310160913e-07,3.23726937336638e-05,2.18621111423263e-05,0,3.45998970941563e-06,-3.23528661288291e-05,-2.34436134770182e-05,0.000103243754827524,2.7580119896346e-05,2.23753656090853e-05,8.78189517562198e-05,0.000137364568939885,-2.31408392444523e-05,9.47987055652505e-05,-0.000117077564945093,0.00011606832329225,-0.000137714233514271,0.000278134783415999,-0.0010690556252354,-0.000747751126226271,0.00110681419266286,-0.000109689070700461,0.00128175413541282,0.000776043968331008,0.000378942806654502,-0.00129601487132463,-0.000721849800263233,-0.000144198087762713,-2.45652855459288e-06,"sarcosine",1.04670794674994e-09
"threonine",1.93181290769893e-05,0.000142966680831869,4.75419591279273e-06,0,8.71947956925288e-05,0.000147983507357041,0,3.38488369551812e-05,0,0.000773917873198941,0,0,3.13074670449119e-05,0.000110121143483302,1.644630811661e-05,5.51460146839166e-05,4.05474552374207e-06,5.82995623380732e-06,0,8.7989379594659e-06,0.000112193493698327,7.49934000229102e-05,6.84319299126533e-05,1.86298592583369e-05,-0.000133051706963061,-0.000400266816840984,0.000754385547321406,-3.95623765595788e-05,-0.000113595194431765,0.000274080349896519,0.00105191118252602,0.000571989678198564,0.000866182473863209,-0.00141693425699883,0.00131203188591294,-0.000781322411702695,0.00304175851728848,0.00120594880919803,0.00321110226136087,-0.00648496726180706,-0.00519571989754425,-0.011739345098912,0.00766658855212404,-0.0209398571588423,-0.00452944294814135,0.020767647082149,0.000845309055818256,-0.00171516202212181,"threonine",1.77027567257843e-08
"thymidine",0.000108997501710829,0.00194331712635415,0.000174453633023856,0.00155078705853907,2.6458342397225e-05,1.25658369481509e-05,1.46190309549727e-05,4.77813066715557e-05,1.02157176322791e-05,0.00022440498076264,0.0001365552262701,1.87987671099173e-05,0.000198571434160514,0.00184675329444263,0.000457360380529603,0.000202864587838555,5.48755076734325e-05,8.72038322446942e-05,2.94025050359217e-05,8.48098025331271e-05,4.65754362074505e-05,3.75796317033767e-05,8.15226003079566e-05,5.03914775551034e-05,-0.000164103334099758,-0.000996332637936447,0.00191869039581169,-0.000581014549221503,-0.00209150389483233,-0.00254925835891014,0.00473425821847327,-0.00569755027450649,0.00948132960444677,-0.0103499101791502,-0.00129653725737083,0.000164535195815262,0.0150125520038565,0.0042028629774524,0.00802971466046999,0.0189927560151291,0.0133447291934053,0.0486663364058502,-0.00772179218113057,0.0207847093482966,0.0311631814723113,-0.0351193027241922,0.0336416759015311,0.00465343553442723,"thymidine",2.69299042626569e-08
"trigonelline and unresolvable, unidentified isomers",0.0704615259201746,0.0872349337594761,0.143335884204415,0.111257058719524,0.160773160061195,0.25613370891465,0.271565946538732,0.0434463883718088,0.0865779589908864,0.0711501104781566,0.224527196584684,0.280514592671101,0.0885238077038367,0.0807460048762353,0.107980752237569,0.1226646386681,0.0893123607364703,0.226748236197884,0.194885489851656,0.193074091535132,0.0583390315735528,0.193923438827705,0.00838787408416206,0.00659307864949724,-0.0205271881522772,0.294347402726868,-0.0768952161322566,0.835704017985688,0.145033921865743,-0.168994721652509,-0.158825940674039,0.175979952859939,0.0345324822281984,-0.0915388225680938,-0.123601990638929,-0.0525740731728783,-0.0685963983288344,0.096850206614467,-0.0485513316007738,0.0263578939023536,-0.0513560788312548,0.0290049152237197,0.0704805015274174,0.00656563856917317,0.073900277967549,-0.0679057502328629,0.0242643693125016,-0.111094372308326,"trigonelline and unresolvable, unidentified isomers",0.00042136545343899
"tyrosine",0.000137436767720866,0.000123347100111178,3.4717536216454e-05,1.68181365803476e-05,9.65981292805796e-05,0.000538542221368694,2.24634635791625e-05,5.59640936812904e-05,0.00136119428543249,1.55142567232585e-05,0,0,7.27857856878632e-05,3.91939677353583e-05,8.42051507725575e-06,6.51135925736054e-05,9.644204442011e-05,6.85379081234501e-05,3.08648496726001e-05,3.26005580599091e-05,0.000124209707908488,3.62665436022216e-05,6.03274496643014e-05,4.64244387150537e-05,-0.00057573256650157,0.00017059793484841,0.000716553349404741,-0.000358017420766588,0.000131635670704646,0.00105616699096409,-0.000714104764176174,0.00287659789192949,0.00216779973622328,0.00862450030788152,-0.00579614714038741,0.00731555049119287,-0.00141702290187498,-0.0018928903316387,-0.0021578741627399,0.00162635383064642,0.000477972330440726,0.00275058449502269,0.000731055264086345,-0.0125500592265879,0.0168034903764315,-0.0327396230658902,-0.0243093920418201,-0.0062322681063542,"tyrosine",3.31467988130485e-07
"unidentified isomer of 3-hydroxyanthranilic acid",7.77208382539097e-05,1.37663866492034e-05,0.00259554622846979,9.97899833395188e-05,0.000142521324368554,6.96377228402828e-06,0.000220157932474286,0.000256610838616878,0.000709692696748748,7.23694838583602e-06,0.000513884372561821,0.000162779456843961,7.02398707644665e-05,1.44862778870794e-05,0.000197459223321764,8.83205962186776e-05,0.000348336272580944,0.00026078875960547,0.000443020559743143,0.000349003968921866,0.000166416893546854,2.76767583874914e-06,0.000693303785485563,0.000361625949469529,0.000726276838766544,0.000783884444315614,-0.00126582747427048,-0.000555669218355891,-0.0014445121807638,0.00106223130895913,-0.00305191119089555,-0.00234516279188586,-0.000119877586611685,0.00509957934787876,-0.00688347881246023,-0.005769564989261,-0.00176582954194812,-0.013383732653069,-0.0362528576794494,-0.0406088328846803,0.0108537779565923,0.0131977537503383,-0.0124907413261754,-0.0404438689986058,0.0296032253771248,-0.0149232780607984,0.06486636174825,0.0152945149014996,"unidentified isomer of 3-hydroxyanthranilic acid",5.27478046528724e-07
"unidentified isomer of cytidine",0.0267795862507164,0.0384808470023172,0.00354573970182554,0.0263180707431213,0.0456276479639041,0.00950230409463121,0.00105544639103247,0.00175200182306686,0.0180485032570326,0.038107839801877,0,0,0.0418872769821167,0.0490815421491445,0.00310918029519568,0.00206524276236357,0.00921855395316106,0.0282041888670213,0.0236905762994093,0.0374276867393762,0.021765847617708,0.0170522378841988,0.00189879203268484,0.0014348358917344,-0.0525559605629553,0.0187979849809116,0.0289108077223169,-0.0388397034465788,0.0149585047973783,0.0837974538471508,0.145450202231186,-0.136251984110034,0.340823086109762,-0.330080249103935,0.0990542061946816,-0.0401788506296431,0.144468354627423,0.58072229054281,0.161821990630073,0.069953564081401,0.188198534900384,-0.285449564085825,0.22401025398439,0.135700536622936,-0.0892274959957629,0.0139069012577573,0.00170724873209036,-0.0412912069525379,"unidentified isomer of cytidine",0.00276212899069491
"unidentified isomer of nicotine",0,0,0,0,0,0,0,0.114953290562356,0,0.0174479120456236,0,0,0,0,0,0,0,0,0,0,0,0,0.0201259320211124,0,0.0168713054381465,-0.037750199403198,-0.0600636467543939,-0.0619772029630556,-0.0697403261939981,0.033691313009273,0.477287155719139,0.390318848099981,-0.455624500969652,0.0223862743198249,0.0365622342780462,-0.00832594482984959,-0.083489744668984,0.362012097820494,-0.0938345557926995,-0.20055756906964,0.0819327179913582,0.137366758094916,0.0745737942233418,-0.234215704559874,-0.00355887594370738,-0.130958059061877,0.0681072683223695,-0.0922191973349167,"unidentified isomer of nicotine",0.000284640947187233
"unidentified isomer of nicotinic acid",0.00026581783166605,2.37394632172886e-05,0.000467687655922302,0.00028361110991469,0,0,0,0,3.83139369493376e-06,1.79383456338377e-06,0.000143749854936272,7.45811816472527e-05,2.74483958954919e-05,1.15527008446331e-05,1.87997034661729e-05,0.00017078052791615,7.73592047507368e-05,8.21878104255492e-05,0.000371929000215044,0.000498226068080299,6.60306196155932e-05,6.04434223180736e-05,0,0,-5.21003287206171e-06,0.000488693741103285,-0.000691667000256013,0.000181730542626289,-0.000607504028724418,5.22487649795867e-05,-0.000154540598273091,-0.0032651139339531,-4.33139562510378e-05,0.000789537953233722,0.000921196054972996,0.000188546089554744,0.0025400300686586,-0.00102985738583437,-0.00404925920351211,-0.00795004778235813,0.00508298085281076,0.000369514626305562,0.00542051165330974,0.00213151767026299,-0.00110545998842923,-0.00109018132638734,-0.00848658601618735,0.00122995028578608,"unidentified isomer of nicotinic acid",2.71444425279635e-11
"unidentified isomer of valine",0,5.17727490232499e-05,0,0,0,0,0,0,0,6.27731035148708e-05,0,0,0,0,0,0,0,0,0,0,0,0.00234363664512374,0,0,-6.10992663675967e-05,-0.000498742551100161,0.00127165736721058,0.00143452353728797,0.00018217870797511,5.09528374029839e-05,-0.000529004609415283,0.00290170873154264,0.00062821105670255,-0.000429974405636672,0.00659662691308522,0.00680656997998353,-0.00592560981385704,-0.0067212592065337,-0.00898951853498432,-0.00296235430006853,0.0573048522788063,-0.0322067934442091,-0.0082162901330834,0.0429399804052692,-0.044321938411413,0.0216895742696446,0.0400378238451252,0.03180086216245,"unidentified isomer of valine",3.73312035065854e-09
"uracil",0.000110035937916847,5.52089326162444e-05,7.84381921623827e-05,4.49906326303253e-05,0.000111760474637605,1.82805064272484e-05,2.32250279695276e-05,5.60544113372691e-05,0,0,0,0,5.14018695622797e-05,3.42199390858058e-05,4.99222082582389e-05,0.000192188980721064,0.00020234982403776,0.00211668858337972,0.000116655524321531,0.000219515968674041,5.53684524804577e-05,5.69470942736017e-06,3.90194153115654e-05,7.17516701147614e-05,-0.000694712077607141,0.000625315902257217,-0.00038360374467551,0.000903148098541398,-0.00109293826373731,-0.00104722778341154,0.000627445622181744,-0.00252189271623444,0.000201012658554634,-0.000155575203705022,-0.000150782256337335,-0.00298999298751809,-0.0150308446346153,0.0167043689726002,-0.0173603030873975,0.0159957288472766,-0.0206430421537893,-0.0079540697584277,-0.0477679301791277,-0.00972828726647618,-0.0149567839150431,0.0529657394844969,-0.0145323473998858,-0.0189652863201613,"uracil",4.8262487077323e-07
"vanillic acid",0.0275479182485405,0.0236000948093908,0.0540290599880125,0.0592508100102755,0.000775963769222088,0.000283098092816467,0.00147112221996268,0.00141727203707355,0.00456605507182414,0.00426734943486505,0.0348315396729326,0.0221047334045215,0.00058892800637899,0.0172945907799952,0.00266886954617613,0.0923550051485835,0.0182804036712865,0.0536060486558542,0.0487421007711031,0.0627479677314472,0.00596013338588876,0.00289786759092384,0.00109438539970637,0.00238895007718089,-0.00660594002199974,0.0305615316888703,-0.0788493837981964,0.0785679738410363,-0.10107800083691,-0.153386860959762,0.118268886423576,-0.758154815013031,-0.0531737058215104,0.195532200611232,-0.118219091899781,0.146533188763082,-0.144730271733827,0.0114192650604311,-0.139178853614069,-0.134180732439676,-0.0309057928419369,-0.073364239314727,0.184493237301897,-0.272696917456653,-0.0221303515275303,-0.0641925202204026,0.0743999289398004,-0.101046531719075,"vanillic acid",4.36384435742579e-05
"xanthine",0.012566564380351,0.000145435296093324,0.000613182027961134,2.15677503095761e-05,0.0256176298940137,0.000170142020176983,0.000743466001737866,0.0225633395094877,0.0132662341654433,0,0,0,0.0198635244339692,0.0012981567735063,0.00672381510273184,0,0.00796514884194609,0.0091023227333877,0.0119208655885406,0.000496329100076576,0.0151986441426145,0,0,0,-0.0161870832163261,0.0110229811298767,-0.0391366296184326,-0.042287438673695,0.0430631112778891,0.0471598907832121,0.0736475885086032,0.0752066448228152,-0.0313496830065422,-0.0274695568740353,0.0229049762208806,0.0563104150363885,-0.114563203500846,0.0682001544151011,-0.146901684154743,0.282137132716159,0.0257764597632044,-0.061896785267875,-0.00962748311625751,-0.181987288741589,0.434117776831874,0.201031316783237,-0.0191871509490109,-0.0744203564637364,"xanthine",0.000262021663052266
