"","Row.names","Arabidopsis-1d.1","Arabidopsis-1d.2","Arabidopsis-1d.3","Arabidopsis-1d.4","Arabidopsis-00h.1","Arabidopsis-00h.2","Arabidopsis-00h.3","Arabidopsis-00h.4","Arabidopsis-02h.1","Arabidopsis-02h.2","Arabidopsis-02h.3","Arabidopsis-02h.4","Arabidopsis-04h.1","Arabidopsis-04h.2","Arabidopsis-04h.3","Arabidopsis-04h.4","Arabidopsis-4d.1","Arabidopsis-4d.2","Arabidopsis-4d.3","Arabidopsis-4d.4","Arabidopsis-p5h.1","Arabidopsis-p5h.2","Arabidopsis-p5h.3","Arabidopsis-p5h.4","Arabidopsis_00h_Arabidopsis_02h_log2_FC","Arabidopsis_00h_Arabidopsis_02h_Pvalue","Arabidopsis_00h_Arabidopsis_02h_fdr","Arabidopsis_00h_Arabidopsis_04h_log2_FC","Arabidopsis_00h_Arabidopsis_04h_Pvalue","Arabidopsis_00h_Arabidopsis_04h_fdr","Arabidopsis_00h_Arabidopsis_1d_log2_FC","Arabidopsis_00h_Arabidopsis_1d_Pvalue","Arabidopsis_00h_Arabidopsis_1d_fdr","Arabidopsis_00h_Arabidopsis_4d_log2_FC","Arabidopsis_00h_Arabidopsis_4d_Pvalue","Arabidopsis_00h_Arabidopsis_4d_fdr","Arabidopsis_00h_Arabidopsis_p5h_log2_FC","Arabidopsis_00h_Arabidopsis_p5h_Pvalue","Arabidopsis_00h_Arabidopsis_p5h_fdr","Arabidopsis_02h_Arabidopsis_04h_log2_FC","Arabidopsis_02h_Arabidopsis_04h_Pvalue","Arabidopsis_02h_Arabidopsis_04h_fdr","Arabidopsis_02h_Arabidopsis_1d_log2_FC","Arabidopsis_02h_Arabidopsis_1d_Pvalue","Arabidopsis_02h_Arabidopsis_1d_fdr","Arabidopsis_02h_Arabidopsis_4d_log2_FC","Arabidopsis_02h_Arabidopsis_4d_Pvalue","Arabidopsis_02h_Arabidopsis_4d_fdr","Arabidopsis_02h_Arabidopsis_p5h_log2_FC","Arabidopsis_02h_Arabidopsis_p5h_Pvalue","Arabidopsis_02h_Arabidopsis_p5h_fdr","Arabidopsis_04h_Arabidopsis_1d_log2_FC","Arabidopsis_04h_Arabidopsis_1d_Pvalue","Arabidopsis_04h_Arabidopsis_1d_fdr","Arabidopsis_04h_Arabidopsis_4d_log2_FC","Arabidopsis_04h_Arabidopsis_4d_Pvalue","Arabidopsis_04h_Arabidopsis_4d_fdr","Arabidopsis_04h_Arabidopsis_p5h_log2_FC","Arabidopsis_04h_Arabidopsis_p5h_Pvalue","Arabidopsis_04h_Arabidopsis_p5h_fdr","Arabidopsis_1d_Arabidopsis_4d_log2_FC","Arabidopsis_1d_Arabidopsis_4d_Pvalue","Arabidopsis_1d_Arabidopsis_4d_fdr","Arabidopsis_1d_Arabidopsis_p5h_log2_FC","Arabidopsis_1d_Arabidopsis_p5h_Pvalue","Arabidopsis_1d_Arabidopsis_p5h_fdr","Arabidopsis_4d_Arabidopsis_p5h_log2_FC","Arabidopsis_4d_Arabidopsis_p5h_Pvalue","Arabidopsis_4d_Arabidopsis_p5h_fdr","Arabidopsis_00h","Arabidopsis_02h","Arabidopsis_04h","Arabidopsis_1d","Arabidopsis_4d","Arabidopsis_p5h","id2","HMDBID","KEGGID","Descrip","Kingdom","Super_class","Class","Sub_class","CAS","DTXSID","DTXCID","SID","CID","KEGG","ChEBI","Drugbank","Name","id"
"1","2-deoxyadenosine",0,0,0,0,0,0,0,0,0,0,0,0,0,0,0,0,0,0,0,0,0,0,0,0,"NA","NA","0","NA","NA","0","NA","NA","0","NA","NA","0","NA","NA","0","NA","NA","0","NA","NA","0","NA","NA","0","NA","NA","0","NA","NA","0","NA","NA","0","NA","NA","0","NA","NA","0","NA","NA","0","NA","NA","0",0,0,0,0,0,0,"2-deoxyadenosine",NA,NA,NA,NA,NA,NA,NA,NA,NA,NA,NA,NA,NA,NA,NA,NA,"2-deoxyadenosine"
"2","2-deoxyguanosine",0.000117756168319921,0,0.000221079949196905,1.60371218218336e-05,0.000550746778194786,0.000246092209075933,0,0.000193670551092637,0,0.000413296881370595,4.93176726854591e-05,0,3.35095194658061e-05,0,3.30214202208418e-05,0,0,2.12557027515014e-05,4.76376620331663e-06,0,0,0,0,0,"0.161297921176744","0.418080003610406","0.418080003610406","0.295388533866917","0.135631736280888","0.135631736280888","-0.19655639857266","0.270150189810104","0.270150189810104","0.309832975532648","0.124782754233205","0.124782754233205","0.319187124368318","0.118340372881673","0.118340372881673","0.134090612690172","0.395332923832626","0.395332923832626","-0.0352584773959153","0.820990275415635","0.820990275415635","0.148535054355904","0.354592936775587","0.354592936775587","0.157889203191573","0.330760143883817","0.330760143883817","0.098832135294257","0.25515326454166","0.25515326454166","0.0144444416657311","0.397435789378675","0.397435789378675","0.0237985905014009","0.181707245789811","0.181707245789811","0.113276576959988","0.206939546190788","0.206939546190788","0.122630725795658","0.181854567716995","0.181854567716995","0.00935414883566941","0.287568853166938","0.287568853166938",0.000247627384590839,0.000115653638514014,1.6632734921662e-05,8.87183098346651e-05,6.5048672387045e-06,0,"2-deoxyguanosine",NA,NA,NA,NA,NA,NA,NA,NA,NA,NA,NA,NA,NA,NA,NA,NA,"2-deoxyguanosine"
"3","2-hydroxypyridine",0,0.0210239837300375,0,0,3.29092333023668,2.48417143381438,0.20884572872599,6.76123261733942,0,0,0,0.871937482380305,0.293559279278972,0.0300517193549276,0,0,0,0,0,0.373128471825218,1.85803721999651,2.23223773234901,0,0.192121525276436,"3.863431963999","0.115471727389074","0.115471727389074","5.28227607683301","0.106196667329498","0.106196667329498","-8.99287648425702","0.101090047898444","0.101090047898444","5.07920379631488","0.106971622550995","0.106971622550995","1.57256647348852","0.223894910021813","0.223894910021813","1.41884411283401","0.585248778942074","0.585248778942074","-5.12944452025802","0.401137474453221","0.401137474453221","1.21577183231588","0.626332742910044","0.626332742910044","-2.29086549051048","0.236808981171919","0.236808981171919","-3.71060040742401","0.366561254498898","0.366561254498898","-0.203072280518126","0.919671189668812","0.919671189668812","-3.70970960334448","0.180130739930014","0.180130739930014","-3.91367268794214","0.415218784756204","0.415218784756204","-7.4203100107685","0.15797327912592","0.15797327912592","-3.50663732282636","0.184072361099513","0.184072361099513",3.18629327752912,0.217984370595076,0.080902749658475,0.00525599593250936,0.0932821179563046,1.07059911940549,"2-hydroxypyridine",NA,NA,NA,NA,NA,NA,NA,NA,NA,NA,NA,NA,NA,NA,NA,NA,"2-hydroxypyridine"
"4","3-methoxytyramine",0,7.79285462200816e-05,0,0,0.00374898387875982,0.00334447120285425,0.000519877702883505,0.00285395476328646,0.0273032962726798,0.000233473280113714,7.84446940091536e-05,0.000186043718437031,0,0,0,0,0,0,0,0.000150026704561563,0.000360663799093961,0.00115425912447602,0,0.000336517427028192,"-1.13628937717946","0.569539117632071","0.569539117632071","1.85472255316461","0.0362033893322967","0.0362033893322967","-1.82688605660291","0.0368454172880348","0.0368454172880348","1.80160193323166","0.0373603617367673","0.0373603617367673","1.30593076079462","0.0524901213799151","0.0524901213799151","2.99101193034407","0.38101346229927","0.38101346229927","-2.96317543378237","0.38217427368547","0.38217427368547","2.93789131041112","0.383252288628917","0.383252288628917","2.44222013797408","0.409602219718025","0.409602219718025","0.0278364965617002","0.391002218955771","0.391002218955771","-0.0531206199329552","0.391002218955771","0.391002218955771","-0.548791792369996","0.154947157555077","0.154947157555077","-0.025284123371255","0.689351070407174","0.689351070407174","-0.520955295808296","0.167506776223837","0.167506776223837","-0.495671172437041","0.180169732334015","0.180169732334015",0.00261682188694601,0.00695031449130993,0,1.94821365550204e-05,3.75066761403908e-05,0.000462860087649543,"3-methoxytyramine","HMDB0000022","C05587","belongs to the class of organic compounds known as methoxyphenols. Methoxyphenols are compounds containing a methoxy group attached to the benzene ring of a phenol moiety.","Organic compounds","Benzenoids","Phenols","Methoxyphenols","554-52-9",NA,NA,"223438743",NA,"C05587","  1582",NA,"3-Methoxytyramine","3-methoxytyramine"
"5","3-methyladenine",0.0575950426212745,0.0110090691691854,0.0309931308461161,0.437572095740094,0.00443185310448446,0.00679511356500011,0.00408621729319044,0.00294447580696116,0.00776311084081259,0.122958852946804,0.0056633550434226,0.00456479485524268,0.00859238964421899,0.00447777945094592,0.000320251259906032,0.00439485788119921,0.0364078239552565,0.0195408361929487,0.428692290073408,0.461101919676938,0.00246748889036348,0.00580363627490482,0.0081386840757168,0.00545542946723262,"-2.70318264800471","0.371392312843138","0.371392312843138","0.0309483726865176","0.952525851979095","0.952525851979095","4.60370628435877","0.29129986450269","0.29129986450269","-5.41516315911968","0.150211821066497","0.150211821066497","-0.216712594313051","0.550703036692136","0.550703036692136","2.73413102069123","0.369979555391442","0.369979555391442","1.90052363635405","0.408708108106237","0.408708108106237","-2.71198051111496","0.193783949839508","0.193783949839508","2.48647005369166","0.383783863633191","0.383783863633191","4.63465465704529","0.290948947538389","0.290948947538389","-5.4461115318062","0.150061100176988","0.150061100176988","-0.247660966999568","0.63878233800731","0.63878233800731","-0.81145687476091","0.541682451939958","0.541682451939958","4.38699369004572","0.294054460017196","0.294054460017196","5.19845056480663","0.151317760412654","0.151317760412654",0.00456441494240904,0.0352375284215705,0.00444631955906754,0.134292334594167,0.236435717474638,0.00546630967705443,"3-methyladenine","HMDB0011600",NA,NA,NA,NA,NA,NA,"5142-23-4","DTXSID80199406","DTXCID70121897","315759746"," 1673","C00913"," 38635","DB04104","3-Methyladenine","3-methyladenine"
"6","4-aminobutanoic acid",3.58692670489545,7.12050539756842,2.43228184877781,3.73120439615709,3.42280227139542,1.2591472664602,3.20468068860025,2.54496398450545,0,1.83773478194962,1.73580756726582,2.50152176311136,7.81385618712254,8.26223552838316,3.13862086705665,7.54849348770789,5.15414877701251,5.90650092247232,4.15919472373851,5.88939686283282,5.19754681395102,3.43854900447677,1.25331271739737,3.62828087803899,"0.779591611793024","0.182848844496352","0.182848844496352","-1.35895380898296","0.0342495560912351","0.0342495560912351","0.693367770387909","0.219374950684629","0.219374950684629","-1.01663532591973","0.00612669288228435","0.00612669288228435","-0.373762663662787","0.452369872939392","0.452369872939392","-2.13854542077599","0.0155316012538615","0.0155316012538615","1.47295938218093","0.0696247272628945","0.0696247272628945","-1.79622693771276","0.00173958194979213","0.00173958194979213","-1.15335427545581","0.111344000986597","0.111344000986597","-0.665586038595054","0.166117675967039","0.166117675967039","0.34231848306323","0.330095564838203","0.330095564838203","0.985191145320176","0.0673675354643887","0.0673675354643887","-0.323267555531824","0.386839958352686","0.386839958352686","0.319605106725122","0.542601300124042","0.542601300124042","0.642872662256946","0.0981707017495932","0.0981707017495932",2.60789855274033,1.5187660280817,6.69080151756756,4.21772958684969,5.27731032151404,3.37942235346604,"4-aminobutanoic acid","HMDB0000112","C00334","belongs to the class of organic compounds known as gamma amino acids and derivatives. These are amino acids having a (-NH2) group attached to the gamma carbon atom.","Organic compounds","Organic acids and derivatives","Carboxylic acids and derivatives","Amino acids, peptides, and analogues","56-12-2","DTXSID6035106","DTXCID4015106","315677424","  119","C00334"," 16865","DB02530","4-Aminobutanoic acid","4-aminobutanoic acid"
"7","4-guanidinobutanoic acid",0.00194144010295006,0.00747354045481466,0.0488520920032063,0.00274753975770131,0.0182918035717733,0.0136969607472567,0.00799961327794354,0.0292460486291087,0.0426576053950228,0,0,0,0.000190030336774915,0.00518281401248018,0,0,0,0,0,0,0.010154441269855,0.00514119004213044,0,0.0110412724414579,"0.650409727842934","0.596449998503548","0.596449998503548","2.9659631639066","0.0334968798306811","0.0334968798306811","-0.171757987119776","0.873845358318207","0.873845358318207","4.194450088617","0.0310444803741159","0.0310444803741159","1.27144814504309","0.0959055937351069","0.0959055937351069","2.31555343606366","0.447712053211626","0.447712053211626","0.478651740723158","0.777355392165512","0.777355392165512","3.54404036077407","0.391002218955771","0.391002218955771","0.621038417200157","0.732176265160933","0.732176265160933","2.79420517678682","0.305390036731235","0.305390036731235","1.2284869247104","0.371292077963422","0.371292077963422","-1.69451501886351","0.133288894051461","0.133288894051461","4.02269210149722","0.268707912634411","0.268707912634411","1.09969015792331","0.502762094438389","0.502762094438389","-2.92300194357391","0.0816534019338383","0.0816534019338383",0.0173086065565206,0.0106644013487557,0.00134321108731377,0.0152536530796681,0,0.00658422593836083,"4-guanidinobutanoic acid",NA,NA,NA,NA,NA,NA,NA,NA,NA,NA,NA,NA,NA,NA,NA,NA,"4-guanidinobutanoic acid"
"8","4-hydroxybenzoic acid",0.414946877300567,0.58394534732901,0,0.0278692939511431,0.0782830280642512,0.0456523648271457,0.0406810584366623,0.137744390293443,0.209689573010107,0,0,0,0.051245293426412,0.0232294448010117,0.0191205399739807,0.0660444296936809,0.193943577758001,0.252088413083198,0,0.306429575717619,0.0279173494633385,0.0513794623625109,0,0.0644549360493565,"0.519715393532674","0.704862137994624","0.704862137994624","0.904709039835462","0.220177849246393","0.220177849246393","1.75040677117476","0.299812232515169","0.299812232515169","-1.30403487859601","0.191748637472454","0.191748637472454","1.05205670958189","0.193192827373321","0.193192827373321","0.384993646302787","0.829312062347836","0.829312062347836","2.27012216470743","0.25836340784299","0.25836340784299","-1.82375027212869","0.16385742622194","0.16385742622194","0.532341316049217","0.77893111147167","0.77893111147167","2.65511581101022","0.230442812170274","0.230442812170274","-2.20874391843147","0.111592680896873","0.111592680896873","0.14734766974643","0.833896466957702","0.833896466957702","0.446371892578745","0.687606029104855","0.687606029104855","2.80246348075665","0.223945687197525","0.223945687197525","2.3560915881779","0.104718823704708","0.104718823704708",0.0755902104053756,0.0524223932525268,0.0399099269737713,0.25669037964518,0.188115391639704,0.0359379369688015,"4-hydroxybenzoic acid","HMDB0000500",NA,NA,NA,NA,NA,NA,"99-96-7","DTXSID3026647","DTXCID806647","315675580","  135","C00156"," 30763","DB04242","4-Hydroxybenzoic acid","4-hydroxybenzoic acid"
"9","4-imidazoleacetic acid",2.84222172330067e-05,0.00119253055738368,0,3.07284656491788e-06,0.0010563231128401,0.000561117088226836,0.0025302883696099,0.00140065647683844,0.0055017645688193,0,0,0.00249167494889291,0,0.000635179802624739,0,0,0.000565794147253362,0.000947570581258329,0.000421285827587263,0.00303348392753823,0.00257199298510144,0.000381101083112041,0,0.000483823579634647,"-0.32891680815504","0.681441380254286","0.681441380254286","1.04263144229128","0.0538531429000735","0.0538531429000735","-0.870094773028089","0.0844060023864681","0.0844060023864681","0.090448833056236","0.851344554782297","0.851344554782297","0.360551948954729","0.491059325137392","0.491059325137392","1.37154825044632","0.254357532993556","0.254357532993556","-1.19901158118313","0.288381705249836","0.288381705249836","0.419365641211276","0.626035349637656","0.626035349637656","0.689468757109768","0.468947555188953","0.468947555188953","0.172536669263187","0.680688446501001","0.680688446501001","-0.95218260923504","0.171829007769928","0.171829007769928","-0.682079493336547","0.318561060147164","0.318561060147164","-0.779645939971853","0.232719701819138","0.232719701819138","-0.50954282407336","0.438844626932617","0.438844626932617","0.270103115898492","0.664672019105003","0.664672019105003",0.00138709626187882,0.00199835987942805,0.000158794950656185,0.000306006405295401,0.0012420336209093,0.000859229411962031,"4-imidazoleacetic acid",NA,NA,NA,NA,NA,NA,NA,NA,NA,NA,NA,NA,NA,NA,NA,NA,"4-imidazoleacetic acid"
"10","4-pyridoxic acid",0.000649755553890434,0.000727556893470796,0.00097181561990056,0.00108336765293486,0.00129700005707555,0.000777726223292481,0.000435751918174221,0.00118082693770384,0.00663711313300846,4.07718686496099e-05,9.4228687234688e-05,0,0.000498787212678093,0.000322899670686658,0.00031247168076164,0.00108799407709844,0.00111158471190598,0.00109959971412894,0.00230012001301212,0.00224245639167705,0.00125789646402368,0.000902075676603276,0.000410622552422968,0.00112003569275983,"-0.486001026490232","0.673418374663885","0.673418374663885","0.305814642277285","0.22054320506502","0.22054320506502","-0.0493817022379115","0.783239463542651","0.783239463542651","-0.483540956042675","0.108827314869637","0.108827314869637","0.000126571731830561","0.999522919841646","0.999522919841646","0.791815668767517","0.540905134038726","0.540905134038726","-0.535382728728144","0.6476956395662","0.6476956395662","0.0024600704475576","0.997982651915005","0.997982651915005","0.486127598222063","0.673210605162282","0.673210605162282","0.256432940039373","0.21090335468139","0.21090335468139","-0.789355598319959","0.0347935262367868","0.0347935262367868","-0.305688070545454","0.208318920551091","0.208318920551091","-0.532922658280586","0.0860180825677771","0.0860180825677771","-0.0492551305060809","0.773711425531213","0.773711425531213","0.483667527774505","0.107085039272908","0.107085039272908",0.000922826284061524,0.00169302842222319,0.000555538160306207,0.000858123930049162,0.00168844020768102,0.000922657596452439,"4-pyridoxic acid","HMDB0000017","C00847","belongs to the class of organic compounds known as pyridinecarboxylic acids. Pyridinecarboxylic acids are compounds containing a pyridine ring bearing a carboxylic acid group.","Organic compounds","Organoheterocyclic compounds","Pyridines and derivatives","Pyridinecarboxylic acids and derivatives","82-82-6",NA,NA,"  8144151",NA,"C00847"," 17405",NA,"4-Pyridoxic acid","4-pyridoxic acid"
"11","4-quinolinecarboxylic acid",0.00135421734380445,0.0018504914639968,0.00551683449480396,0.00390122604709698,0.0122835132011114,0.0167692452526514,0.00245596902499123,0.0273947495254131,0.00536643555103746,0.00118233417675855,0.00224507924896646,0,0.00124350054096427,0.000707727564515511,0.00083561442360602,0.00219384357464383,0,0,0,0,0.00298280920835635,0.00797596651143396,0.00181723660210134,0.00867006924316477,"2.29768940622836","0.0912583483244893","0.0912583483244893","2.8082421917419","0.079673570410844","0.079673570410844","-1.91997900980201","0.109520379600583","0.109520379600583","3.97506785949636","0.0653041541040675","0.0653041541040675","1.30569625140819","0.167753042645596","0.167753042645596","0.510552785513545","0.476984749690206","0.476984749690206","0.37771039642635","0.547550403209796","0.547550403209796","1.67737845326801","0.15217645991918","0.15217645991918","-0.991993154820168","0.186372822041123","0.186372822041123","0.888263181939895","0.139068630237913","0.139068630237913","1.16682566775446","0.0341975579780078","0.0341975579780078","-1.50254594033371","0.0957485119534291","0.0957485119534291","2.05508884969436","0.0462814067145295","0.0462814067145295","-0.614282758393817","0.319271068329908","0.319271068329908","-2.66937160808818","0.0534878865007797","0.0534878865007797",0.0147258692510418,0.00219846224419062,0.00124517152593241,0.00315569233742555,0,0.0053615203912641,"4-quinolinecarboxylic acid",NA,NA,NA,NA,NA,NA,NA,NA,NA,NA,NA,NA,NA,NA,NA,NA,"4-quinolinecarboxylic acid"
"12","5-deoxyadenosine",0,0,0,0,0,0,0,0,0.0243849590487441,0,0,0,0,0,0,0,0,0,0,0,0,0,0,0,"-2.82705475511152","0.391002218955771","0.391002218955771","NA","NA","0","NA","NA","0","NA","NA","0","NA","NA","0","2.82705475511152","0.391002218955771","0.391002218955771","-2.82705475511152","0.391002218955771","0.391002218955771","2.82705475511152","0.391002218955771","0.391002218955771","2.82705475511152","0.391002218955771","0.391002218955771","NA","NA","0","NA","NA","0","NA","NA","0","NA","NA","0","NA","NA","0","NA","NA","0",0,0.00609623976218602,0,0,0,0,"5-deoxyadenosine",NA,NA,NA,NA,NA,NA,NA,NA,NA,NA,NA,NA,NA,NA,NA,NA,"5-deoxyadenosine"
"13","5-methylcytosine",0.0142285682366401,0.00592958357340981,0.0197134210748591,0.0192283530216726,0.00917083680877546,0.00933688720070427,0.00432320829062019,0.0119174433178249,0.0696021884854329,0.00581778085475816,0.00618320182893485,0.00104478160454738,0.00390502825975636,0.00301534761562477,0.00360531290820478,0.00873222115500599,0.0190395807395592,0.150278655549969,0.0245069186639298,0.0179603335038674,0.00546773278307977,0.00666263359849534,0.00567422722037087,0.00844881890094547,"-1.1610298313027","0.517995062888321","0.517995062888321","0.736414376502452","0.11101784435357","0.11101784435357","0.703502479151845","0.156915139481741","0.156915139481741","-2.47739010993357","0.266267991472377","0.266267991472377","0.357037948356282","0.284532918427233","0.284532918427233","1.89744420780515","0.404550789454971","0.404550789454971","-0.457527352150857","0.745715761659421","0.745715761659421","-1.31636027863087","0.420200167878902","0.420200167878902","1.51806777965898","0.452225471202769","0.452225471202769","1.4399168556543","0.0451715119043635","0.0451715119043635","-3.21380448643602","0.234938662525255","0.234938662525255","-0.379376428146169","0.297272562379223","0.297272562379223","-1.77388763078173","0.325140188012806","0.325140188012806","1.06054042750813","0.0798903170462935","0.0798903170462935","2.83442805828985","0.248539758967292","0.248539758967292",0.00868709390448121,0.0206619881934183,0.00481447748464798,0.0147749814766454,0.0529463721143315,0.00656335312572286,"5-methylcytosine","HMDB0002894","C02376","belongs to the class of organic compounds known as hydroxypyrimidines. These are organic compounds containing a hydroxyl group attached to a pyrimidine ring. Pyrimidine is a 6-membered ring consisting of four carbon atoms and two nitrogen centers at the 1- and 3- ring positions.","Organic compounds","Organoheterocyclic compounds","Diazines","Pyrimidines and pyrimidine derivatives","554-01-8","DTXSID50203948","DTXCID80126439","315764278","65040","C02376"," 27551",NA,"5-Methylcytosine","5-methylcytosine"
"14","5-methylthioadenosine",0.00850327523123176,0.00977667981425697,0.00326880899531563,0.00909554603969867,0,0,0,0,0.0201503287919179,0.00353369813062456,0.00250800559700486,0.00565714474448636,0,0,0,0,0.0019535922605927,0.00129055113047883,0.00383645848273606,0.00368054831393602,0.00461473725738304,0.00579964256966119,0.00240137304261946,0.00510897202791478,"-3.16386810445","0.148462350618494","0.148462350618494","NA","NA","0","3.11454652105345","0.0141767164661693","0.0141767164661693","-1.8837332353577","0.0237914223149884","0.0237914223149884","-2.45448683532753","0.00885061128705627","0.00885061128705627","3.16386810445","0.148462350618494","0.148462350618494","-0.049321583396551","0.948612562111002","0.948612562111002","1.2801348690923","0.291172438674841","0.291172438674841","0.709381269122472","0.462732634688407","0.462732634688407","3.11454652105345","0.0141767164661693","0.0141767164661693","-1.8837332353577","0.0237914223149884","0.0237914223149884","-2.45448683532753","0.00885061128705627","0.00885061128705627","1.23081328569575","0.0364550168982745","0.0364550168982745","0.660059685725921","0.121448782105657","0.121448782105657","-0.570753599969832","0.115225087841932","0.115225087841932",0,0.00796229431600842,0,0.00766107752012576,0.0026902875469359,0.00448118122439462,"5-methylthioadenosine",NA,NA,NA,NA,NA,NA,NA,NA,NA,NA,NA,NA,NA,NA,NA,NA,"5-methylthioadenosine"
"15","acetylcholine",0.0270960653904792,0.928540218253425,0.00500253704449087,0.0201486647268141,0.0240409601161885,0.000118895274847602,0.0147885906901068,0,0,0,0,0,0.0253318988760614,0.0733925476290253,0,0.010663921336877,0.0224745571038071,0.395720001076396,0.0200345728575092,0.676958229111629,0.0150631836442698,0,0,0,"3.42453402900816","0.197321955318205","0.197321955318205","-1.40059480706547","0.367951724903591","0.367951724903591","4.5191345890754","0.377427748594773","0.377427748594773","-4.7037018298875","0.189958220203547","0.189958220203547","1.17181685767201","0.43173961732673","0.43173961732673","-4.82512883607362","0.190037143899071","0.190037143899071","7.94366861808355","0.360663756961118","0.360663756961118","-8.12823585889566","0.178578954517061","0.178578954517061","-2.25271717133614","0.391002218955771","0.391002218955771","3.11853978200993","0.409913380918576","0.409913380918576","-3.30310702282204","0.212735414930113","0.212735414930113","2.57241166473748","0.242887575275451","0.242887575275451","-0.184567240812104","0.908209358568261","0.908209358568261","5.69095144674741","0.367060357938585","0.367060357938585","5.87551868755951","0.182881746896879","0.182881746896879",0.00973711152028572,0,0.0273470919604909,0.245196871353802,0.278796840037335,0.00376579591106745,"acetylcholine","HMDB0000895",NA,NA,NA,NA,NA,NA,"51-84-3","DTXSID8075334","DTXCID6040951","315703258","  187","C01996"," 15355","DB03128","Acetylcholine","acetylcholine"
"16","adenine",21.8378280452378,25.5613898044733,18.7785843509714,18.248027721176,11.3541364508301,19.8618973876181,26.2492239254412,14.9444371692688,39.3167065992045,32.1960296612698,22.5650792832402,12.3532819011403,33.9350593808214,32.1545267425903,16.9759298676652,17.2320789562176,5.13120436894243,4.16347409090867,11.9404048161568,10.5787017134339,20.1622238515654,18.5640388914579,11.0297563652217,15.1077615601088,"-0.555639492564724","0.263361618907409","0.263361618907409","-0.470010075359112","0.267186440218485","0.267186440218485","0.221490241204422","0.450502186636215","0.450502186636215","1.18642916144867","0.0437610180970415","0.0437610180970415","0.158760486190408","0.641306827037263","0.641306827037263","0.0856294172056124","0.844324767904582","0.844324767904582","-0.334149251360302","0.424865507542592","0.424865507542592","1.7420686540134","0.0440375447550417","0.0440375447550417","0.714399978755133","0.17473535635384","0.17473535635384","-0.24851983415469","0.467039736798154","0.467039736798154","1.65643923680779","0.0265177456412049","0.0265177456412049","0.62877056154952","0.151723932951821","0.151723932951821","1.4079194026531","0.00230147919820762","0.00230147919820762","0.380250727394831","0.114255406822892","0.114255406822892","-1.02766867525827","0.0257697409720378","0.0257697409720378",18.1024237332896,26.6077743612137,25.0743987368236,21.1064574804646,7.95344624736045,16.2159451670884,"adenine","HMDB0000034","C00147","belongs to the class of organic compounds known as 6-aminopurines. These are purines that carry an amino group at position 6. Purine is a bicyclic aromatic compound made up of a pyrimidine ring fused to an imidazole ring.","Organic compounds","Organoheterocyclic compounds","Imidazopyrimidines","Purines and purine derivatives","73-24-5","DTXSID6022557","DTXCID502557","315673252","  190","C00147"," 16708","DB00173","Adenine","adenine"
"17","adenosine",8.48736130345531,5.70910862508218,9.27453891225766,8.24645525292875,1.74607106230059,1.61906230261755,2.66874320916292,0.980432262942618,0,8.18665070839687,5.05593414811584,6.99881932969106,8.09836540102146,10.3783597459757,9.06463956188771,9.66510722686914,2.52345736043272,1.70484679595371,4.92254979798312,4.27116061857628,10.7789966053983,7.46649188672144,6.02015508068035,7.51345372366218,"-1.5283991064681","0.16364867107795","0.16364867107795","-2.40651334880702","2.95333224216516e-05","2.95333224216516e-05","2.17626402039971","0.00159532693394926","0.00159532693394926","-0.935835774172732","0.120031485609569","0.120031485609569","-2.17906438440243","0.00549138044085984","0.00549138044085984","-0.87811424233892","0.0970034706981568","0.0970034706981568","0.647864913931607","0.216839766198037","0.216839766198037","0.592563332295368","0.432340000480558","0.432340000480558","-0.650665277934332","0.22530524912329","0.22530524912329","-0.230249328407314","0.19170712797199","0.19170712797199","1.47067757463429","0.00102731595358503","0.00102731595358503","0.227448964404588","0.286436061456061","0.286436061456061","1.24042824622697","0.00535923056684425","0.00535923056684425","-0.0028003640027254","0.990726325290608","0.990726325290608","-1.2432286102297","0.0121758761589984","0.0121758761589984",1.75357720925592,5.06035104655094,9.30161798393851,7.92936602343097,3.35550364323646,7.94477432411557,"adenosine","HMDB0000050",NA,NA,NA,NA,NA,NA,"58-61-7","DTXSID1022558","DTXCID902558","315673253","60961","C00212"," 16335","DB00640","Adenosine","adenosine"
"18","alpha-hydroxyisobutyric acid",0.280096034361112,0.0170070926120722,0.00325754963614354,0.029181658803435,0.0014709925021728,0.00071836161628525,0.00281722699465779,0.00129904794417353,0,0.00822169820167941,0.0104040114148123,0.000689017243364196,0.0603269674921844,0.0240432287687856,0.00855679398787212,0.0553211174425211,0.00910020881548167,0.00514650027722475,0.00180157603758999,0.00403583316003827,0.00082029743084511,0.00253280605108063,0,0.00147539376828013,"-1.17780895819495","0.30569666124923","0.30569666124923","-3.88491982180647","0.0648608409019562","0.0648608409019562","5.0163654144673","0.308890751472062","0.308890751472062","-1.2246495385125","0.105942753367135","0.105942753367135","0.223192775525445","0.615010581429662","0.615010581429662","-2.70711086361152","0.0781905725777187","0.0781905725777187","3.83855645627235","0.325520885836294","0.325520885836294","-0.0468405803175473","0.95212184830638","0.95212184830638","1.40100173372039","0.26368718598204","0.26368718598204","1.13144559266083","0.545818965705441","0.545818965705441","2.66027028329397","0.0810227113098853","0.0810227113098853","4.10811259733191","0.063257081698784","0.063257081698784","3.7917158759548","0.326474600631247","0.326474600631247","5.23955818999274","0.30706731912234","0.30706731912234","1.44784231403794","0.0827378884392878","0.0827378884392878",0.00157640726432234,0.00482868171496399,0.0370620269228408,0.0823855838531907,0.00502102957258367,0.00120712431255147,"alpha-hydroxyisobutyric acid",NA,NA,NA,NA,NA,NA,NA,NA,NA,NA,NA,NA,NA,NA,NA,NA,"alpha-hydroxyisobutyric acid"
"19","an hydroxycinnamic acid",0.789963549594833,0.760642139838196,1.3956315713884,1.19415301918969,0.0110673865166365,0.00521420562904357,0.00982984713008021,0.0116890794284421,0,0.0286760024996269,0.0262730271524702,0.000602541556825489,0.747488104274288,0.0414807283355727,0.0320400480914676,0.0693088649236866,0.694670236835086,0.79567969479738,0.947792302036758,0.94881847419315,0.0158362703363489,0.0222805912602559,0.00424980637854352,0.0260830261470738,"-0.510618727789947","0.615251516024065","0.615251516024065","-4.41919475322582","0.310661280084917","0.310661280084917","6.63149521388175","0.00710897115926965","0.00710897115926965","-6.3420294123957","0.000880408435279024","0.000880408435279024","-0.793458753958756","0.208780860285873","0.208780860285873","-3.90857602543587","0.319219957879753","0.319219957879753","6.1208764860918","0.00711368320413122","0.00711368320413122","-5.83141068460575","0.000782897622489945","0.000782897622489945","-0.282840026168809","0.740388121623718","0.740388121623718","2.21230046065593","0.013638183390743","0.013638183390743","-1.92283465916988","0.0313572999259654","0.0313572999259654","3.62573599926706","0.325458377610077","0.325458377610077","0.289465801486053","0.32494084143523","0.32494084143523","5.83803645992299","0.0072328695159476","0.0072328695159476","5.54857065843694","0.000863680746902752","0.000863680746902752",0.0094501296760506,0.0138878928022306,0.222579436406254,1.03509757000278,0.846740176965594,0.0171124235305555,"an hydroxycinnamic acid",NA,NA,NA,NA,NA,NA,NA,NA,NA,NA,NA,NA,NA,NA,NA,NA,"an hydroxycinnamic acid"
"20","azelaic acid and unresolvable, unidentified isomers",0.00460604201989822,0,0.00258390146206677,0.00448844444541051,0.0137776893690875,0,0,0.00275038093776351,0.00394816875252933,0,0.00114621973961104,0,0.00214809538977199,0,0,0.00363339101388387,0.00694350186634785,0.00507229889076056,0.00219430310835416,0.0244066845158236,0,0,0,0,"1.17454947740412","0.455529285847756","0.455529285847756","1.06947239644096","0.480089384774127","0.480089384774127","-0.388820789390612","0.744827692240935","0.744827692240935","-1.05382385847155","0.397641464108854","0.397641464108854","2.35952611154078","0.296834761736321","0.296834761736321","-0.105077080963157","0.898187939540682","0.898187939540682","0.785728688013504","0.292745577627771","0.292745577627771","-2.22837333587567","0.192947381206419","0.192947381206419","1.18497663413667","0.265002761601896","0.265002761601896","0.680651607050348","0.333175958451307","0.333175958451307","-2.12329625491251","0.199952640179729","0.199952640179729","1.29005371509982","0.202021272540648","0.202021272540648","-1.44264464786217","0.273486248107659","0.273486248107659","1.97070532215017","0.0732494450136754","0.0732494450136754","3.41334997001234","0.149808223060009","0.149808223060009",0.00413201757671274,0.00127359712303509,0.00144537160091396,0.00291959698184388,0.00965419709532155,0,"azelaic acid and unresolvable, unidentified isomers",NA,NA,NA,NA,NA,NA,NA,NA,NA,NA,NA,NA,NA,NA,NA,NA,"azelaic acid and unresolvable, unidentified isomers"
"21","betaine",9.63285065225057,4.02891480443215,17.8667147376442,15.3672957591045,36.7104933696839,42.7290430218581,43.0579423680637,31.8929578261241,28.1266192034037,32.1550614520483,31.9197837060553,45.9495046742082,11.2847945841667,8.16379690600127,34.078633258571,23.9083656321984,10.4621335085085,7.30244840881936,13.0846942841302,9.77943379176448,38.4740878742122,37.9692511388253,67.1730527713527,42.4458916232589,"0.160333315132587","0.428555278219163","0.428555278219163","0.995477541229065","0.0404189487711901","0.0404189487711901","-1.71896783187466","0.000643107012244598","0.000643107012244598","1.92590727454965","0.000522574068733671","0.000522574068733671","-0.269195884229859","0.349867030601733","0.349867030601733","0.835144226096478","0.0849708834653945","0.0849708834653945","-1.55863451674207","0.00432806144680816","0.00432806144680816","1.76557395941707","0.00577234564457452","0.00577234564457452","-0.429529199362446","0.197136228496425","0.197136228496425","-0.723490290645594","0.312991237353895","0.312991237353895","0.93042973332059","0.221360307395956","0.221360307395956","-1.26467342545892","0.0259218969316271","0.0259218969316271","0.206939442674996","0.661524970425792","0.661524970425792","-1.98816371610452","0.00946933955147818","0.00946933955147818","-2.19510315877951","0.0123222681080354","0.0123222681080354",38.5976091464324,34.5377422589289,19.3588975952344,11.7239439883578,10.1571774983056,46.5155708519123,"betaine","HMDB0000043","","belongs to the class of organic compounds known as alpha amino acids. These are amino acids in which the amino group is attached to the carbon atom immediately adjacent to the carboxylate group (alpha carbon).","Organic compounds","Organic acids and derivatives","Carboxylic acids and derivatives","Amino acids, peptides, and analogues",NA,NA,NA," 26697202",NA,NA," 41139","DB04455","Betaine","betaine"
"22","bis(3-aminopropyl)amine",0,0.0929043828887015,0,0,3.3118377810969,0.0668982614324767,0,3.73073691720392,2.62725013525537,0.393262852137429,0,0,1.37741067954791,0,0.639280973276371,0.971743049096731,0,0.0791295849299647,0,0,0,3.24939348768223,0,2.36987000178376,"1.23385123276717","0.429836201085678","0.429836201085678","1.24923432207817","0.390117548500535","0.390117548500535","-6.19784835946334","0.180990388268352","0.180990388268352","6.41904827012646","0.180371417052974","0.180371417052974","0.339146439586524","0.785727957490655","0.785727957490655","0.0153830893109972","0.991316310611486","0.991316310611486","-4.96399712669618","0.330009912779369","0.330009912779369","5.18519703735929","0.328083052404756","0.328083052404756","-0.894704793180645","0.55789781825986","0.55789781825986","-4.94861403738518","0.0883614059949815","0.0883614059949815","5.16981394804829","0.0875570431425531","0.0875570431425531","-0.910087882491642","0.499337298989603","0.499337298989603","0.221199910663112","0.913901827280869","0.913901827280869","-5.85870191987682","0.194855712514751","0.194855712514751","-6.07990183053993","0.194035914936051","0.194035914936051",1.77736823993333,0.755128246848199,0.747108675480253,0.0232260957221754,0.0197823962324912,1.4048158723665,"bis(3-aminopropyl)amine",NA,NA,NA,NA,NA,NA,NA,NA,NA,NA,NA,NA,NA,NA,NA,NA,"bis(3-aminopropyl)amine"
"23","caffeic acid",0,0.00061971204590556,0,0.0309840165987813,0,0,0,0.0216853872966871,0,0.0498389430046476,0,0.00227901404207822,0,0,0,0,0,0,0.0530061932795958,0.00117018182524125,0.0190217119954564,0.0400594777648733,0.00771486937613634,0.0467706596721426,"-1.1275146616373","0.600314755018241","0.600314755018241","2.68287592238953","0.391002218955771","0.391002218955771","0.47108050963086","0.802016046421213","0.802016046421213","-1.17948557926267","0.598734683156085","0.598734683156085","-2.19445998227712","0.0830578235543872","0.0830578235543872","3.81039058402683","0.366579865677989","0.366579865677989","-0.656434152006438","0.737768562252348","0.737768562252348","-0.0519709176253695","0.978121758929053","0.978121758929053","-1.06694532063982","0.356501502127491","0.356501502127491","3.15395643202039","0.38012385731312","0.38012385731312","-3.8623615016522","0.379012374684224","0.379012374684224","-4.87733590466665","0.0521867705801013","0.0521867705801013","-0.708405069631808","0.726865740103503","0.726865740103503","-1.72337947264626","0.137253164273738","0.137253164273738","-1.01497440301445","0.393117754540557","0.393117754540557",0.00542134682417178,0.0130294892616815,0,0.00790093216117171,0.0135440937762093,0.0283916797021521,"caffeic acid","HMDB0003501",NA,NA,NA,NA,NA,NA,"331-39-5","DTXSID5020231","DTXCID10231","315671222"," 2518","C01481"," 17395","DB01880","Caffeic acid","caffeic acid"
"24","carnitine",0,0,0,0,0.00198532209399246,0,0,0,0,0.00865810649918462,0,0.0130161183120414,0,0,0,0,0,0,0,0,0.000522223943712983,0,0,0.00082202345329881,"-2.10081992599183","0.227595503902329","0.227595503902329","0.581428886417259","0.391002218955771","0.391002218955771","-0.581428886417259","0.391002218955771","0.391002218955771","0.581428886417259","0.391002218955771","0.391002218955771","0.163442091520593","0.780056119850625","0.780056119850625","2.68224881240909","0.19430242816261","0.19430242816261","-2.68224881240909","0.19430242816261","0.19430242816261","2.68224881240909","0.19430242816261","0.19430242816261","2.26426201751242","0.216054017411671","0.216054017411671","NA","NA","0","NA","NA","0","-0.417986794896667","0.197135740186116","0.197135740186116","NA","NA","0","-0.417986794896667","0.197135740186116","0.197135740186116","-0.417986794896667","0.197135740186116","0.197135740186116",0.000496330523498115,0.0054185562028065,0,0,0,0.000336061849252948,"carnitine",NA,NA,NA,NA,NA,NA,NA,NA,NA,NA,NA,NA,NA,NA,NA,NA,"carnitine"
"25","choline o-sulfuric acid",0,0,0,0,0,0,0,0,0,0.000562017680363296,0,0,0,0,0,0,0,0,0,0,0,0,0,0,"-0.189672037908933","0.391002218955771","0.391002218955771","NA","NA","0","NA","NA","0","NA","NA","0","NA","NA","0","0.189672037908932","0.391002218955771","0.391002218955771","-0.189672037908933","0.391002218955771","0.391002218955771","0.189672037908932","0.391002218955771","0.391002218955771","0.189672037908932","0.391002218955771","0.391002218955771","NA","NA","0","NA","NA","0","NA","NA","0","NA","NA","0","NA","NA","0","NA","NA","0",0,0.000140504420090824,0,0,0,0,"choline o-sulfuric acid",NA,NA,NA,NA,NA,NA,NA,NA,NA,NA,NA,NA,NA,NA,NA,NA,"choline o-sulfuric acid"
"26","cytosine",1.07439622154852,0,1.17779541036022,1.15548309162106,10.6943434883839,10.3152268910404,1.17662954898399,14.5514766761341,0.0189315880718695,1.34318641069178,0.771061067943567,0,0,0,0.383538060453931,0.0431668184793242,2.46336115023389,1.66270104411108,2.21710161619005,1.93093195500689,1.69549392920203,3.19091598768807,0,4.29115994679946,"4.10363776482838","0.0544169587697099","0.0544169587697099","6.4145739848994","0.0491993514962114","0.0491993514962114","-3.4288654526893","0.0598256258308658","0.0598256258308658","2.15004661767645","0.0867113950255059","0.0867113950255059","2.00060470967627","0.0887007878723351","0.0887007878723351","2.31093622007101","0.283769498696321","0.283769498696321","0.674772312139084","0.48864332415606","0.48864332415606","-1.95359114715193","0.0104590860351962","0.0104590860351962","-2.10303305515211","0.154189763504325","0.154189763504325","2.9857085322101","0.0740414142815545","0.0740414142815545","-4.26452736722295","0.000279734289933504","0.000279734289933504","-4.41396927522313","0.0998099697120169","0.0998099697120169","-1.27881883501285","0.0150095975826575","0.0150095975826575","-1.42826074301303","0.22132989366448","0.22132989366448","-0.149441908000177","0.826025912179425","0.826025912179425",9.18441915113557,0.533294766676805,0.106676219733314,0.851918680882452,2.06852394138548,2.29439246592239,"cytosine","HMDB0000630",NA,NA,NA,NA,NA,NA,"71-30-7","DTXSID4044456","DTXCID2024456","315680409","  597","C00380"," 16040",NA,"Cytosine","cytosine"
"27","deoxycarnitine",0.926934862556123,1.11156062094053,0.0797853794627477,0.933371085472078,0.0388922453807129,0.409920717721464,0.0785355153174951,0.0355202014759801,0,0,0,0,0.0463113615941169,0.0614986167326727,0.0453262510556497,0.621058963914486,0.773997730976369,0.797890417122669,0.0624075491393571,0.778471573149405,0.0369607417255355,0.0455769580259355,0.0295543795197208,0.0506679640421434,"7.1468707506811","0.216901826857485","0.216901826857485","-0.45711750829143","0.766655260863807","0.766655260863807","2.4303937576988","0.068361434690391","0.068361434690391","-2.09199208527097","0.0773455795702544","0.0773455795702544","1.76524090892973","0.348811021010233","0.348811021010233","-7.60398825897253","0.267644927978001","0.267644927978001","9.5772645083799","0.0459818632310005","0.0459818632310005","-9.23886283595207","0.0442286201214217","0.0442286201214217","-5.38162984175138","0.0031759957206239","0.0031759957206239","1.97327624940737","0.0907052017992151","0.0907052017992151","-1.63487457697954","0.127652042445773","0.127652042445773","2.22235841722116","0.362240098036398","0.362240098036398","0.338401672427829","0.607186294986863","0.607186294986863","4.19563466662852","0.0525561812716192","0.0525561812716192","3.85723299420069","0.0524529393726725","0.0524529393726725",0.140717169973913,0,0.193548798324231,0.76291298710787,0.60319181759695,0.0406900108283338,"deoxycarnitine",NA,NA,NA,NA,NA,NA,NA,NA,NA,NA,NA,NA,NA,NA,NA,NA,"deoxycarnitine"
"28","deoxycytidine",0.00633434169267806,0.362038717580496,0.00632046876947465,0.00869032435621046,0.00900548498918999,0.00405917367105344,0.0110998849125394,0.0114233237561935,0.0590815082897419,0,0,0.00160844703652254,0.00931195093316325,0.0149588088299025,0.00110437002424483,0.0114491787041202,0.0124634920358193,0.229749439700639,0.0179350856896991,0.395015227075242,0.0114126854666413,0.00953933112401325,0.00117049285222008,0.0129601410245447,"-0.708483367619341","0.698280718590825","0.698280718590825","-0.0443700998578294","0.931156908216221","0.931156908216221","3.29063356434819","0.399425828090606","0.399425828090606","-4.05750554492528","0.191513818348098","0.191513818348098","0.0185300389851784","0.969330556333081","0.969330556333081","0.664113267761512","0.714387392522423","0.714387392522423","2.58215019672885","0.432684074628713","0.432684074628713","-3.34902217730594","0.205263100536242","0.205263100536242","0.72701340660452","0.694336244354814","0.694336244354814","3.24626346449036","0.400954064618615","0.400954064618615","-4.01313544506745","0.192157622573791","0.192157622573791","0.0629001388430079","0.915736252020979","0.915736252020979","-0.766871980577087","0.614514905631722","0.614514905631722","3.30916360333337","0.398864472153441","0.398864472153441","4.07603558391046","0.191238107699843","0.191238107699843",0.00889696683224409,0.0151724888315661,0.00920607712285769,0.0958459630997148,0.16379081112535,0.00877066261685483,"deoxycytidine","HMDB0000014","C00881","belongs to the class of organic compounds known as pyrimidine 2'-deoxyribonucleosides. Pyrimidine 2'-deoxyribonucleosides are compounds consisting of a pyrimidine linked to a ribose which lacks a hydroxyl group at position 2.","Organic compounds","Nucleosides, nucleotides, and analogues","Pyrimidine nucleosides","Pyrimidine 2'-deoxyribonucleosides","951-77-9",NA,NA,"  8145772",NA,"C00881"," 15698","DB02594","Deoxycytidine","deoxycytidine"
"29","dethiobiotin",0,0,0,0,0,0,0,0,0,0,0.00237191797033956,0,0.00170005186887667,0.00083757583704647,0,0.0072527793448862,0,0,0,0,0,0,0,0,"-0.671727694272815","0.391002218955771","0.391002218955771","-1.78559313633077","0.232161628753545","0.232161628753545","NA","NA","0","NA","NA","0","NA","NA","0","-1.11386544205796","0.350591770116939","0.350591770116939","-0.671727694272815","0.391002218955771","0.391002218955771","0.671727694272815","0.391002218955771","0.391002218955771","0.671727694272815","0.391002218955771","0.391002218955771","-1.78559313633077","0.232161628753545","0.232161628753545","1.78559313633077","0.232161628753545","0.232161628753545","1.78559313633077","0.232161628753545","0.232161628753545","NA","NA","0","NA","NA","0","NA","NA","0",0,0.00059297949258489,0.00244760176270234,0,0,0,"dethiobiotin","HMDB0003581","C01909","belongs to the class of organic compounds known as medium-chain fatty acids. These are fatty acids with an aliphatic tail that contains between 4 and 12 carbon atoms.","Organic compounds","Lipids and lipid-like molecules","Fatty Acyls","Fatty acids and conjugates","533-48-2",NA,NA," 26697261",NA,"C01909"," 42280","DB03775","Dethiobiotin","dethiobiotin"
"30","dihexose(s)",0.770348206528121,0.319589869437361,0.129685500566498,1.28015615102768,0.0415962897064485,0.433647871534793,0.874382965282399,0.0519980264392089,0.183850084747619,0.0528430770121072,0.0498595471806152,0.0208841061465348,0.0454043886752013,0.0266743945288482,0.736189366192727,0.0752539494290118,0.722897276351241,0.670789255776153,0.481667725768127,0.463778709133782,0,0,0,0,"2.17420051175589","0.260141779657099","0.260141779657099","0.663356965600168","0.638412513403146","0.638412513403146","0.832895732363345","0.430522592048772","0.430522592048772","-0.737226912917133","0.327641667024746","0.327641667024746","8.45699619766205","0.173402904473488","0.173402904473488","-1.51084354615573","0.46830591335561","0.46830591335561","3.00709624411924","0.121108752058709","0.121108752058709","-2.91142742467303","0.00138317069484781","0.00138317069484781","6.28279568590616","0.125079913064791","0.125079913064791","1.49625269796351","0.24508394045993","0.24508394045993","-1.4005838785173","0.121995074084671","0.121995074084671","7.79363923206189","0.289403436509879","0.289403436509879","0.0956688194462124","0.887983148704989","0.887983148704989","9.2898919300254","0.0927262542042519","0.0927262542042519","9.19422311057919","0.00298658681956332","0.00298658681956332",0.350406288240712,0.0768592037717191,0.220880524706447,0.624944931889915,0.584783241757326,0,"dihexose(s)",NA,NA,NA,NA,NA,NA,NA,NA,NA,NA,NA,NA,NA,NA,NA,NA,"dihexose(s)"
"31","ferulic acid",0.00339076435171133,0.00282789160374026,0.0101929749783022,0.00769979298493544,0.00117856447497554,0.000536047459444375,0.000325430657825134,0.00217812650512479,0.00716502074680274,0.009169849980353,0.00862842993723044,0.00416749213138189,0.00959018514942505,0.00309512966942738,0.0121948520387342,0.0137798583728918,0.0134765933011796,0.0158579098862557,0.0151809217663611,0.0114291721002172,0.00172859682226853,0.00341490069713172,0.00352239974373771,0.00567998115553596,"-2.01128380560133","0.0073989827941559","0.0073989827941559","-2.3759958980605","0.0332416216768645","0.0332416216768645","1.77426761105203","0.0632389404472093","0.0632389404472093","-2.86674080516558","0.000259785258017415","0.000259785258017415","-1.15856706302213","0.043830463980007","0.043830463980007","-0.364712092459168","0.409278264699982","0.409278264699982","-0.2370161945493","0.574034637541935","0.574034637541935","-0.855456999564248","0.00433717602603684","0.00433717602603684","0.852716742579202","0.0404975211803867","0.0404975211803867","-0.601728287008468","0.265953449099008","0.265953449099008","-0.49074490710508","0.165358378780662","0.165358378780662","1.21742883503837","0.0762259076318334","0.0762259076318334","-1.09247319411355","0.0123549005128787","0.0123549005128787","0.615700548029902","0.273684742104749","0.273684742104749","1.70817374214345","0.000224604527041735","0.000224604527041735",0.00105454227434246,0.00728269819894202,0.0096650063076196,0.0060278559796723,0.0139861492635034,0.00358646960466848,"ferulic acid","HMDB0000954",NA,NA,NA,NA,NA,NA,"1135-24-6","DTXSID5040673",NA,NA,NA,"C01494"," 17620","DB07767","Ferulic acid","ferulic acid"
"32","glucuronolactone",0.0074043115047506,0.000974792883211812,0,0.00265899012440318,0.0196266610408588,0.0122706713484115,0.0073361571857641,0.0245342528135438,0,0.000999716881986925,0,0.00134003732420843,0.00187023427589556,0.00179766869484651,0.000936946741676215,0.00221930693397045,0.000553265488784529,0.000241514621825003,0.000399548490751444,0.000969176342380688,0.0359293772360625,0.00212846617673404,0.00121407077456923,0.0132447687809446,"3.41809989745139","0.0270729824821297","0.0270729824821297","2.64634408722379","0.0332525648852181","0.0332525648852181","-2.17197693669399","0.0329574293087603","0.0329574293087603","3.45877581685293","0.0272894349510782","0.0272894349510782","0.261921915717285","0.767651029353352","0.767651029353352","-0.771755810227598","0.0454618296443701","0.0454618296443701","1.2461229607574","0.279165630470072","0.279165630470072","0.040675919401542","0.912715730721032","0.912715730721032","-3.15617798173411","0.218215946773897","0.218215946773897","0.474367150529798","0.569730057287982","0.569730057287982","0.81243172962914","0.0150067485825807","0.0150067485825807","-2.38442217150651","0.252214501523901","0.252214501523901","1.28679888015894","0.269927083817569","0.269927083817569","-1.91005502097671","0.291203780357723","0.291203780357723","-3.19685390113565","0.216990720257872","0.216990720257872",0.0159419355971445,0.000584938551548838,0.00170603916159718,0.0027595236280914,0.000540876235935416,0.0131291707420776,"glucuronolactone",NA,NA,NA,NA,NA,NA,NA,NA,NA,NA,NA,NA,NA,NA,NA,NA,"glucuronolactone"
"33","glutamine",8.213499083706,17.8402701856629,10.2436024317162,9.04834934697479,3.22454930808212,0.156665263344804,5.9043286258575,0.303784376195092,0,0.75956548794807,1.88066532478469,5.66235882147222,5.613378200115,12.3460475884546,10.0075567727298,8.47776179078937,37.0959350258931,40.2819988868393,27.4187251157995,30.0858583771186,2.19835285728888,4.39535301307084,0.133702078126136,3.92490676185032,"0.207775036516135","0.868125431499095","0.868125431499095","-1.92576588985243","0.0141962258827291","0.0141962258827291","2.24099045141898","0.0183479977379139","0.0183479977379139","-3.81357102050332","0.000534677740156119","0.000534677740156119","-0.15160536975057","0.879572759815431","0.879572759815431","-2.13354092636856","0.0100540738699131","0.0100540738699131","2.44876548793512","0.0161514589513604","0.0161514589513604","-4.02134605701945","0.000599003040742384","0.000599003040742384","-0.359380406266705","0.724476778837627","0.724476778837627","0.315224561566551","0.433770668818284","0.433770668818284","-1.88780513065089","0.00133854330064822","0.00133854330064822","1.77416052010186","0.0116707724947939","0.0116707724947939","-1.57258056908434","0.00128139415957892","0.00128139415957892","2.08938508166841","0.0217597668507591","0.0217597668507591","3.66196565075275","0.000954803547006154","0.000954803547006154",2.39733189336988,2.07564740855125,9.1111860880222,11.336430262015,33.7206293514126,2.66307867758405,"glutamine",NA,NA,NA,NA,NA,NA,NA,NA,NA,NA,NA,NA,NA,NA,NA,NA,"glutamine"
"34","glyceraldehyde or lactic acid",2.2990088077695,1.82419400784035,0.155362311738831,2.70655265403278,0.0533932785551371,0.00900093050610041,0.781411873443675,0.0522297751560957,0,0.0129717315918975,0.493405004344585,0.858039547445976,1.94384543712507,1.59637439883593,0.0536001404838983,2.57435824516999,2.02476781884392,1.44727740084333,0.752901984677386,2.91771098079298,0.00148554020978499,0.0116027562124055,0.00318315182868069,0,"-0.604452791535447","0.688840967776426","0.688840967776426","-2.77772533527914","0.0858926814256497","0.0858926814256497","2.95705597431284","0.0671288219874454","0.0671288219874454","-2.98921440275873","0.0347067830427057","0.0347067830427057","5.47246141202607","0.322398637847799","0.322398637847799","-2.1732725437437","0.106977156800488","0.106977156800488","2.3526031827774","0.0815919978131334","0.0815919978131334","-2.38476161122328","0.0430857015131318","0.0430857015131318","6.07691420356152","0.202048665790269","0.202048665790269","0.1793306390337","0.801013575859441","0.801013575859441","-0.211489067479587","0.741763007494534","0.741763007494534","8.25018674730521","0.0640380463928777","0.0640380463928777","-0.0321584284458878","0.958431900298809","0.958431900298809","8.42951738633891","0.0528607832541954","0.0528607832541954","8.4616758147848","0.0301611441513644","0.0301611441513644",0.224008964415252,0.341104070845615,1.54204455540372,1.74627944534537,1.7856645462894,0.00406786206271781,"glyceraldehyde or lactic acid",NA,NA,NA,NA,NA,NA,NA,NA,NA,NA,NA,NA,NA,NA,NA,NA,"glyceraldehyde or lactic acid"
"35","guanine",25.5777953651878,14.3570245374297,26.2094751592142,25.3208422806128,9.81031403786196,14.3900529989672,8.97886570070816,13.9337415399189,14.2215142831624,16.2609157073921,31.3146282507505,11.0186242892994,18.2705038550188,16.9375886452656,19.1044679807823,16.3497730897771,8.96335409147427,6.6594667476888,8.69675780901441,9.69162095148578,7.92503080355682,14.2570322460415,14.0313569471804,12.8093393443332,"-0.628081554895542","0.252297862319835","0.252297862319835","-0.584776162388234","0.0167539383437441","0.0167539383437441","0.957038148650838","0.0215683182533667","0.0215683182533667","0.47006734142965","0.0955607324683188","0.0955607324683188","-0.0573225066903804","0.821811790844974","0.821811790844974","0.0433053925073076","0.912934603453934","0.912934603453934","0.328956593755296","0.420751361340913","0.420751361340913","1.09814889632519","0.119043755796146","0.119043755796146","0.570759048205162","0.283871468558957","0.283871468558957","0.372261986262603","0.16378047140046","0.16378047140046","1.05484350381788","5.33451213355856e-05","5.33451213355856e-05","0.527453655697854","0.0275919549359749","0.0275919549359749","1.42710549008049","0.0126540118858104","0.0126540118858104","0.899715641960457","0.0247216813499703","0.0247216813499703","-0.52738984812003","0.078884168276589","0.078884168276589",11.7782435693641,18.2039206326511,17.665583392711,22.8662843356111,8.50279989991581,12.255689835278,"guanine","HMDB0000132","C00242","belongs to the class of organic compounds known as purines and purine derivatives. These are aromatic heterocyclic compounds containing a purine moiety, which is formed a pyrimidine-ring ring fused to an imidazole ring.","Organic compounds","Organoheterocyclic compounds","Imidazopyrimidines","Purines and purine derivatives","73-40-5","DTXSID9052476","DTXCID6031049","315685596","  764","C00242"," 16235","DB02377","Guanine","guanine"
"36","histamine and unresolvable, unidentified isomers",0.000339794697909094,0.0013814156835078,0.000571194062342684,0.00145615804649925,0.00161840684494493,0.00329531024605883,0.000158892005877585,0.00366869367930866,9.35735423256118,1.70477195688546e-05,0.00275686642518193,0,0.000976975863845718,0.00324431079688523,8.31474098162663e-05,0.00319261049978816,0,0,0,0,0.00160836124994692,0.00789125295995615,0,0.00672811913554966,"-9.52148806921662","0.391225162248774","0.391225162248774","0.148249748493288","0.793420941884948","0.793420941884948","-0.717512206006442","0.224212806443306","0.224212806443306","1.67144089309831","0.0737766718934806","0.0737766718934806","-0.666821866989953","0.41967600682651","0.41967600682651","9.66973781770991","0.391170147439851","0.391170147439851","-10.2390002752231","0.391004446037236","0.391004446037236","11.1929289623149","0.390838813845952","0.390838813845952","8.85466620222667","0.391556368060777","0.391556368060777","-0.569262457513154","0.334000908779059","0.334000908779059","1.52319114460502","0.100237180523124","0.100237180523124","-0.815071615483241","0.353190825240973","0.353190825240973","0.953928687091867","0.045134334410873","0.045134334410873","-1.38433407299639","0.202745447317203","0.202745447317203","-2.33826276008826","0.125166894659739","0.125166894659739",0.0021853256940475,2.34003203667648,0.00187426114258384,0.000937140622564707,0,0.00405693333636318,"histamine and unresolvable, unidentified isomers",NA,NA,NA,NA,NA,NA,NA,NA,NA,NA,NA,NA,NA,NA,NA,NA,"histamine and unresolvable, unidentified isomers"
"37","histidinol and unresolvable, unidentified isomers",0.00211967198397355,0.00210858398473016,0.00155438484057099,0.00155630613932612,0.00279970561730199,0.00233764997943941,0.00286462093340977,0.00243058956867355,0.515772136073021,0.000569336026998415,0.001167105527174,0.00228246441143502,0.00164005347481567,0.00176882433305713,0.00219650398726451,0.00165231522444236,0.00598668748651013,0.00493952550087476,0.00374670532980943,0.00344472745274568,0.0032085165602401,0.00418926026575993,0.00176925871282898,0.00256941853696941,"-5.18159164890531","0.395102478193307","0.395102478193307","0.358416106341118","0.00518313459078689","0.00518313459078689","-0.348041169690645","0.0106304672438378","0.0106304672438378","-0.615869998796933","0.0426091678536369","0.0426091678536369","-0.124782659661839","0.576091002908966","0.576091002908966","5.54000775524643","0.392533215656827","0.392533215656827","-5.52963281859596","0.392598810239668","0.392598810239668","4.56572165010838","0.401388726587856","0.401388726587856","5.05680898924347","0.396163338169709","0.396163338169709","0.0103749366504733","0.925367468825561","0.925367468825561","-0.974286105138051","0.0162146542437267","0.0162146542437267","-0.483198766002957","0.113658636270657","0.113658636270657","-0.963911168487578","0.0155385593411936","0.0155385593411936","-0.472823829352484","0.117700674928014","0.117700674928014","0.491087339135094","0.086272568793867","0.086272568793867",0.00260814152470618,0.129947760509657,0.00181442425489492,0.0018347367371502,0.004529411442485,0.0029341135189496,"histidinol and unresolvable, unidentified isomers",NA,NA,NA,NA,NA,NA,NA,NA,NA,NA,NA,NA,NA,NA,NA,NA,"histidinol and unresolvable, unidentified isomers"
"38","homovanillic acid",0.000235061473034692,6.16721712558493e-05,0.000279316369555255,0.000240234314273052,0.000592743912625473,0.000356807249981295,0.000243895169044904,5.55365721588523e-05,0.000872919279732717,4.65984514245021e-05,7.43217454020534e-05,0,1.63113972709172e-05,5.54889170071113e-05,1.41295691688399e-05,2.75949139326059e-05,0.000291549750443757,0.000180070277111181,0.000336304721170606,0.000183633382506698,7.24204560907115e-05,5.90701676331832e-05,6.3894617628861e-05,0.000107883178272499,"0.0718884510303505","0.799462849881055","0.799462849881055","0.351662758160189","0.0850251170253774","0.0850251170253774","-0.124117334883247","0.425404791958144","0.425404791958144","0.0725476707783071","0.619130083020301","0.619130083020301","0.286605066341079","0.125336346447132","0.125336346447132","0.279774307129838","0.369239152357141","0.369239152357141","-0.0522288838528967","0.847942664839056","0.847942664839056","0.000659219747956661","0.998015423580914","0.998015423580914","0.214716615310728","0.469053791984499","0.469053791984499","0.227545423276942","0.0336566469479079","0.0336566469479079","-0.279115087381882","0.00908841175969523","0.00908841175969523","-0.0650576918191097","0.0178794605515539","0.0178794605515539","-0.05156966410494","0.509672495427283","0.509672495427283","0.162487731457832","0.0741013113196855","0.0741013113196855","0.214057395562772","0.0180525497010255","0.0180525497010255",0.000312245725952631,0.000248459869139818,2.83811993448686e-05,0.000204071082029712,0.00024788953280806,7.58171049063137e-05,"homovanillic acid","HMDB0000118","C05582","belongs to the class of organic compounds known as methoxyphenols. Methoxyphenols are compounds containing a methoxy group attached to the benzene ring of a phenol moiety.","Organic compounds","Benzenoids","Phenols","Methoxyphenols","306-08-1","DTXSID5059791","DTXCID4038219","315687911"," 1738","C05582","545959",NA,"Homovanillic acid","homovanillic acid"
"39","hypoxanthine",0.159442831451912,0.146530547732011,0,0,7.56547392882016,2.52536230053123,2.68288832336806,2.39630264180838,2.47027568518086,3.66109466262469,0,8.69655628628158,0.856722230757057,0.9686013511284,0.652037165535369,0,0,0,0,0,3.52212522083059,0,0,2.10096301988702,"0.0328980155773798","0.970685646386727","0.970685646386727","2.61240062962121","0.0842427895961063","0.0842427895961063","-5.61331589741289","0.0598561764708088","0.0598561764708088","11.8893164079502","0.0571086400314266","0.0571086400314266","1.43114353621259","0.175179119044456","0.175179119044456","2.57950261404384","0.189862177016403","0.189862177016403","-5.58041788183551","0.141436223284919","0.141436223284919","11.8564183923728","0.135851494552929","0.135851494552929","1.39824552063521","0.3149903443247","0.3149903443247","-3.00091526779167","0.0846834704956566","0.0846834704956566","9.27691577832897","0.0646099316788974","0.0646099316788974","-1.18125709340862","0.434679530150694","0.434679530150694","6.2760005105373","0.182256486504752","0.182256486504752","-4.18217236120029","0.220681319189728","0.220681319189728","-10.4581728717376","0.201387451891005","0.201387451891005",3.79250679863196,3.70698165852178,0.619340186855207,0.0764933447959808,0,1.4057720601794,"hypoxanthine","HMDB0000157",NA,NA,NA,NA,NA,NA,"68-94-0","DTXSID8045983","DTXCID6025983","315681605","  790","C00262"," 17368","DB04076","Hypoxanthine","hypoxanthine"
"40","inosine",0,0,0,0,0,0,0,0,0.00584542682198669,0.00419685158255579,0,0.0102465510019796,0.00429778027190927,0,0.000107290485220772,0,0,0,0,0,0.00199521429533118,0.0731248824164033,0,0.00638567219048301,"-2.6022210562444","0.0963890801214364","0.0963890801214364","-1.07125996467631","0.377471183438108","0.377471183438108","NA","NA","0","NA","NA","0","-4.41794985390174","0.331537121238384","0.331537121238384","1.53096109156809","0.162448156805652","0.162448156805652","-2.6022210562444","0.0963890801214364","0.0963890801214364","2.6022210562444","0.0963890801214364","0.0963890801214364","-1.81572879765734","0.450592640731068","0.450592640731068","-1.07125996467631","0.377471183438108","0.377471183438108","1.07125996467631","0.377471183438108","0.377471183438108","-3.34668988922543","0.354491045136934","0.354491045136934","NA","NA","0","-4.41794985390174","0.331537121238384","0.331537121238384","-4.41794985390174","0.331537121238384","0.331537121238384",0,0.00507220735163053,0.00110126768928251,0,0,0.0203764422255544,"inosine","HMDB0000195",NA,NA,NA,NA,NA,NA,"58-63-9","DTXSID2045993","DTXCID0025993","315681612"," 6021","C00294"," 17596","DB04335","Inosine","inosine"
"41","isoleucine",0.77341000575839,1.82361772480494,0.0201658746991055,0.049052128361105,0.0213583507316267,0.0180037054493289,0.0150998853141065,0.0160501366291996,0,0.370330317770412,0.431467926590406,0.0151366202318132,0.127240264661763,0.133914028593319,0.429716987607181,1.04881810465278,1.91640997116498,2.52219003175835,1.2821208083056,1.75619101771401,0.0279142512535859,0.0438774719925168,0.001400577089413,0.0427339804395761,"-3.46172155382173","0.200968992890954","0.200968992890954","-4.54852495642443","0.149462377215601","0.149462377215601","5.16335440420422","0.222732097081567","0.222732097081567","-6.64959601705707","0.00544601309288007","0.00544601309288007","-0.686601642134479","0.335200841048267","0.335200841048267","-1.0868034026027","0.39320799342794","0.39320799342794","1.70163285038248","0.360043121494901","0.360043121494901","-3.18787446323533","0.00358051063338147","0.00358051063338147","2.77511991168726","0.222670025247548","0.222670025247548","0.614829447779782","0.648995804419356","0.648995804419356","-2.10107106063263","0.00554416506746835","0.00554416506746835","3.86192331428995","0.157314534265619","0.157314534265619","-1.48624161285285","0.0599112420584237","0.0599112420584237","4.47675276206974","0.229028332382492","0.229028332382492","5.96299437492259","0.0055007377146641","0.0055007377146641",0.0176280195310654,0.204233716148158,0.434922346378761,0.666561433405885,1.86922795723573,0.0289815701937729,"isoleucine",NA,NA,NA,NA,NA,NA,NA,NA,NA,NA,NA,NA,NA,NA,NA,NA,"isoleucine"
"42","leucine/norleucine",1.19822822543409,1.60486507720958,0.0428792583279978,0.792110528101451,0.0265508834720693,0.0214369265427193,0.00991942166886403,0.0209894640069824,0,0.493402980069073,0,0,2.14656433932739,0.121078676513087,0.0567731254045822,0.142409589653336,2.05222185731331,2.78382960032667,1.44407702660344,1.06078622264805,0.0270699215856963,0.0654926750609602,0.00231312301240921,0.0702949026600206,"-2.58502864980128","0.462602427379675","0.462602427379675","-4.89753485349561","0.326525784322629","0.326525784322629","5.45730542932734","0.0756164520579279","0.0756164520579279","-6.4692873310776","0.0169716987043119","0.0169716987043119","-1.02909255462518","0.276969149068701","0.276969149068701","-2.31250620369433","0.41003530592226","0.41003530592226","2.87227677952606","0.0947291347531076","0.0947291347531076","-3.88425868127632","0.0152606447930032","0.0152606447930032","1.5559360951761","0.555189572246187","0.555189572246187","0.559770575831729","0.650537178992919","0.650537178992919","-1.57175247758199","0.107230569102499","0.107230569102499","3.86844229887043","0.341567902137573","0.341567902137573","-1.01198190175026","0.11581317621203","0.11581317621203","4.42821287470216","0.0797673989145294","0.0797673989145294","5.44019477645242","0.017434875796254","0.017434875796254",0.0197241739226587,0.123350745017268,0.616706432724598,0.909520772268278,1.83522867672287,0.0412926555797716,"leucine/norleucine",NA,NA,NA,NA,NA,NA,NA,NA,NA,NA,NA,NA,NA,NA,NA,NA,"leucine/norleucine"
"43","malonic acid",0.000401064748929338,0.00167339143732201,0.000458038720740914,0.000713657579088365,0.00363809412646294,0.0010118301600812,0.00224756991369393,0.0020307615272517,0,0,0,0.000996817682889697,0,0,0,0,0.00365646569429949,0.0075164038861781,0.00530772973109265,0.00387371601076553,0.000333728517029034,0.00684354506563877,0.000259222056830237,0.00480163859896258,"1.37144615568237","0.0268166483974225","0.0268166483974225","1.69245573561542","0.0257664077406421","0.0257664077406421","-0.83524056981903","0.0732484967760318","0.0732484967760318","-0.91364978425053","0.0408552833877683","0.0408552833877683","-0.328858235664859","0.66067603037841","0.66067603037841","0.321009579933046","0.391002218955771","0.391002218955771","0.536205585863342","0.197111980455919","0.197111980455919","-2.2850959399329","0.00928165001696831","0.00928165001696831","-1.70030439134723","0.18653095815419","0.18653095815419","0.857215165796388","0.0708031085508269","0.0708031085508269","-2.60610551986595","0.0105602208255316","0.0105602208255316","-2.02131397128028","0.160540702894943","0.160540702894943","-1.74889035406956","0.0126597231760928","0.0126597231760928","-1.16409880548389","0.267068934921198","0.267068934921198","0.584791548585671","0.332074228177206","0.332074228177206",0.00223206393187244,0.000249204420722424,0,0.000811538121520156,0.00508857883058394,0.00305953355961515,"malonic acid",NA,NA,NA,NA,NA,NA,NA,NA,NA,NA,NA,NA,NA,NA,NA,NA,"malonic acid"
"44","N-acetyl-hexosamine",0.00899476839199679,0.0101289765009994,0,0.00996646553690397,0.0204804164980272,0.0109817749740149,0.0127701735238438,0.0181403290505759,0.115612493981097,0.207908003735624,0.0187325586998635,0.00616408893383632,0.0330071240899917,0.0154644678174758,0.0235436638819159,0.51734967441229,0.00953349940174526,0.235893922378851,0.020673959353562,0.0255536032266504,0.00770906678126827,0.025519089670699,0.0130157400636684,0.0238073905987643,"-2.40862237506572","0.226321908451001","0.226321908451001","-3.16025792230313","0.363945849117281","0.363945849117281","-1.00418536776956","0.0456280603159529","0.0456280603159529","-2.15525286021785","0.369733517127537","0.369733517127537","-0.1579349778288","0.708992419752837","0.708992419752837","-0.751635547237404","0.672830528575705","0.672830528575705","-3.41280774283529","0.188676456277788","0.188676456277788","0.253369514847867","0.850364595727302","0.850364595727302","2.25068739723692","0.236202768541831","0.236202768541831","-4.16444329007269","0.33881020327583","0.33881020327583","1.00500506208527","0.609565313081568","0.609565313081568","3.00232294447432","0.370058900783387","0.370058900783387","-3.15943822798742","0.314356004858402","0.314356004858402","-1.16212034559837","0.0950982276267345","0.0950982276267345","1.99731788238905","0.384140703135087","0.384140703135087",0.0155931735116155,0.0871042863376052,0.147341232550418,0.00727255260747504,0.0729137460902021,0.0175128217786,"n-acetyl-hexosamine",NA,NA,NA,NA,NA,NA,NA,NA,NA,NA,NA,NA,NA,NA,NA,NA,"N-acetyl-hexosamine"
"45","N-acetyl-phenylalanine",6.6390046607249e-05,0,0.000156440827451229,1.59309660940117e-05,5.72757914710168e-05,0.000116592076767997,4.36274062484638e-05,0.000306800439148132,0,0.000278498791547868,0.000189867938859165,0,0,0,0,9.15424826017947e-05,0,0,0,0,0.000130706121144569,6.74084677395602e-05,0.000177249650302864,4.65462574918179e-05,"0.017945632373335","0.885054253259811","0.885054253259811","0.145048397216204","0.173619893375359","0.173619893375359","-0.0940503196218529","0.357298832946488","0.357298832946488","0.177693228764726","0.119560215215508","0.119560215215508","0.0330234047196838","0.722756025158643","0.722756025158643","0.127102764842869","0.276302357542886","0.276302357542886","-0.076104687248518","0.500660943374184","0.500660943374184","0.159747596391391","0.19288702600106","0.19288702600106","0.0150777723463488","0.885976979095317","0.885976979095317","0.0509980775943515","0.41985561132078","0.41985561132078","0.0326448315485218","0.391002218955771","0.391002218955771","-0.11202499249652","0.0736646816199776","0.0736646816199776","0.0836429091428733","0.188665399742263","0.188665399742263","-0.0610269149021691","0.36071947411672","0.36071947411672","-0.144669824045042","0.0386202818627016","0.0386202818627016",0.000131073928408903,0.000117091682601758,2.28856206504487e-05,5.96904600381223e-05,0,0.000105477624169703,"n-acetyl-phenylalanine",NA,NA,NA,NA,NA,NA,NA,NA,NA,NA,NA,NA,NA,NA,NA,NA,"N-acetyl-phenylalanine"
"46","nicotinamide",0.0217924612631429,0.0100664291578896,0.00627745092445031,0.0233327793348982,0.0209247280559065,0.00868717596747029,0.0068532753422286,0.0170108396898657,0.0113544561374842,0.0396286240846916,0.0125015360785248,0.0374757000574344,0.0367344630588017,0.0134821687841648,0.0263571876108252,0.0287020080879994,0.00968776132358706,0.0107882867003731,0.00873808459020095,0.00201028314538795,0.0052905004755257,0.0179038216978706,0.0111518266241155,0.0225851624351526,"-0.868811928056616","0.22883383623327","0.22883383623327","-0.926942258233183","0.0750079462059474","0.0750079462059474","0.187854461839228","0.724806708353781","0.724806708353781","0.706384362441369","0.21371698564973","0.21371698564973","-0.0842236469746445","0.870178785125347","0.870178785125347","-0.0581303301765664","0.910074679458402","0.910074679458402","-0.680957466217389","0.315852917491026","0.315852917491026","1.57519629049799","0.105550113545539","0.105550113545539","0.784588281081972","0.263542257665223","0.263542257665223","-0.739087796393955","0.139661647022334","0.139661647022334","1.63332662067455","0.0239296979456299","0.0239296979456299","0.842718611258539","0.0989949801504354","0.0989949801504354","0.894238824280597","0.177021200037191","0.177021200037191","0.103630814864584","0.848561432826896","0.848561432826896","-0.790608009416014","0.199393819545725","0.199393819545725",0.0133690047638678,0.0252400790895338,0.0263189568854478,0.0153672801700953,0.00780610393988727,0.0142328278081661,"nicotinamide",NA,NA,NA,NA,NA,NA,NA,NA,NA,NA,NA,NA,NA,NA,NA,NA,"nicotinamide"
"47","pantothenic acid",0.759195951299723,0.00678276236709052,0.0557367488782836,0.0672358347387391,0.143810090975098,0.07582572529642,0.0114252663632711,0.120278211727163,0.0500640204605842,0.0505900530956812,0.511074712076863,0.00213021139326466,0.520969803374811,0.002628931240121,0.0407032311735282,0.0510924485835107,0.960272558808541,0.625212572950955,0.926902598679876,0.0169875538607846,0.012258659595042,0.110562493830138,0.0449050910353571,0.120772515323623,"-0.798080400517497","0.627622360505603","0.627622360505603","-0.801661138476104","0.63374153717386","0.63374153717386","1.32938425650667","0.510882538435608","0.510882538435608","-2.83379166842996","0.087157908879259","0.087157908879259","0.280766726958192","0.701853040274634","0.701853040274634","-0.00358073795860712","0.998287061958168","0.998287061958168","0.531303855989173","0.762242948937342","0.762242948937342","-2.03571126791246","0.116967116563014","0.116967116563014","1.07884712747569","0.550519615375427","0.550519615375427","0.527723118030566","0.765151057464541","0.765151057464541","-2.03213052995386","0.117935970276579","0.117935970276579","1.0824278654343","0.55797257865293","0.55797257865293","-1.50440741192329","0.198968474949265","0.198968474949265","1.61015098346486","0.466261421214996","0.466261421214996","3.11455839538815","0.0819556465015373","0.0819556465015373",0.087834823590488,0.153464749256598,0.153848603592993,0.222237824320959,0.632343821075039,0.0721246899460398,"pantothenic acid","HMDB0000210","C00864","belongs to the class of organic compounds known as secondary alcohols. Secondary alcohols are compounds containing a secondary alcohol functional group, with the general structure HOC(R)(R') (R,R'=alkyl, aryl).","Organic compounds","Organic oxygen compounds","Organooxygen compounds","Alcohols and polyols","79-83-4","DTXSID9023417","DTXCID203417","315673987"," 6613","C00864"," 46905",NA,"Pantothenic acid","pantothenic acid"
"48","phenylalanine",0.0273331292937667,0.0254305242634768,0.00879602805641295,0.0189719359121646,0.011873723631457,0.00763181801554073,0.00322805003742166,0.0073093406074908,0,0.0146977529834731,0.0130602095429174,0,0.0583813914756057,0.029788259577496,0.012610563615207,0.029172973003712,0.0310497443842056,0.0370594471942876,0.0163155667593968,0.0145341538309281,0.00858797606288611,0.0316941085554844,0.00173211117470944,0.023979128002101,"0.10023695161709","0.902608949810538","0.902608949810538","-1.9763016990807","0.0761809625843188","0.0761809625843188","1.31213574729698","0.0492515505482463","0.0492515505482463","-1.59664150150107","0.0469236907517836","0.0469236907517836","-1.03986201030702","0.285474371312239","0.285474371312239","-2.07653865069779","0.0678882639800113","0.0678882639800113","1.41237269891407","0.0633391819560632","0.0633391819560632","-1.69687845311816","0.0439987658021812","0.0439987658021812","-1.14009896192411","0.285608876690876","0.285608876690876","-0.664165951783722","0.298083525811786","0.298083525811786","0.379660197579628","0.513531353295828","0.513531353295828","0.936439688773679","0.226333172803793","0.226333172803793","-0.284505754204094","0.532730704411412","0.532730704411412","0.272273736989957","0.670646661613894","0.670646661613894","0.556779491194051","0.387913510326733","0.387913510326733",0.00751073307297754,0.00693949063159762,0.0324882969180052,0.0201329043814553,0.0247397280422045,0.0164983309487952,"phenylalanine",NA,NA,NA,NA,NA,NA,NA,NA,NA,NA,NA,NA,NA,NA,NA,NA,"phenylalanine"
"49","pipecolic acid",0.000646125752034575,0.000953580426322094,0.000154651842381862,0.00480790105447377,0,0,0,0,0,0,0,0.000858538740453151,0.000428509334274764,0,0.000423848814099726,0,0.125891410610293,0.0192186254436781,0.0108864870092776,0.00411477768673505,0,0,0,0,"-0.280522472494642","0.391002218955771","0.391002218955771","-0.278686038466412","0.181699630117541","0.181699630117541","1.4008465288303","0.222265138819066","0.222265138819066","-5.35853077643021","0.258585229814613","0.258585229814613","NA","NA","0","0.00183643402822977","0.995268976283098","0.995268976283098","1.12032405633565","0.275790328870064","0.275790328870064","-5.07800830393557","0.260621620210677","0.260621620210677","0.280522472494642","0.391002218955771","0.391002218955771","1.12216049036388","0.274271714400954","0.274271714400954","-5.0798447379638","0.26060616170373","0.26060616170373","0.278686038466412","0.181699630117541","0.181699630117541","-3.95768424759991","0.274621256118257","0.274621256118257","1.4008465288303","0.222265138819066","0.222265138819066","5.35853077643021","0.258585229814613","0.258585229814613",0,0.000214634685113288,0.000213089537093623,0.00164056476880307,0.0400278251874958,0,"pipecolic acid","HMDB0000070","C00408","belongs to the class of organic compounds known as alpha amino acids. These are amino acids in which the amino group is attached to the carbon atom immediately adjacent to the carboxylate group (alpha carbon).","Organic compounds","Organic acids and derivatives","Carboxylic acids and derivatives","Amino acids, peptides, and analogues","535-75-1",NA,NA,"  8143939",NA,NA," 17964",NA,"Pipecolic acid","pipecolic acid"
"50","proline and unresolvable, unidentified isomers",0.020034070404256,0.025462199679301,0.00949461154156722,0.01576262052,0.000526814149790712,0.000108891876698228,0,0.00302367411671747,0,0.00399709365403686,0.00503974636924762,0.00162533837114042,0.0184425935342634,0.0152069602529302,0.00930295455835912,0.0162442161791156,0.508113111323421,0.595183307617578,0.021487219104252,0.2784215605108,0.00452062298745538,0.00709612508836554,0,0.028511727771941,"-0.936799916151501","0.249191978210605","0.249191978210605","-3.04455023785549","0.0031716579414883","0.0031716579414883","3.28684162221776","0.0136106225020668","0.0136106225020668","-7.52138935952171","0.0723766623350329","0.0723766623350329","-2.52641037111979","0.245721889338821","0.245721889338821","-2.10775032170399","0.00334846182588128","0.00334846182588128","2.35004170606626","0.0161486224648852","0.0161486224648852","-6.58458944337021","0.0732101480387971","0.0732101480387971","-1.58961045496829","0.330705593812878","0.330705593812878","0.242291384362273","0.493391437858893","0.493391437858893","-4.47683912166622","0.079342757076335","0.079342757076335","0.518139866735696","0.516190197703042","0.516190197703042","-4.23454773730395","0.0808647240538972","0.0808647240538972","0.76043125109797","0.338997597491323","0.338997597491323","4.99497898840192","0.0766920376784046","0.0766920376784046",0.000914845035801602,0.00266554459860622,0.0147991811311671,0.0176883755362811,0.350801299639013,0.0100321189619405,"proline and unresolvable, unidentified isomers",NA,NA,NA,NA,NA,NA,NA,NA,NA,NA,NA,NA,NA,NA,NA,NA,"proline and unresolvable, unidentified isomers"
"51","pyridoxine",2.30702327780146,4.74233466992933,3.16366915147382,3.43669253617443,2.15823726549493,0.0144382721035568,0.00654879293170259,0.0285038374890228,0,0.390583985511683,0.349033996807494,1.18796793666163,0.8430513645365,1.32811397944971,0,0.902029685104844,4.45299026102063,4.6349289164519,6.16494481841397,7.59614897935071,2.03305103169274,0,0,1.01321862087429,"0.195388230744925","0.911112405066878","0.911112405066878","-0.476441800585417","0.736044020289815","0.736044020289815","2.62604804563249","0.0081464671446873","0.0081464671446873","-3.36913839743091","0.00175706789234519","0.00175706789234519","-0.463762704343298","0.781829595146207","0.781829595146207","-0.671830031330342","0.473808194599461","0.473808194599461","2.82143627637742","0.00499345521126315","0.00499345521126315","-3.56452662817584","0.0033853137121225","0.0033853137121225","-0.659150935088223","0.633554373180468","0.633554373180468","2.14960624504708","0.00696893017446216","0.00696893017446216","-2.8926965968455","0.00375558538422522","0.00375558538422522","0.0126790962421184","0.990900594386933","0.990900594386933","-0.74309035179842","0.0468737728569584","0.0468737728569584","2.1622853412892","0.00917298107913826","0.00917298107913826","2.90537569308762","0.00218935515249779","0.00218935515249779",0.551932042004803,0.481896479745203,0.768298757272764,3.41242990884476,5.7122532438093,0.761567413141759,"pyridoxine","HMDB0000239",NA,NA,NA,NA,NA,NA,"65-23-6","DTXSID4023541","DTXCID903541","315674093"," 1054","C00314"," 16709","DB00165","Pyridoxine","pyridoxine"
"52","sarcosine",0.934408751155799,0.0485863053055932,0.525029495389786,0.095685412288656,0.00919199348026682,0.00727724398871652,0.00425033079051139,0.00768451331823502,0,0.0473709183297078,0.041785571249127,0,0.0917760227628399,0.0484642366754331,0.043780699323593,0.933076408326118,1.46264487923164,1.44307194092068,0.0700946603742468,0.018496971195552,0.00275460066405218,0.0243751974783848,0.00932571992163774,0.0153929490212317,"-1.52348073079104","0.324876466563199","0.324876466563199","-5.11259222651797","0.300774484565937","0.300774484565937","5.63268780848383","0.154119913138865","0.154119913138865","-6.53182945367896","0.165852059925731","0.165852059925731","-0.785342137896226","0.294516337201789","0.294516337201789","-3.58911149572693","0.323998777005836","0.323998777005836","4.1092070776928","0.165596234706593","0.165596234706593","-5.00834872288793","0.172137177829458","0.172137177829458","0.73813859289481","0.536075736642511","0.536075736642511","0.520095581965861","0.700325827680032","0.700325827680032","-1.41923722716099","0.359816380988702","0.359816380988702","4.32725008862174","0.309481635341706","0.309481635341706","-0.899141645195132","0.48476628895517","0.48476628895517","4.84734567058761","0.158463423902491","0.158463423902491","5.74648731578274","0.168252748138536","0.168252748138536",0.00710102039443244,0.0222891223947087,0.279274341771996,0.400927491034958,0.748577112930529,0.0129621167713266,"sarcosine",NA,NA,NA,NA,NA,NA,NA,NA,NA,NA,NA,NA,NA,NA,NA,NA,"sarcosine"
"53","threonine",0.70487026357363,1.15344666490468,0.330643791675784,0.0636214587184365,0.0439662140809507,0.0238857872113782,0.0124005902578987,0.0307212621940134,0,0,0,0,0.0846555240795941,0.0599891115566733,0.0461694151908904,0.0881480330344807,1.94236851504047,2.47878085373882,1.05053846743235,0.800201039617835,0.0409065106852936,0.0704442148308742,0.0147096078937497,0.0654827564118321,"4.84516200431586","0.0245526883654929","0.0245526883654929","-1.2993029343127","0.0164256785801406","0.0164256785801406","4.29476159906637","0.108647543530717","0.108647543530717","-5.77044208776552","0.0289745226214505","0.0289745226214505","-0.766180739908448","0.227203325155546","0.227203325155546","-6.14446493862856","0.00613673637191046","0.00613673637191046","9.13992360338223","0.0976612914573795","0.0976612914573795","-10.6156040920814","0.0276718589169029","0.0276718589169029","-5.61134274422431","0.0333596779654232","0.0333596779654232","2.99545866475367","0.128313128782885","0.128313128782885","-4.47113915345281","0.0311079245132343","0.0311079245132343","0.533122194404254","0.230588459888605","0.230588459888605","-1.47568048869914","0.079518179753558","0.079518179753558","3.52858085915793","0.117489803013397","0.117489803013397","5.00426134785707","0.0299310326009371","0.0299310326009371",0.0277434634360602,0,0.0697405209654096,0.563145544718132,1.56797221895737,0.0478857724554374,"threonine",NA,NA,NA,NA,NA,NA,NA,NA,NA,NA,NA,NA,NA,NA,NA,NA,"threonine"
"54","thymidine",0.0016124893300758,0.00802940866371845,0.00207584572648096,0.00449176602297635,0.00429057318530332,0.00156209081828555,0.00500784672773405,0.00569515034707765,0.000381597352422072,0,0.000706051527131737,0,0.00718155615259408,0.00961862038835767,0.00218318867297257,0.0112799865832375,0.00109482527263222,0.00276639109129592,0.00176045002313088,0.00254570957153969,0.00205463128408111,0.00285440771070704,0.0115464356268026,0.00288670099426404,"2.01446475770103","0.0215495124031692","0.0215495124031692","-0.73713051902077","0.187495613658559","0.187495613658559","-0.0245014460923182","0.96193521786343","0.96193521786343","0.756517703297932","0.0991933530312218","0.0991933530312218","-0.183403263915351","0.788000536759622","0.788000536759622","-2.7515952767218","0.0342238034116255","0.0342238034116255","1.98996331160871","0.081207776167273","0.081207776167273","-1.2579470544031","0.0124108011052929","0.0124108011052929","-2.19786802161638","0.134725883366434","0.134725883366434","-0.761631965113088","0.20819256588667","0.20819256588667","1.4936482223187","0.0660590923063658","0.0660590923063658","0.553727255105419","0.397597136638384","0.397597136638384","0.732016257205613","0.267038952126603","0.267038952126603","-0.20790471000767","0.781692760576423","0.781692760576423","-0.939920967213283","0.303114972645619","0.303114972645619",0.00413891526960014,0.000271912219888452,0.00756583794929046,0.00405237743581289,0.00204184398964968,0.0048355439039637,"thymidine","HMDB0000273","C00214","belongs to the class of organic compounds known as pyrimidine 2'-deoxyribonucleosides. Pyrimidine 2'-deoxyribonucleosides are compounds consisting of a pyrimidine linked to a ribose which lacks a hydroxyl group at position 2.","Organic compounds","Nucleosides, nucleotides, and analogues","Pyrimidine nucleosides","Pyrimidine 2'-deoxyribonucleosides","50-89-5","DTXSID5023661","DTXCID703661","315674190"," 5789","C00214"," 17748","DB04485","Thymidine","thymidine"
"55","trigonelline and unresolvable, unidentified isomers",8.46241377226731e-05,0.000349073522406466,2.38236901379332e-05,0.000627174944883522,0,0,0,0,0.00129077595866209,0.000180647249479035,0.000105720052951236,0,0.00153895398901297,0,0,0,0,0,0,0,0,0,0,0,"-0.479526330224191","0.281653524519383","0.281653524519383","-0.469613554370793","0.391002218955771","0.391002218955771","0.346161605633385","0.144300438997468","0.144300438997468","NA","NA","0","NA","NA","0","0.00991277585339773","0.985078178125468","0.985078178125468","-0.133364724590806","0.728122807036543","0.728122807036543","0.479526330224191","0.281653524519383","0.281653524519383","0.479526330224191","0.281653524519383","0.281653524519383","-0.123451948737408","0.795748540472318","0.795748540472318","0.469613554370793","0.391002218955771","0.391002218955771","0.469613554370793","0.391002218955771","0.391002218955771","0.346161605633385","0.144300438997468","0.144300438997468","0.346161605633385","0.144300438997468","0.144300438997468","NA","NA","0",0,0.00039428581527309,0.000384738497253243,0.000271174073787649,0,0,"trigonelline and unresolvable, unidentified isomers",NA,NA,NA,NA,NA,NA,NA,NA,NA,NA,NA,NA,NA,NA,NA,NA,"trigonelline and unresolvable, unidentified isomers"
"56","tyrosine",0.504401693252655,0.606096636647854,0.0226254917251401,0.048937179881962,0.00677846441688969,0.00558686442933173,0.00771139942533532,0.00518743044005837,0,0.0126077791349886,0.0134982879923038,0.00508926344205426,0.0484437492989257,0.0274745989906945,0.0218961974106185,0.0385713881455899,1.36257027213362,1.71580115639726,0.98013490851829,0.719174456061472,0.0059754223601167,0.0165119381178875,0.00352917957500749,0.0153442199683065,"-0.266249231944643","0.678627668637739","0.678627668637739","-2.26219168048359","0.0176589361918799","0.0176589361918799","5.34089959772897","0.152256547719075","0.152256547719075","-7.35223920963361","0.0121807338911058","0.0121807338911058","-0.632310008343454","0.308079002389011","0.308079002389011","-1.99594244853895","0.0130911826169794","0.0130911826169794","5.07465036578433","0.153714223726261","0.153714223726261","-7.08598997768897","0.0122133287524984","0.0122133287524984","-0.366060776398811","0.599486680189167","0.599486680189167","3.07870791724538","0.182820552731434","0.182820552731434","-5.09004752915002","0.0129720067409585","0.0129720067409585","1.62988167214014","0.0188825114482166","0.0188825114482166","-2.01133961190464","0.0176857388556134","0.0176857388556134","4.70858958938551","0.15628117736502","0.15628117736502","6.71992920129016","0.012285901379061","0.012285901379061",0.00631603967790378,0.00779883264233668,0.0340964834614572,0.295515250376903,1.19442019827766,0.0103401900053295,"tyrosine",NA,NA,NA,NA,NA,NA,NA,NA,NA,NA,NA,NA,NA,NA,NA,NA,"tyrosine"
"57","unidentified isomer of 3-hydroxyanthranilic acid",0,0.000295041361420689,0,0,0.0122333077192713,0.00887177010584543,0.0977151156920815,0.0238258674215221,0.00981486859909041,0,0,0,0,0.000454016258733955,0,9.58466462245439e-05,0,0,0,9.62195110935622e-05,0.00296411784113647,0.00392404056672616,0,0.00853988226114934,"3.40804457431745","0.21076612215248","0.21076612215248","5.01037143401249","0.188226025180125","0.188226025180125","-5.09352248450264","0.187645019327891","0.187645019327891","5.16190147957786","0.187193119734565","0.187193119734565","2.91612600276423","0.225981933551063","0.225981933551063","1.60232685969504","0.414977739140852","0.414977739140852","-1.68547791018519","0.403689684035545","0.403689684035545","1.75385690526041","0.395082985214649","0.395082985214649","-0.491918571553221","0.660711002739519","0.660711002739519","-0.0831510504901484","0.645475804512503","0.645475804512503","0.151530045565376","0.374253287877975","0.374253287877975","-2.09424543124826","0.126235219809474","0.126235219809474","0.0683789950752271","0.559916000110887","0.559916000110887","-2.17739648173841","0.122093278858678","0.122093278858678","-2.24577547681364","0.118987382121854","0.118987382121854",0.0356615152346801,0.0024537171497726,0.000137465726239625,7.37603403551723e-05,2.40548777733906e-05,0.00385701016725299,"unidentified isomer of-hydroxyanthranilic acid",NA,NA,NA,NA,NA,NA,NA,NA,NA,NA,NA,NA,NA,NA,NA,NA,"unidentified isomer of 3-hydroxyanthranilic acid"
"58","unidentified isomer of cytidine",5.22342575286119,8.73314002103779,5.54020785673925,5.56797176479648,5.87231064022759,3.34253528353627,3.80785864884078,5.40607963046642,2.46463862152335,1.14454876651316,1.3323904603006,0,4.7072466193496,6.17369554593032,3.12858291771079,5.88155529406017,4.30908951896587,3.62576399562819,4.06577722205754,6.9278788706001,4.3140286310611,4.42602351191498,0.140627757264304,3.44576088649204,"1.89806299863223","0.00578506947433905","0.00578506947433905","-0.110137726483956","0.70586816448658","0.70586816448658","0.44361579493455","0.161691388331525","0.161691388331525","-0.0385916596872467","0.901252428628727","0.901252428628727","0.58004962720787","0.251559636612459","0.251559636612459","-2.00820072511619","0.00584222794624104","0.00584222794624104","2.34167879356678","0.0035459012925731","0.0035459012925731","-1.93665465831948","0.0104565170654375","0.0104565170654375","-1.31801337142436","0.168999263598864","0.168999263598864","0.333478068450594","0.276484016508753","0.276484016508753","0.0715460667967095","0.820840958961611","0.820840958961611","0.690187353691826","0.178160584684735","0.178160584684735","0.405024135247303","0.217664701775271","0.217664701775271","1.02366542214242","0.0513838342535915","0.0513838342535915","0.618641286895117","0.238952945781246","0.238952945781246",4.60719605076776,1.23539446208428,4.97277009426272,6.26618634885868,4.73212740181292,3.08161019668311,"unidentified isomer of cytidine",NA,NA,NA,NA,NA,NA,NA,NA,NA,NA,NA,NA,NA,NA,NA,NA,"unidentified isomer of cytidine"
"59","unidentified isomer of nicotine",0,0,0,0,0,0,0,0,0,0,0,0,0,0,0,0,0,0,0,0,1.45992808508694,0,0,0,"NA","NA","0","NA","NA","0","NA","NA","0","NA","NA","0","-8.51562896817697","0.391002218955771","0.391002218955771","NA","NA","0","NA","NA","0","NA","NA","0","-8.51562896817697","0.391002218955771","0.391002218955771","NA","NA","0","NA","NA","0","-8.51562896817697","0.391002218955771","0.391002218955771","NA","NA","0","-8.51562896817697","0.391002218955771","0.391002218955771","-8.51562896817697","0.391002218955771","0.391002218955771",0,0,0,0,0,0.364982021271736,"unidentified isomer of nicotine",NA,NA,NA,NA,NA,NA,NA,NA,NA,NA,NA,NA,NA,NA,NA,NA,"unidentified isomer of nicotine"
"60","unidentified isomer of nicotinic acid",2.98999516081388,0.311983041571299,2.3523165128838,1.90758942553623,0.124579995553661,0.0481468414877011,0.000281175440870964,1.44288360469137,0.00633513339409792,0.045933505853619,0.0586473694022236,0.00490838943816874,0.0741511302833685,0.00485572502276361,0.841358401675779,1.2013419926254,4.0209148834234,5.57289956230254,8.4106159805355,0.79528747121091,0.00291434581979523,0.0312617538679884,0.0268361361263275,0.0366233222683246,"3.75690369126271","0.359338386537973","0.359338386537973","-0.392045634667575","0.79040608453501","0.79040608453501","2.22361139474668","0.0772732531723732","0.0772732531723732","-3.53704874739624","0.070344979813034","0.070344979813034","3.99442015436145","0.354310251048254","0.354310251048254","-4.14894932593028","0.185626281467557","0.185626281467557","5.98051508600938","0.0471089076813894","0.0471089076813894","-7.29395243865895","0.0603822294756626","0.0603822294756626","0.237516463098741","0.783426392783299","0.783426392783299","1.8315657600791","0.0941206027256181","0.0941206027256181","-3.14500311272867","0.0763129171081195","0.0763129171081195","4.38646578902902","0.182761350520879","0.182761350520879","-1.31343735264956","0.175634695603462","0.175634695603462","6.21803154910813","0.0468573690658363","0.0468573690658363","7.53146890175769","0.0602470891583059","0.0602470891583059",0.403972904293401,0.0289560995220273,0.530426812401829,1.8904710352013,4.69992947436809,0.0244088895206089,"unidentified isomer of nicotinic acid",NA,NA,NA,NA,NA,NA,NA,NA,NA,NA,NA,NA,NA,NA,NA,NA,"unidentified isomer of nicotinic acid"
"61","unidentified isomer of valine",0,0.0127451273770687,0,0,0,0,0,0,0,0,0,0,0.161322948031253,0.146186542965168,0,0,0.471692146034545,0.651457673474329,0.0091225510087668,0.324628902243658,0,0,0,0,"NA","NA","0","-6.28313230937994","0.182460400785328","0.182460400785328","2.06566944528651","0.391002218955771","0.391002218955771","-8.51264296923035","0.0750780317646922","0.0750780317646922","NA","NA","0","-6.28313230937994","0.182460400785328","0.182460400785328","2.06566944528651","0.391002218955771","0.391002218955771","-8.51264296923035","0.0750780317646922","0.0750780317646922","NA","NA","0","-4.21746286409343","0.196175383827387","0.196175383827387","-2.22951065985041","0.121954365974387","0.121954365974387","6.28313230937994","0.182460400785328","0.182460400785328","-6.44697352394384","0.0765519351242325","0.0765519351242325","2.06566944528651","0.391002218955771","0.391002218955771","8.51264296923035","0.0750780317646922","0.0750780317646922",0,0,0.0768773727491052,0.00318628184426718,0.364225318190325,0,"unidentified isomer of valine",NA,NA,NA,NA,NA,NA,NA,NA,NA,NA,NA,NA,NA,NA,NA,NA,"unidentified isomer of valine"
"62","uracil",0.335348128839929,0.0355863147265659,0.0329197097186555,0.0498132969085309,0.0354992696391738,0.016580559638067,0.0173864320911102,0.363233238328085,0,0.0730807972007071,1.35518650422127,1.06348749008101,0.0856407155156656,0.741033218235555,0.0278407894592562,1.38185891511748,0.0255591639278041,0.325741857531529,0.0326638714128755,0.0281845558973905,0.0261441311551991,0.0440568635543533,0.00624979562941341,0.39576681073912,"-2.51476341262265","0.232804697834273","0.232804697834273","-2.35902657441113","0.254072601650705","0.254072601650705","0.0676588112487512","0.964484366805085","0.964484366805085","0.0695391521469597","0.965226974101457","0.965226974101457","-0.124980065531698","0.940071705614952","0.940071705614952","0.155736838211519","0.896148955316169","0.896148955316169","-2.4471046013739","0.236118437126072","0.236118437126072","2.58430256476961","0.228670094035032","0.228670094035032","2.38978334709095","0.240555958575798","0.240555958575798","-2.29136776316238","0.257774255134452","0.257774255134452","2.42856572655809","0.248941890779575","0.248941890779575","2.23404650887944","0.263470074957423","0.263470074957423","0.137197963395711","0.924387600550031","0.924387600550031","-0.0573212542829464","0.970190575707204","0.970190575707204","-0.194519217678657","0.903830772103851","0.903830772103851",0.108174874924109,0.622938697875747,0.559093409581989,0.11341686254842,0.1030373621924,0.118054400269522,"uracil","HMDB0000300","C00106","belongs to the class of organic compounds known as pyrimidones. Pyrimidones are compounds that contain a pyrimidine ring, which bears a ketone. Pyrimidine is a 6-membered ring consisting of four carbon atoms and two nitrogen centers at the 1- and 3- ring positions.","Organic compounds","Organoheterocyclic compounds","Diazines","Pyrimidines and pyrimidine derivatives","66-22-8","DTXSID4021424","DTXCID101424","315672314"," 1174","C00106"," 17568","DB03419","Uracil","uracil"
"63","vanillic acid",0.00138458940731631,0.00199291630067246,0.00361209291429071,0.00208832160656849,0.00258705038077438,0.00112709808425295,0.000277395283535822,0.00464125819405414,0.0062646659443984,0.000407366291961113,0.000712048784540207,0.000766088377868294,0.000472014647879782,0.000549769767064978,0.000153276146617706,4.63985594001832e-05,0,0,0,0,0.000107629475039576,0.000628223850165823,0,0.00108754796806095,"0.0561982347525217","0.946162963129249","0.946162963129249","1.27464973789391","0.147140496523384","0.147140496523384","0.0499584655339092","0.921480830419417","0.921480830419417","1.65910275779677","0.10899661657933","0.10899661657933","1.11724071881844","0.172081640935676","0.172081640935676","1.21845150314139","0.307528764312829","0.307528764312829","0.106156700286431","0.884383795171849","0.884383795171849","1.60290452304425","0.244519714010546","0.244519714010546","1.06104248406592","0.346055388694463","0.346055388694463","1.32460820342782","0.0219626435493096","0.0219626435493096","0.384453019902866","0.0869855098919634","0.0869855098919634","-0.157409019075467","0.616416126017256","0.616416126017256","1.70906122333068","0.0173161898453316","0.0173161898453316","1.16719918435235","0.0226369595021926","0.0226369595021926","-0.541862038978332","0.167323823947679","0.167323823947679",0.00215820048565432,0.002037542349692,0.000305364780240662,0.00226948005721199,0,0.000455850323316588,"vanillic acid","HMDB0000484",NA,NA,NA,NA,NA,NA,"121-34-6","DTXSID6059522","DTXCID1033668","315687642"," 8468","C06672"," 30816",NA,"Vanillic acid","vanillic acid"
"64","xanthine",0,0.00523238112866424,0,0,0,0,0,0,0,0,0,2.69168919248012,0.443132779043746,0,0.327321992051103,0,0,0.157518061758027,0.219242817344708,0.00366024759038622,0,0,0,0,"-9.39643845094579","0.391002218955771","0.391002218955771","-7.59703717646871","0.188801553737823","0.188801553737823","1.20670278215977","0.391002218955771","0.391002218955771","-6.58654381448642","0.184024549030581","0.184024549030581","NA","NA","0","1.79940127447708","0.529748103437197","0.529748103437197","-8.18973566878603","0.391807075986796","0.391807075986796","2.80989463645937","0.454262195460397","0.454262195460397","9.39643845094579","0.391002218955771","0.391002218955771","-6.39033439430894","0.191022798201788","0.191022798201788","1.01049336198229","0.480377105264015","0.480377105264015","7.59703717646871","0.188801553737823","0.188801553737823","-5.37984103232665","0.188484181196129","0.188484181196129","1.20670278215977","0.391002218955771","0.391002218955771","6.58654381448642","0.184024549030581","0.184024549030581",0,0.672922298120031,0.192613692773712,0.00130809528216606,0.0951052816732803,0,"xanthine","HMDB0000292","C00385","belongs to the class of organic compounds known as xanthines. These are purine derivatives with a ketone group conjugated at carbons 2 and 6 of the purine moiety.","Organic compounds","Organoheterocyclic compounds","Imidazopyrimidines","Purines and purine derivatives","69-89-6","DTXSID4035120","DTXCID2015120","315677425"," 1188","C00385"," 48517","DB02134","Xanthine","xanthine"
