X2,Y2,OTU_2,OTU_1,weight,X1,Y1,cor,group,links,nodes,label,link.gro
3.9932326330850727,15.997420684358097,__micro.16s_g__Saccharothrix,__compounds_C08243,-0.9272727272727271,-5.852776350807525,-15.169536167968872,-,..KO,144,182,..KO: (nodes: 182; links: 144),KO
2.9094945662921954,13.485033448525066,__micro.16s_g__Anaerolinea,trans_M00932,0.9515151515151513,15.899490447576728,-2.734622267502509,+,..KO,144,182,..KO: (nodes: 182; links: 144),KO
2.9094945662921954,13.485033448525066,__micro.16s_g__Anaerolinea,trans_M00116,0.9272727272727271,11.621915307981858,-3.7484261991712087,+,..KO,144,182,..KO: (nodes: 182; links: 144),KO
-1.3680805733026746,12.471229516856367,__micro.16s_g__unclassified_f__Euzebyaceae,__compounds_C14441,0.9393939393939392,1.9635108073298315,-13.513909194401657,+,..KO,144,182,..KO: (nodes: 182; links: 144),KO
-1.3680805733026746,12.471229516856367,__micro.16s_g__unclassified_f__Euzebyaceae,__compounds_C19592,0.9272727272727271,5.648097971421735,-11.792574775007774,+,..KO,144,182,..KO: (nodes: 182; links: 144),KO
3.368478218232786,19.925044586103297,__micro.16s_g__Promicromonospora,__compounds_C10765,0.9272727272727271,5.174245481840356,-10.754982554912303,+,..KO,144,182,..KO: (nodes: 182; links: 144),KO
3.9900861364011977,19.24317318189628,__micro.16s_g__Flavobacterium,trans_M00868,-0.9393939393939392,9.0507648692357,0.7049369946401449,-,..KO,144,182,..KO: (nodes: 182; links: 144),KO
4.475816456775312,18.45869177888269,__micro.16s_g__unclassified_c__OM190,__compounds_C05635,-0.9393939393939392,-0.4862785973671968,-17.727935985880077,-,..KO,144,182,..KO: (nodes: 182; links: 144),KO
4.475816456775312,18.45869177888269,__micro.16s_g__unclassified_c__OM190,__compounds_C10457,-0.9393939393939392,-0.9406545299491266,-8.840117056492796,-,..KO,144,182,..KO: (nodes: 182; links: 144),KO
4.475816456775312,18.45869177888269,__micro.16s_g__unclassified_c__OM190,trans_M00154,0.9272727272727271,9.317131453763436,1.594663348129051,+,..KO,144,182,..KO: (nodes: 182; links: 144),KO
4.809128215864095,17.598314950360415,__micro.16s_g__unclassified_c__BD2-11_terrestrial_group,__compounds_C16595,-0.9515151515151513,1.6684884001823015,-7.998024713225321,-,..KO,144,182,..KO: (nodes: 182; links: 144),KO
4.809128215864095,17.598314950360415,__micro.16s_g__unclassified_c__BD2-11_terrestrial_group,trans_M00932,0.9393939393939392,15.899490447576728,-2.734622267502509,+,..KO,144,182,..KO: (nodes: 182; links: 144),KO
4.978670881475173,15.768658202683492,__micro.16s_g__unclassified_o__0319-7L14,_meta_M00078,0.9272727272727271,-12.813653993603596,-4.968099644390189,+,..KO,144,182,..KO: (nodes: 182; links: 144),KO
4.475816456775312,14.00130822111731,__micro.16s_g__SWB02,_meta_M00153,0.9272727272727271,-10.261822609023824,-3.9795148993162135,+,..KO,144,182,..KO: (nodes: 182; links: 144),KO
-4.809128215864095,14.861685049639584,__micro.16s_g__unclassified_c__AKAU4049,__compounds_C00330,0.9272727272727271,-0.021906940866276568,-12.754982554912305,+,..KO,144,182,..KO: (nodes: 182; links: 144),KO
-4.809128215864095,14.861685049639584,__micro.16s_g__unclassified_c__AKAU4049,_meta_M00344,-0.9515151515151513,-13.274995790920105,-4.989428762915016,-,..KO,144,182,..KO: (nodes: 182; links: 144),KO
-4.809128215864095,17.598314950360415,__micro.16s_g__Polaromonas,__compounds_C05635,0.9272727272727271,-0.4862785973671968,-17.727935985880077,+,..KO,144,182,..KO: (nodes: 182; links: 144),KO
-4.809128215864095,17.598314950360415,__micro.16s_g__Polaromonas,__compounds_C10457,0.9757575757575756,-0.9406545299491266,-8.840117056492796,+,..KO,144,182,..KO: (nodes: 182; links: 144),KO
-4.809128215864095,17.598314950360415,__micro.16s_g__Polaromonas,_meta_M00867,0.9515151515151513,-15.145028276290935,-0.6986385370000877,+,..KO,144,182,..KO: (nodes: 182; links: 144),KO
-0.9187475890828503,21.14486549841951,__micro.16s_g__Fluviicola,__compounds_C05635,0.9848069807617046,-0.4862785973671968,-17.727935985880077,+,..KO,144,182,..KO: (nodes: 182; links: 144),KO
4.771757227640559,19.86735246579983,__micro.16s_g__Stenotrophobacter,__compounds_C16977,-0.9636363636363636,-4.015139573951349,-13.98756187055421,-,..KO,144,182,..KO: (nodes: 182; links: 144),KO
5.890249919981129,17.37234665498801,__micro.16s_g__Pseudomonas,__compounds_C11918,0.9272727272727271,-5.000577822341449,-14.216324352228813,+,..KO,144,182,..KO: (nodes: 182; links: 144),KO
5.99559708630486,16.459816402140213,__micro.16s_g__Pedobacter,__compounds_C05635,0.9393939393939392,-0.4862785973671968,-17.727935985880077,+,..KO,144,182,..KO: (nodes: 182; links: 144),KO
5.99559708630486,16.459816402140213,__micro.16s_g__Pedobacter,__compounds_C10457,0.9393939393939392,-0.9406545299491266,-8.840117056492796,+,..KO,144,182,..KO: (nodes: 182; links: 144),KO
5.99559708630486,16.459816402140213,__micro.16s_g__Pedobacter,trans_M00154,-0.9272727272727271,9.317131453763436,1.594663348129051,-,..KO,144,182,..KO: (nodes: 182; links: 144),KO
3.066112076682662,11.072582358076794,__micro.16s_g__unclassified_o__Subgroup_17,trans_M00154,0.9393939393939392,9.317131453763436,1.594663348129051,+,..KO,144,182,..KO: (nodes: 182; links: 144),KO
1.367121053418824,10.387827456733326,__micro.16s_g__Pirellula,__compounds_C01595,0.9636363636363636,0.9051440422585658,-10.901813006026844,+,..KO,144,182,..KO: (nodes: 182; links: 144),KO
1.367121053418824,10.387827456733326,__micro.16s_g__Pirellula,__compounds_C00344,-0.9264501099011717,-1.8281152718020417,-9.092621407890526,-,..KO,144,182,..KO: (nodes: 182; links: 144),KO
0.459295517018973,10.247605192897558,__micro.16s_g__Pir4_lineage,__compounds_C01595,0.9515151515151513,0.9051440422585658,-10.901813006026844,+,..KO,144,182,..KO: (nodes: 182; links: 144),KO
0.459295517018973,10.247605192897558,__micro.16s_g__Pir4_lineage,_meta_M00948,-0.9393939393939392,-9.335764778871273,0.7051639477527057,-,..KO,144,182,..KO: (nodes: 182; links: 144),KO
0.459295517018973,10.247605192897558,__micro.16s_g__Pir4_lineage,_meta_M00537,-0.9272727272727271,-11.468787459984341,-4.651789909936795,-,..KO,144,182,..KO: (nodes: 182; links: 144),KO
-0.45929551701897414,10.247605192897558,__micro.16s_g__Inquilinus,__compounds_C06559,0.9272727272727271,1.7843013900694882,-9.092621407890526,+,..KO,144,182,..KO: (nodes: 182; links: 144),KO
-0.45929551701897414,10.247605192897558,__micro.16s_g__Inquilinus,__compounds_C08152,0.9393939393939392,4.787221274997819,-15.123297505272719,+,..KO,144,182,..KO: (nodes: 182; links: 144),KO
-0.45929551701897414,10.247605192897558,__micro.16s_g__Inquilinus,__compounds_C00165,0.9272727272727271,-4.831035156730371,-15.12329750527272,+,..KO,144,182,..KO: (nodes: 182; links: 144),KO
-0.45929551701897414,10.247605192897558,__micro.16s_g__Inquilinus,__compounds_C00089,-0.9272727272727271,-2.251881674828245,-8.18477495681587,-,..KO,144,182,..KO: (nodes: 182; links: 144),KO
-0.45929551701897414,10.247605192897558,__micro.16s_g__Inquilinus,trans_M00868,-0.9636363636363636,9.0507648692357,0.7049369946401449,-,..KO,144,182,..KO: (nodes: 182; links: 144),KO
-1.3671210534188278,10.387827456733326,__micro.16s_g__unclassified_f__BIrii41,_meta_M00615,0.9515151515151513,-13.274995790920105,3.010571237084984,+,..KO,144,182,..KO: (nodes: 182; links: 144),KO
-1.3671210534188278,10.387827456733326,__micro.16s_g__unclassified_f__BIrii41,_meta_M00530,0.9393939393939392,-9.281763157835032,-0.22200807855691904,+,..KO,144,182,..KO: (nodes: 182; links: 144),KO
-1.3671210534188278,10.387827456733326,__micro.16s_g__unclassified_f__BIrii41,_meta_M00029,-0.9272727272727271,-14.197459273889868,3.9027507194042794,-,..KO,144,182,..KO: (nodes: 182; links: 144),KO
-5.960412538558051,15.5418994476096,__micro.16s_g__unclassified_f__Pirellulaceae,__compounds_C01595,0.9393939393939392,0.9051440422585658,-10.901813006026844,+,..KO,144,182,..KO: (nodes: 182; links: 144),KO
-5.890249919981129,17.37234665498801,__micro.16s_g__possible_genus_04,_meta_M00083,0.9757575757575756,-10.642834976533326,4.261656915733055,+,..KO,144,182,..KO: (nodes: 182; links: 144),KO
-4.771757227640557,19.86735246579983,__micro.16s_g__Pseudoxanthomonas,__compounds_C00330,-0.9393939393939392,-0.021906940866276568,-12.754982554912305,-,..KO,144,182,..KO: (nodes: 182; links: 144),KO
0.913683345540361,23.170114029616673,__micro.16s_g__Chitinophaga,__compounds_C17755,0.9272727272727271,-4.90936265316829,-17.235324012339493,+,..KO,144,182,..KO: (nodes: 182; links: 144),KO
0.913683345540361,23.170114029616673,__micro.16s_g__Chitinophaga,_meta_M00541,0.9272727272727271,-10.274995790920105,0.010571237084984255,+,..KO,144,182,..KO: (nodes: 182; links: 144),KO
0.913683345540361,23.170114029616673,__micro.16s_g__Chitinophaga,_meta_M00137,-0.9515151515151513,-17.937356937941885,-1.7956370938507809,-,..KO,144,182,..KO: (nodes: 182; links: 144),KO
1.8117333157176452,22.99148078402348,__micro.16s_g__Altererythrobacter,__compounds_C00482,0.9393939393939392,4.118567128026395,-18.097386783542724,+,..KO,144,182,..KO: (nodes: 182; links: 144),both
3.4999999999999996,22.29217782649107,__micro.16s_g__Streptosporangium,__compounds_C00493,0.9393939393939392,1.1136005252961847,-7.863410371336064,+,..KO,144,182,..KO: (nodes: 182; links: 144),KO
3.4999999999999996,22.29217782649107,__micro.16s_g__Streptosporangium,__compounds_C16595,0.9515151515151513,1.6684884001823015,-7.998024713225321,+,..KO,144,182,..KO: (nodes: 182; links: 144),KO
6.761480784023478,14.418266684282356,__micro.16s_g__Agromyces,__compounds_C02710,-0.9272727272727271,3.4421946742714784,-15.754982554912303,-,..KO,144,182,..KO: (nodes: 182; links: 144),KO
8.572244476756641e-16,9.23,__micro.16s_g__unclassified_f__Xanthobacteraceae,__compounds_C04722,-0.9272727272727271,3.2219379638673087,-8.707461357925217,-,..KO,144,182,..KO: (nodes: 182; links: 144),KO
-3.4999999999999982,10.16782217350893,__micro.16s_g__Massilia,trans_M00154,-0.9393939393939392,9.317131453763436,1.594663348129051,-,..KO,144,182,..KO: (nodes: 182; links: 144),KO
-6.467156727579006,13.551215973444368,__micro.16s_g__Bradyrhizobium,_meta_M00137,-0.9272727272727271,-17.937356937941885,-1.7956370938507809,-,..KO,144,182,..KO: (nodes: 182; links: 144),KO
-1.811733315717651,22.991480784023477,__micro.16s_g__Bacillus,_meta_M00565,-0.9272727272727271,-9.906517572687319,3.7056158231882796,-,..KO,144,182,..KO: (nodes: 182; links: 144),KO
2.6883951457234407,23.7647549091162,__micro.16s_g__FFCH5858,_meta_M00915,-0.9317050452262764,-14.141021194704544,0.5105712370849834,-,..KO,144,182,..KO: (nodes: 182; links: 144),KO
7.075463447982514,12.49666141419461,__micro.16s_g__Marmoricola,__compounds_C02710,-0.9636363636363636,3.4421946742714784,-15.754982554912303,-,..KO,144,182,..KO: (nodes: 182; links: 144),KO
5.409399202192157,10.336070896988762,__micro.16s_g__unclassified_o__Armatimonadales,__compounds_C01451,-0.9636363636363636,3.687046976457357,-18.471301123369027,-,..KO,144,182,..KO: (nodes: 182; links: 144),KO
-7.277055962836148,19.55332010401509,__micro.16s_g__Mucilaginibacter,__compounds_C00482,0.9515151515151513,4.118567128026395,-18.097386783542724,+,..KO,144,182,..KO: (nodes: 182; links: 144),KO
-6.335217967378205,21.1151830370835,__micro.16s_g__Asticcacaulis,__compounds_C00330,-0.9757575757575756,-0.021906940866276568,-12.754982554912305,-,..KO,144,182,..KO: (nodes: 182; links: 144),KO
-5.064099630470967,22.423132885112658,__micro.16s_g__Gemmatimonas,__compounds_C06426,-0.9272727272727271,3.6870469764573546,-9.03866398645558,-,..KO,144,182,..KO: (nodes: 182; links: 144),KO
-1.9593701661158036e-15,24.23,__micro.16s_g__Burkholderia-Caballeronia-Paraburkholderia,__compounds_C00165,0.9272727272727271,-4.831035156730371,-15.12329750527272,+,..KO,144,182,..KO: (nodes: 182; links: 144),KO
-1.9593701661158036e-15,24.23,__micro.16s_g__Burkholderia-Caballeronia-Paraburkholderia,__compounds_C14279,0.9272727272727271,-4.831035156730371,-12.38666760455189,+,..KO,144,182,..KO: (nodes: 182; links: 144),KO
-1.9593701661158036e-15,24.23,__micro.16s_g__Burkholderia-Caballeronia-Paraburkholderia,__compounds_C14828,0.9272727272727271,-4.497723397641587,-11.526290776029612,+,..KO,144,182,..KO: (nodes: 182; links: 144),KO
-1.9593701661158036e-15,24.23,__micro.16s_g__Burkholderia-Caballeronia-Paraburkholderia,__compounds_C06593,0.9272727272727271,-0.021906940866277546,-8.754982554912305,+,..KO,144,182,..KO: (nodes: 182; links: 144),KO
-1.9593701661158036e-15,24.23,__micro.16s_g__Burkholderia-Caballeronia-Paraburkholderia,_meta_M00159,-0.9393939393939392,-11.479799070118256,3.5851017983786333,-,..KO,144,182,..KO: (nodes: 182; links: 144),KO
-1.9593701661158036e-15,24.23,__micro.16s_g__Burkholderia-Caballeronia-Paraburkholderia,_meta_M00551,0.9272727272727271,-12.356248201837253,-4.904294261334525,+,..KO,144,182,..KO: (nodes: 182; links: 144),KO
-1.9593701661158036e-15,24.23,__micro.16s_g__Burkholderia-Caballeronia-Paraburkholderia,trans_M00005,-0.9272727272727271,15.843165430169993,0.9373952670972674,-,..KO,144,182,..KO: (nodes: 182; links: 144),KO
3.779001914042381,24.398178777038616,__micro.16s_g__Dokdonella,__compounds_C00870,0.9272727272727271,4.956763940608896,-13.293640757595794,+,..KO,144,182,..KO: (nodes: 182; links: 144),KO
0.9730711658154773,7.282758385610764,__micro.16s_g__unclassified_o__Cyanobacteriales,_meta_M00831,0.975308641975309,-13.274995790920105,0.01057123708498407,+,..KO,144,182,..KO: (nodes: 182; links: 144),KO
-8.928215336471439,17.364447400982602,__micro.16s_g__Paludisphaera,_meta_M00889,0.9999999999999998,-14.193743380002955,4.925436735504493,+,..KO,144,182,..KO: (nodes: 182; links: 144),KO
-4.915371393843278,23.76917263766968,__micro.16s_g__Rhodanobacter,_meta_M00356,0.9509918346667655,-13.274995790920105,-2.989428762915016,+,..KO,144,182,..KO: (nodes: 182; links: 144),KO
-0.8879323446507154,-13.254982554912305,__compounds_C00666,_meta_M00947,-0.9272727272727271,-16.970040377023402,-3.357906981147801,-,..KO,144,182,..KO: (nodes: 182; links: 144),KO
-0.02190694086627681,-11.754982554912305,__compounds_C01250,trans_M00344,0.9272727272727271,8.054086964212281,0.808343759139317,+,..KO,144,182,..KO: (nodes: 182; links: 144),KO
2.9780930591337236,-13.754982554912305,__compounds_C10438,trans_M00142,-0.9393939393939392,11.119963395913702,-0.6988654901126468,-,..KO,144,182,..KO: (nodes: 182; links: 144),KO
2.8312626080191845,-14.682033538037146,__compounds_C13828,_meta_M00544,-0.9393939393939392,-10.847944807795262,-1.7527845197924352,-,..KO,144,182,..KO: (nodes: 182; links: 144),KO
-0.9489579239911182,-16.608152103797764,__compounds_C00624,_meta_M00065,0.9515151515151513,-16.288168972816386,4.000657373486181,+,..KO,144,182,..KO: (nodes: 182; links: 144),KO
-2.4489579239911183,-15.518338311789725,__compounds_C09833,trans_M00367,-0.9393939393939392,9.158037832022577,-1.1368686468719376,-,..KO,144,182,..KO: (nodes: 182; links: 144),KO
-2.8750764897517374,-12.827931571787463,__compounds_C08449,_meta_M00079,0.9515151515151513,-9.906517572687317,-3.684473349018311,+,..KO,144,182,..KO: (nodes: 182; links: 144),KO
-1.7852626977436965,-11.327931571787463,__compounds_C16635,trans_M00051,0.9393939393939392,12.06753239831477,3.9025237662917203,+,..KO,144,182,..KO: (nodes: 182; links: 144),KO
-0.021906940866277057,-10.754982554912305,__compounds_C04874,trans_M00142,-0.9515151515151513,11.119963395913702,-0.6988654901126468,-,..KO,144,182,..KO: (nodes: 182; links: 144),KO
3.6509574866548196,-12.170663490755677,__compounds_C00299,trans_M00121,-0.9636363636363636,11.194799160482683,3.5848748452660737,-,..KO,144,182,..KO: (nodes: 182; links: 144),both
3.9713256922187963,-13.987561870554208,__compounds_C00272,_meta_M00531,0.9636363636363636,-9.443037741658149,-1.1366416937593768,+,..KO,144,182,..KO: (nodes: 182; links: 144),KO
3.4421946742714784,-15.754982554912303,__compounds_C02710,_meta_M00905,0.9393939393939392,-11.511640034042685,2.4376222202098266,+,..KO,144,182,..KO: (nodes: 182; links: 144),KO
3.4421946742714784,-15.754982554912303,__compounds_C02710,_meta_M00548,-0.9393939393939392,-17.937356937941885,1.8167795680207472,-,..KO,144,182,..KO: (nodes: 182; links: 144),KO
-2.931401507158471,-16.499949106387238,__compounds_C16525,_meta_M00433,0.9272727272727271,-17.526081469568176,2.6427320514717634,+,..KO,144,182,..KO: (nodes: 182; links: 144),KO
-2.5930573796124348,-10.690804782436393,__compounds_C16316,trans_M00369,0.9636363636363636,12.98999588128453,5.010344283972425,+,..KO,144,182,..KO: (nodes: 182; links: 144),KO
-1.8171036616681262,-10.180451993618655,__compounds_C05198,_meta_M00433,-0.9393939393939392,-17.526081469568176,2.6427320514717634,-,..KO,144,182,..KO: (nodes: 182; links: 144),KO
0.8968406482165754,-8.840117056492796,__compounds_C00147,_meta_M00918,0.9272727272727271,-16.128165339805566,-0.9164797460398586,+,..KO,144,182,..KO: (nodes: 182; links: 144),KO
1.7843013900694882,-9.092621407890526,__compounds_C06559,trans_M00148,-0.9515151515151513,12.525624224783611,-3.962609146995347,-,..KO,144,182,..KO: (nodes: 182; links: 144),KO
1.7843013900694882,-9.092621407890526,__compounds_C06559,trans_M00868,-0.9393939393939392,9.0507648692357,0.7049369946401449,-,..KO,144,182,..KO: (nodes: 182; links: 144),KO
2.6102538735205023,-9.503896876264234,__compounds_C16512,_meta_M00787,0.9272727272727271,-10.421826242034644,0.9376222202098264,+,..KO,144,182,..KO: (nodes: 182; links: 144),KO
2.6102538735205023,-9.503896876264234,__compounds_C16512,trans_M00555,0.9393939393939392,16.899153293624682,3.127793293266093,+,..KO,144,182,..KO: (nodes: 182; links: 144),KO
4.787221274997819,-12.38666760455189,__compounds_C03878,trans_M00345,-0.9272727272727271,16.662860308805627,1.5946633481290526,-,..KO,144,182,..KO: (nodes: 182; links: 144),KO
4.956763940608896,-13.293640757595794,__compounds_C00870,_meta_M00542,0.9272727272727271,-12.79636446234499,-1.9313123977671198,+,..KO,144,182,..KO: (nodes: 182; links: 144),KO
4.787221274997819,-15.123297505272719,__compounds_C08152,_meta_M00567,-0.9393939393939392,-9.81089417578235,-1.9894287629150151,-,..KO,144,182,..KO: (nodes: 182; links: 144),KO
4.453909515909036,-15.983674333794996,__compounds_C08278,trans_M00142,-0.9393939393939392,11.119963395913702,-0.6988654901126468,-,..KO,144,182,..KO: (nodes: 182; links: 144),KO
-0.02190694086627571,-18.754982554912303,__compounds_C00847,trans_M00173,0.9272727272727271,8.29765377103573,-1.7164809881341156,+,..KO,144,182,..KO: (nodes: 182; links: 144),KO
-0.9406545299491269,-18.669848053331812,__compounds_C02029,trans_M00148,-0.9272727272727271,12.525624224783611,-3.962609146995347,-,..KO,144,182,..KO: (nodes: 182; links: 144),KO
-4.831035156730371,-15.12329750527272,__compounds_C00165,trans_M00005,-0.9636363636363636,15.843165430169993,0.9373952670972674,-,..KO,144,182,..KO: (nodes: 182; links: 144),KO
-5.000577822341449,-14.216324352228813,__compounds_C11918,_meta_M00417,0.9272727272727271,-18.274995790920105,0.010571237084983153,+,..KO,144,182,..KO: (nodes: 182; links: 144),KO
-4.831035156730371,-12.38666760455189,__compounds_C14279,_meta_M00551,0.9636363636363636,-12.356248201837253,-4.904294261334525,+,..KO,144,182,..KO: (nodes: 182; links: 144),KO
-4.497723397641587,-11.526290776029612,__compounds_C14828,trans_M00005,-0.9757575757575756,15.843165430169993,0.9373952670972674,-,..KO,144,182,..KO: (nodes: 182; links: 144),KO
-4.011993077267475,-10.741809373016023,__compounds_C08777,trans_M00044,-0.9636363636363636,15.717670387337277,-4.180096240486777,-,..KO,144,182,..KO: (nodes: 182; links: 144),KO
-3.3903851590990617,-10.05993796880901,__compounds_C17641,trans_M00121,-0.9509918346667655,11.194799160482683,3.5848748452660737,-,..KO,144,182,..KO: (nodes: 182; links: 144),KO
-0.9406545299491266,-8.840117056492796,__compounds_C10457,_meta_M00867,0.9878787878787877,-15.145028276290935,-0.6986385370000877,+,..KO,144,182,..KO: (nodes: 182; links: 144),KO
-0.021906940866277546,-8.754982554912305,__compounds_C06593,trans_M00005,-0.9393939393939392,15.843165430169993,0.9373952670972674,-,..KO,144,182,..KO: (nodes: 182; links: 144),KO
0.5484293189588196,-7.7821510194737975,__compounds_C01092,trans_M00090,0.9636363636363636,14.316241197766123,-1.4866772123697767,+,..KO,144,182,..KO: (nodes: 182; links: 144),KO
0.5484293189588196,-7.7821510194737975,__compounds_C01092,trans_M00092,0.9515151515151513,11.663750564802942,-1.4866772123697776,+,..KO,144,182,..KO: (nodes: 182; links: 144),KO
0.5484293189588196,-7.7821510194737975,__compounds_C01092,trans_M00953,-0.9272727272727271,10.820577185696742,-4.494500055539671,-,..KO,144,182,..KO: (nodes: 182; links: 144),KO
3.6870469764573546,-9.03866398645558,__compounds_C06426,trans_M00090,0.9272727272727271,14.316241197766123,-1.4866772123697767,+,..KO,144,182,..KO: (nodes: 182; links: 144),KO
3.6870469764573546,-9.03866398645558,__compounds_C06426,trans_M00092,0.9272727272727271,11.663750564802942,-1.4866772123697776,+,..KO,144,182,..KO: (nodes: 182; links: 144),KO
3.6870469764573546,-9.03866398645558,__compounds_C06426,trans_M00953,-0.9515151515151513,10.820577185696742,-4.494500055539671,-,..KO,144,182,..KO: (nodes: 182; links: 144),KO
3.6870469764573546,-9.03866398645558,__compounds_C06426,trans_M00369,-0.9272727272727271,12.98999588128453,5.010344283972425,-,..KO,144,182,..KO: (nodes: 182; links: 144),KO
5.91702171041932,-12.901093525272593,__compounds_C06442,_meta_M00174,-0.9272727272727271,-14.64331074128052,-4.798556978779111,-,..KO,144,182,..KO: (nodes: 182; links: 144),KO
5.917021710419321,-14.608871584552015,__compounds_C03680,trans_M00044,-0.9636363636363636,15.717670387337277,-4.180096240486777,-,..KO,144,182,..KO: (nodes: 182; links: 144),KO
4.118567128026395,-18.097386783542724,__compounds_C00482,trans_M00121,-0.9515151515151513,11.194799160482683,3.5848748452660737,-,..KO,144,182,..KO: (nodes: 182; links: 144),KO
2.727452189498187,-19.087995246841846,__compounds_C03840,trans_M00926,-0.9515151515151513,8.996763248199459,-0.22223503166947986,-,..KO,144,182,..KO: (nodes: 182; links: 144),KO
2.727452189498187,-19.087995246841846,__compounds_C03840,trans_M00121,-0.9757575757575756,11.194799160482683,3.5848748452660737,-,..KO,144,182,..KO: (nodes: 182; links: 144),KO
1.1136005252961865,-19.646554738488543,__compounds_C20465,trans_M00091,-0.9393939393939392,14.753351638161952,2.4373952670972674,-,..KO,144,182,..KO: (nodes: 182; links: 144),KO
-1.1574144070287353,-19.646554738488547,__compounds_C04368,_meta_M00531,0.9393939393939392,-9.443037741658149,-1.1366416937593768,+,..KO,144,182,..KO: (nodes: 182; links: 144),KO
-1.1574144070287353,-19.646554738488547,__compounds_C04368,_meta_M00535,-0.9515151515151513,-15.473031703203329,-3.3313800085667618,-,..KO,144,182,..KO: (nodes: 182; links: 144),KO
-1.7123022819148528,-19.51194039659929,__compounds_C10696,_meta_M00660,0.9393939393939392,-14.601241107401695,-1.4864502592572186,+,..KO,144,182,..KO: (nodes: 182; links: 144),KO
-3.2657518455998598,-18.802503751899394,__compounds_C00755,_meta_M00174,-0.9393939393939392,-14.64331074128052,-4.798556978779111,-,..KO,144,182,..KO: (nodes: 182; links: 144),KO
-5.691911853154286,-15.717390334816836,__compounds_C18218,_meta_M00828,0.9515151515151513,-18.0841240067842,1.378886187445398,+,..KO,144,182,..KO: (nodes: 182; links: 144),KO
-6.0151109759643235,-13.469491059969851,__compounds_C00587,trans_M00121,-0.9636363636363636,11.194799160482683,3.5848748452660737,-,..KO,144,182,..KO: (nodes: 182; links: 144),KO
-5.960835592151873,-12.901093525272595,__compounds_C18528,trans_M00116,-0.9393939393939392,11.621915307981858,-3.7484261991712087,-,..KO,144,182,..KO: (nodes: 182; links: 144),KO
-5.8527763508075275,-12.340428941855745,__compounds_C01507,trans_M00024,-0.9272727272727271,10.136826332399071,0.9373952670972667,-,..KO,144,182,..KO: (nodes: 182; links: 144),KO
-5.691911853154287,-11.792574775007775,__compounds_C00350,_meta_M00805,0.9272727272727271,-12.345549446832567,1.7814832883914038,+,..KO,144,182,..KO: (nodes: 182; links: 144),KO
-2.251881674828245,-8.18477495681587,__compounds_C00089,trans_M00005,0.9515151515151513,15.843165430169993,0.9373952670972674,+,..KO,144,182,..KO: (nodes: 182; links: 144),KO
-2.251881674828245,-8.18477495681587,__compounds_C00089,trans_M00148,0.9393939393939392,12.525624224783611,-3.962609146995347,+,..KO,144,182,..KO: (nodes: 182; links: 144),KO
-10.421826242034644,0.9376222202098264,_meta_M00787,trans_M00555,0.9515151515151513,16.899153293624682,3.127793293266093,+,..KO,144,182,..KO: (nodes: 182; links: 144),KO
-16.128165339805566,0.9376222202098258,_meta_M00698,trans_M00141,0.9393939393939392,10.262321375231789,-4.180096240486779,+,..KO,144,182,..KO: (nodes: 182; links: 144),KO
-9.335764778871273,0.7051639477527057,_meta_M00948,trans_M00154,-0.9272727272727271,9.317131453763436,1.594663348129051,-,..KO,144,182,..KO: (nodes: 182; links: 144),KO
-14.643076364222779,-3.7481992460586495,_meta_M00169,trans_M00099,-0.9272727272727271,11.226640124407112,2.437395267097267,-,..KO,144,182,..KO: (nodes: 182; links: 144),KO
-8.360130292500596,-0.908176351997868,_meta_M00930,trans_M00844,-0.9393939393939392,8.115356320375414,-1.102260385809148,-,..KO,144,182,..KO: (nodes: 182; links: 144),KO
-11.468787459984341,-4.651789909936795,_meta_M00537,trans_M00952,0.9272727272727271,12.989995881284532,1.010344283972425,+,..KO,144,182,..KO: (nodes: 182; links: 144),KO
-17.937356937941885,-1.7956370938507809,_meta_M00137,trans_M00868,0.9272727272727271,9.0507648692357,0.7049369946401449,+,..KO,144,182,..KO: (nodes: 182; links: 144),KO
-17.265081927321305,3.023744418981265,_meta_M00161,trans_M00012,0.9272727272727271,9.74885390474559,-3.796885507873248,+,..KO,144,182,..KO: (nodes: 182; links: 144),KO
-17.265081927321305,3.023744418981265,_meta_M00161,trans_M00168,0.9393939393939392,8.7142820662578,2.6023071255250474,+,..KO,144,182,..KO: (nodes: 182; links: 144),KO
0,16.23,__micro.16s_g__Arthrobacter,_meta_M00169,-0.9515151515151513,-14.643076364222779,-3.7481992460586495,-,..KO,144,182,..KO: (nodes: 182; links: 144),KO
1.2246063538223773e-16,15.23,__micro.16s_g__Oscillochloris,_meta_M00948,0.9272727272727271,-9.335764778871273,0.7051639477527057,+,..KO,144,182,..KO: (nodes: 182; links: 144),KO
-2.4492127076447545e-16,17.23,__micro.16s_g__Ellin6055,__compounds_C05584,0.9999999999999998,-2.0073246890623846,-13.51390919440166,+,..KO,144,182,..KO: (nodes: 182; links: 144),KO
0.929446344087537,18.000912051306422,__micro.16s_g__unclassified_f__Amb-16S-1323,__compounds_C00624,-0.9755335594323596,-0.9489579239911182,-16.608152103797764,-,..KO,144,182,..KO: (nodes: 182; links: 144),KO
-1.8700324853708294,15.52079022591493,__micro.16s_g__Hydrogenophaga,_meta_M00857,1,-14.643310741280521,4.819699452949079,+,..KO,144,182,..KO: (nodes: 182; links: 144),KO
3.673819061467132e-16,13.23,__micro.16s_g__Chiayiivirga,_meta_M00970,-0.9755335594323596,-10.261822609023824,4.000657373486182,-,..KO,144,182,..KO: (nodes: 182; links: 144),KO
-3,16.23,__micro.16s_g__Lacibacter,__compounds_C09780,-0.9636363636363636,5.648097971421735,-15.717390334816834,-,..OE,210,204,..OE: (nodes: 204; links: 210),OE
-3,16.23,__micro.16s_g__Lacibacter,__compounds_C06552,0.9757575757575756,1.668488400182304,-19.511940396599286,+,..OE,210,204,..OE: (nodes: 204; links: 210),OE
-3,16.23,__micro.16s_g__Lacibacter,__compounds_C17755,0.9515151515151513,-4.90936265316829,-17.235324012339493,+,..OE,210,204,..OE: (nodes: 204; links: 210),OE
-3,16.23,__micro.16s_g__Lacibacter,_meta_M00053,0.9272727272727271,-13.739367447421026,-3.962382193882788,+,..OE,210,204,..OE: (nodes: 204; links: 210),OE
-3,16.23,__micro.16s_g__Lacibacter,_meta_M00006,-0.9393939393939392,-9.023910112272034,-2.6215895773017954,-,..OE,210,204,..OE: (nodes: 204; links: 210),OE
-3,16.23,__micro.16s_g__Lacibacter,_meta_M00153,-0.9393939393939392,-10.261822609023824,-3.9795148993162135,-,..OE,210,204,..OE: (nodes: 204; links: 210),OE
2.571150438746157,19.294177772475912,__micro.16s_g__unclassified_o__CCM11a,_meta_M00097,0.9442111532158908,-10.642834976533326,-4.240514441563087,+,..OE,210,204,..OE: (nodes: 204; links: 210),OE
2.571150438746157,19.294177772475912,__micro.16s_g__unclassified_o__CCM11a,_meta_M00094,-0.9317050452262764,-18.253666672395276,0.4719130344014918,-,..OE,210,204,..OE: (nodes: 204; links: 210),OE
3.672864427521096,17.814319064156628,__micro.16s_g__unclassified_o__MVP-88,__compounds_C05380,0.9862068965517242,0.548429318958821,-19.72781409035081,+,..OE,210,204,..OE: (nodes: 204; links: 210),OE
3.672864427521096,17.814319064156628,__micro.16s_g__unclassified_o__MVP-88,__compounds_C03510,0.9724137931034482,-5.960835592151872,-14.608871584552016,+,..OE,210,204,..OE: (nodes: 204; links: 210),OE
3.9932326330850727,15.997420684358097,__micro.16s_g__Saccharothrix,_meta_M00145,-0.9272727272727271,-16.274995790920105,0.01057123708498352,-,..OE,210,204,..OE: (nodes: 204; links: 210),OE
3.9932326330850727,15.997420684358097,__micro.16s_g__Saccharothrix,trans_M00040,-0.9515151515151513,12.98999588128453,4.010344283972425,-,..OE,210,204,..OE: (nodes: 204; links: 210),OE
3.9932326330850727,15.997420684358097,__micro.16s_g__Saccharothrix,trans_M00009,-0.9272727272727271,17.966891446030523,-0.4697708455659826,-,..OE,210,204,..OE: (nodes: 204; links: 210),OE
-0.4643716565009205,12.257046569032228,__micro.16s_g__unclassified_c__OLB14,__compounds_C00803,0.9515151515151513,-4.5564043869918285,-9.825818151240597,+,..OE,210,204,..OE: (nodes: 204; links: 210),OE
-2.198035912283224,12.888048754348254,__micro.16s_g__Glycomyces,__compounds_C06442,0.9393939393939392,5.91702171041932,-12.901093525272593,+,..OE,210,204,..OE: (nodes: 204; links: 210),OE
-2.198035912283224,12.888048754348254,__micro.16s_g__Glycomyces,_meta_M00542,0.9272727272727271,-12.79636446234499,-1.9313123977671198,+,..OE,210,204,..OE: (nodes: 204; links: 210),OE
-3.831958049261955,15.082787069155637,__micro.16s_g__unclassified_o__Candidatus_Azambacteria,_meta_M00081,-0.9245067028843874,-14.204442135007643,1.7814832883914031,-,..OE,210,204,..OE: (nodes: 204; links: 210),OE
2.6321608143867787,20.48108567864807,__micro.16s_g__unclassified_o__PB19,_meta_M00081,0.9245067028843874,-14.204442135007643,1.7814832883914031,+,..OE,210,204,..OE: (nodes: 204; links: 210),OE
3.368478218232786,19.925044586103297,__micro.16s_g__Promicromonospora,__compounds_C06442,0.9272727272727271,5.91702171041932,-12.901093525272593,+,..OE,210,204,..OE: (nodes: 204; links: 210),OE
4.978670881475172,16.69134179731651,__micro.16s_g__unclassified_o__PLTA13,trans_M00897,-0.9757575757575756,14.97541362948064,0.2514176444830715,-,..OE,210,204,..OE: (nodes: 204; links: 210),OE
4.978670881475172,16.69134179731651,__micro.16s_g__unclassified_o__PLTA13,trans_M00898,-0.9878787878787877,14.860028366655362,-0.6988654901126459,-,..OE,210,204,..OE: (nodes: 204; links: 210),OE
3.368478218232787,12.534955413896705,__micro.16s_g__Variovorax,__compounds_C09780,-0.9272727272727271,5.648097971421735,-15.717390334816834,-,..OE,210,204,..OE: (nodes: 204; links: 210),OE
3.368478218232787,12.534955413896705,__micro.16s_g__Variovorax,__compounds_C06552,0.9636363636363636,1.668488400182304,-19.511940396599286,+,..OE,210,204,..OE: (nodes: 204; links: 210),OE
3.368478218232787,12.534955413896705,__micro.16s_g__Variovorax,_meta_M00053,0.9515151515151513,-13.739367447421026,-3.962382193882788,+,..OE,210,204,..OE: (nodes: 204; links: 210),OE
3.368478218232787,12.534955413896705,__micro.16s_g__Variovorax,_meta_M00004,-0.9393939393939392,-8.296324909444932,-0.4507705602315254,-,..OE,210,204,..OE: (nodes: 204; links: 210),OE
3.368478218232787,12.534955413896705,__micro.16s_g__Variovorax,_meta_M00006,-0.9272727272727271,-9.023910112272034,-2.6215895773017954,-,..OE,210,204,..OE: (nodes: 204; links: 210),OE
-2.632160814386779,11.97891432135193,__micro.16s_g__unclassified_f__Ardenticatenaceae,__compounds_C17385,-0.9272727272727271,-5.4796989129933875,-11.262492476900988,-,..OE,210,204,..OE: (nodes: 204; links: 210),OE
-2.632160814386779,11.97891432135193,__micro.16s_g__unclassified_f__Ardenticatenaceae,_meta_M00530,0.9515151515151513,-9.281763157835032,-0.22200807855691904,+,..OE,210,204,..OE: (nodes: 204; links: 210),OE
-2.632160814386779,11.97891432135193,__micro.16s_g__unclassified_f__Ardenticatenaceae,_meta_M00153,-0.9515151515151513,-10.261822609023824,-3.9795148993162135,-,..OE,210,204,..OE: (nodes: 204; links: 210),OE
-4.809128215864095,17.598314950360415,__micro.16s_g__Polaromonas,__compounds_C01451,0.9387209722839687,3.687046976457357,-18.471301123369027,+,..OE,210,204,..OE: (nodes: 204; links: 210),OE
-4.475816456775311,18.45869177888269,__micro.16s_g__Panacagrimonas,trans_M00861,0.9272727272727271,14.258268800832068,4.846818599167572,+,..OE,210,204,..OE: (nodes: 204; links: 210),OE
-4.475816456775311,18.45869177888269,__micro.16s_g__Panacagrimonas,trans_M00087,0.9272727272727271,16.468408634301966,3.602091034461063,+,..OE,210,204,..OE: (nodes: 204; links: 210),OE
2.6623190272017583,21.606993341766334,__micro.16s_g__Lechevalieria,_meta_M00061,0.9272727272727271,-8.46586757505601,-1.3577437132754304,+,..OE,210,204,..OE: (nodes: 204; links: 210),OE
5.99559708630486,16.459816402140213,__micro.16s_g__Pedobacter,__compounds_C03840,0.9272727272727271,2.727452189498187,-19.087995246841846,+,..OE,210,204,..OE: (nodes: 204; links: 210),OE
5.96041253855805,15.541899447609596,__micro.16s_g__unclassified_o__Saccharimonadales,_meta_M00698,0.9272727272727271,-16.128165339805566,0.9376222202098258,+,..OE,210,204,..OE: (nodes: 204; links: 210),OE
5.785520972718846,14.64011098682003,__micro.16s_g__unclassified_f__Sandaracinaceae,__compounds_C06082,-0.9393939393939392,-2.2518816748282404,-19.32519015300874,-,..OE,210,204,..OE: (nodes: 204; links: 210),OE
5.036192556791699,12.968594699992671,__micro.16s_g__unclassified_f__NS9_marine_group,_meta_M00930,0.9636363636363636,-8.360130292500596,-0.908176351997868,+,..OE,210,204,..OE: (nodes: 204; links: 210),OE
1.367121053418824,10.387827456733326,__micro.16s_g__Pirellula,__compounds_C11512,0.9393939393939392,4.865548771435738,-10.274641097485116,+,..OE,210,204,..OE: (nodes: 204; links: 210),OE
-0.45929551701897414,10.247605192897558,__micro.16s_g__Inquilinus,__compounds_C00147,-0.9757575757575756,0.8968406482165754,-8.840117056492796,-,..OE,210,204,..OE: (nodes: 204; links: 210),OE
-0.45929551701897414,10.247605192897558,__micro.16s_g__Inquilinus,__compounds_C20388,-0.9757575757575756,5.435885031260834,-11.262492476900986,-,..OE,210,204,..OE: (nodes: 204; links: 210),OE
-0.45929551701897414,10.247605192897558,__micro.16s_g__Inquilinus,__compounds_C00157,-0.9272727272727271,4.512590505259274,-17.684146958584016,-,..OE,210,204,..OE: (nodes: 204; links: 210),OE
-5.475021698859302,13.775588176971965,__micro.16s_g__unclassified_o__Burkholderiales,__compounds_C01197,-0.9272727272727271,-6.0151109759643235,-14.040474049854762,-,..OE,210,204,..OE: (nodes: 204; links: 210),OE
-5.475021698859302,13.775588176971965,__micro.16s_g__unclassified_o__Burkholderiales,__compounds_C00632,-0.9272727272727271,-4.162381009758948,-9.412578326281885,-,..OE,210,204,..OE: (nodes: 204; links: 210),OE
-4.771757227640557,19.86735246579983,__micro.16s_g__Pseudoxanthomonas,__compounds_C00272,-0.9272727272727271,3.9713256922187963,-13.987561870554208,-,..OE,210,204,..OE: (nodes: 204; links: 210),OE
-4.771757227640557,19.86735246579983,__micro.16s_g__Pseudoxanthomonas,trans_M00040,-0.9515151515151513,12.98999588128453,4.010344283972425,-,..OE,210,204,..OE: (nodes: 204; links: 210),OE
-3.4519119613117226,21.137576164600308,__micro.16s_g__unclassified_f__Sutterellaceae,trans_M00970,-0.9272727272727271,12.989995881284532,-0.989655716027575,-,..OE,210,204,..OE: (nodes: 204; links: 210),OE
-3.4519119613117226,21.137576164600308,__micro.16s_g__unclassified_f__Sutterellaceae,trans_M00952,-0.9272727272727271,12.989995881284532,1.010344283972425,-,..OE,210,204,..OE: (nodes: 204; links: 210),OE
-0.9158957053132452,22.15968254268209,__micro.16s_g__unclassified_f__Rhizobiales_Incertae_Sedis,__compounds_C16512,-0.9393939393939392,2.6102538735205023,-9.503896876264234,-,..OE,210,204,..OE: (nodes: 204; links: 210),OE
0.913683345540361,23.170114029616673,__micro.16s_g__Chitinophaga,__compounds_C20388,-0.9272727272727271,5.435885031260834,-11.262492476900986,-,..OE,210,204,..OE: (nodes: 204; links: 210),OE
1.8117333157176452,22.99148078402348,__micro.16s_g__Altererythrobacter,__compounds_C09780,-0.9636363636363636,5.648097971421735,-15.717390334816834,-,..OE,210,204,..OE: (nodes: 204; links: 210),OE
1.8117333157176452,22.99148078402348,__micro.16s_g__Altererythrobacter,__compounds_C00482,-0.9515151515151513,4.118567128026395,-18.097386783542724,-,..OE,210,204,..OE: (nodes: 204; links: 210),both
1.8117333157176452,22.99148078402348,__micro.16s_g__Altererythrobacter,__compounds_C06552,0.9515151515151513,1.668488400182304,-19.511940396599286,+,..OE,210,204,..OE: (nodes: 204; links: 210),OE
1.8117333157176452,22.99148078402348,__micro.16s_g__Altererythrobacter,__compounds_C17385,-0.9272727272727271,-5.4796989129933875,-11.262492476900988,-,..OE,210,204,..OE: (nodes: 204; links: 210),OE
1.8117333157176452,22.99148078402348,__micro.16s_g__Altererythrobacter,_meta_M00004,-0.9393939393939392,-8.296324909444932,-0.4507705602315254,-,..OE,210,204,..OE: (nodes: 204; links: 210),OE
1.8117333157176452,22.99148078402348,__micro.16s_g__Altererythrobacter,_meta_M00006,-0.9878787878787877,-9.023910112272034,-2.6215895773017954,-,..OE,210,204,..OE: (nodes: 204; links: 210),OE
4.261330003061044,21.783473382038647,__micro.16s_g__unclassified_p__RCP2-54,trans_M00970,-0.9272727272727271,12.989995881284532,-0.989655716027575,-,..OE,210,204,..OE: (nodes: 204; links: 210),OE
4.261330003061044,21.783473382038647,__micro.16s_g__unclassified_p__RCP2-54,trans_M00010,0.9393939393939392,17.562058996363593,2.034260999584395,+,..OE,210,204,..OE: (nodes: 204; links: 210),OE
4.261330003061044,21.783473382038647,__micro.16s_g__unclassified_p__RCP2-54,trans_M00845,0.9272727272727271,16.231137857823477,-3.796885507873246,+,..OE,210,204,..OE: (nodes: 204; links: 210),OE
4.261330003061044,21.783473382038647,__micro.16s_g__unclassified_p__RCP2-54,trans_M00369,0.9272727272727271,12.98999588128453,5.010344283972425,+,..OE,210,204,..OE: (nodes: 204; links: 210),OE
5.553473382038646,20.491330003061044,__micro.16s_g__Hyphomicrobium,_meta_M00159,-0.9272727272727271,-11.479799070118256,3.5851017983786333,-,..OE,210,204,..OE: (nodes: 204; links: 210),OE
6.06217782649107,19.73,__micro.16s_g__Terrimonas,_meta_M00053,0.9272727272727271,-13.739367447421026,-3.962382193882788,+,..OE,210,204,..OE: (nodes: 204; links: 210),OE
6.761480784023478,18.041733315717646,__micro.16s_g__Dongia,_meta_M00542,-0.9393939393939392,-12.79636446234499,-1.9313123977671198,-,..OE,210,204,..OE: (nodes: 204; links: 210),OE
6.761480784023478,18.041733315717646,__micro.16s_g__Dongia,_meta_M00660,-0.9272727272727271,-14.601241107401695,-1.4864502592572186,-,..OE,210,204,..OE: (nodes: 204; links: 210),OE
6.761480784023478,18.041733315717646,__micro.16s_g__Dongia,_meta_M00867,-0.9272727272727271,-15.145028276290935,-0.6986385370000877,-,..OE,210,204,..OE: (nodes: 204; links: 210),OE
6.940114029616673,15.31631665445964,__micro.16s_g__OM27_clade,__compounds_C01735,-0.9272727272727271,0.4567243877088399,-15.696866189764409,-,..OE,210,204,..OE: (nodes: 204; links: 210),OE
1.8117333157176472,9.468519215976523,__micro.16s_g__Rhodoplanes,trans_M00113,-0.9515151515151513,13.912459364254293,3.9025237662917203,-,..OE,210,204,..OE: (nodes: 204; links: 210),OE
0.9136833455403639,9.289885970383327,__micro.16s_g__Bryobacter,trans_M00161,0.9393939393939392,13.468627209859648,-1.9315393508796788,+,..OE,210,204,..OE: (nodes: 204; links: 210),OE
8.572244476756641e-16,9.23,__micro.16s_g__unclassified_f__Xanthobacteraceae,__compounds_C06337,0.9393939393939392,-0.021906940866275586,-19.754982554912303,+,..OE,210,204,..OE: (nodes: 204; links: 210),OE
8.572244476756641e-16,9.23,__micro.16s_g__unclassified_f__Xanthobacteraceae,_meta_M00867,-0.9515151515151513,-15.145028276290935,-0.6986385370000877,-,..OE,210,204,..OE: (nodes: 204; links: 210),OE
8.572244476756641e-16,9.23,__micro.16s_g__unclassified_f__Xanthobacteraceae,trans_M00029,0.9515151515151513,16.69138586666111,-3.351160167334158,+,..OE,210,204,..OE: (nodes: 204; links: 210),OE
-3.4999999999999982,10.16782217350893,__micro.16s_g__Massilia,__compounds_C06442,0.9515151515151513,5.91702171041932,-12.901093525272593,+,..OE,210,204,..OE: (nodes: 204; links: 210),OE
-3.4999999999999982,10.16782217350893,__micro.16s_g__Massilia,_meta_M00542,0.9636363636363636,-12.79636446234499,-1.9313123977671198,+,..OE,210,204,..OE: (nodes: 204; links: 210),OE
-3.4999999999999982,10.16782217350893,__micro.16s_g__Massilia,_meta_M00660,0.9393939393939392,-14.601241107401695,-1.4864502592572186,+,..OE,210,204,..OE: (nodes: 204; links: 210),OE
-4.94974746830583,11.280252531694165,__micro.16s_g__Lysinibacillus,__compounds_C00272,0.9272727272727271,3.9713256922187963,-13.987561870554208,+,..OE,210,204,..OE: (nodes: 204; links: 210),OE
-4.94974746830583,11.280252531694165,__micro.16s_g__Lysinibacillus,__compounds_C00482,0.9272727272727271,4.118567128026395,-18.097386783542724,+,..OE,210,204,..OE: (nodes: 204; links: 210),OE
-4.94974746830583,11.280252531694165,__micro.16s_g__Lysinibacillus,__compounds_C17385,0.9515151515151513,-5.4796989129933875,-11.262492476900988,+,..OE,210,204,..OE: (nodes: 204; links: 210),OE
-4.94974746830583,11.280252531694165,__micro.16s_g__Lysinibacillus,trans_M00121,0.9272727272727271,11.194799160482683,3.5848748452660737,+,..OE,210,204,..OE: (nodes: 204; links: 210),OE
-5.553473382038645,11.968669996938955,__micro.16s_g__Nocardioides,__compounds_C06552,0.9393939393939392,1.668488400182304,-19.511940396599286,+,..OE,210,204,..OE: (nodes: 204; links: 210),OE
-6.062177826491069,12.729999999999997,__micro.16s_g__unclassified_o__Bacillales,__compounds_C06426,0.9515151515151513,3.6870469764573546,-9.03866398645558,+,..OE,210,204,..OE: (nodes: 204; links: 210),OE
-6.062177826491069,12.729999999999997,__micro.16s_g__unclassified_o__Bacillales,__compounds_C09780,0.9272727272727271,5.648097971421735,-15.717390334816834,+,..OE,210,204,..OE: (nodes: 204; links: 210),OE
-6.062177826491069,12.729999999999997,__micro.16s_g__unclassified_o__Bacillales,__compounds_C09765,-0.9387209722839687,5.174245481840356,-16.754982554912303,-,..OE,210,204,..OE: (nodes: 204; links: 210),OE
-6.062177826491069,12.729999999999997,__micro.16s_g__unclassified_o__Bacillales,__compounds_C06552,-0.9393939393939392,1.668488400182304,-19.511940396599286,-,..OE,210,204,..OE: (nodes: 204; links: 210),OE
-6.062177826491069,12.729999999999997,__micro.16s_g__unclassified_o__Bacillales,_meta_M00006,0.9393939393939392,-9.023910112272034,-2.6215895773017954,+,..OE,210,204,..OE: (nodes: 204; links: 210),OE
-6.062177826491069,12.729999999999997,__micro.16s_g__unclassified_o__Bacillales,_meta_M00008,0.9272727272727271,-11.046304012037414,-4.465245219690327,+,..OE,210,204,..OE: (nodes: 204; links: 210),OE
-6.467156727579006,13.551215973444368,__micro.16s_g__Bradyrhizobium,__compounds_C09780,0.9272727272727271,5.648097971421735,-15.717390334816834,+,..OE,210,204,..OE: (nodes: 204; links: 210),OE
-6.467156727579006,13.551215973444368,__micro.16s_g__Bradyrhizobium,__compounds_C06552,-0.9636363636363636,1.668488400182304,-19.511940396599286,-,..OE,210,204,..OE: (nodes: 204; links: 210),OE
-6.467156727579006,13.551215973444368,__micro.16s_g__Bradyrhizobium,__compounds_C00803,-0.9636363636363636,-4.5564043869918285,-9.825818151240597,-,..OE,210,204,..OE: (nodes: 204; links: 210),OE
-6.761480784023477,14.41826668428235,__micro.16s_g__Pseudolabrys,__compounds_C06426,0.9393939393939392,3.6870469764573546,-9.03866398645558,+,..OE,210,204,..OE: (nodes: 204; links: 210),OE
-6.761480784023477,14.41826668428235,__micro.16s_g__Pseudolabrys,__compounds_C09765,-0.9387209722839687,5.174245481840356,-16.754982554912303,-,..OE,210,204,..OE: (nodes: 204; links: 210),OE
-6.761480784023477,14.41826668428235,__micro.16s_g__Pseudolabrys,trans_M00014,-0.9272727272727271,12.511364552709416,-1.9315393508796792,-,..OE,210,204,..OE: (nodes: 204; links: 210),OE
-6.761480784023477,14.41826668428235,__micro.16s_g__Pseudolabrys,trans_M00129,-0.9393939393939392,12.989995881284532,2.010344283972425,-,..OE,210,204,..OE: (nodes: 204; links: 210),OE
-5.55347338203865,20.49133000306104,__micro.16s_g__Microvirga,trans_M00001,0.9757575757575756,17.265709696311262,2.602307125525051,+,..OE,210,204,..OE: (nodes: 204; links: 210),OE
-4.949747468305834,21.179747468305834,__micro.16s_g__unclassified_f__Methyloligellaceae,_meta_M00098,0.9393939393939392,-14.193743380002955,-4.904294261334525,+,..OE,210,204,..OE: (nodes: 204; links: 210),OE
-3.500000000000003,22.29217782649107,__micro.16s_g__Actinoallomurus,trans_M00565,0.9272727272727271,15.561146320030689,3.074522056448337,+,..OE,210,204,..OE: (nodes: 204; links: 210),OE
-3.500000000000003,22.29217782649107,__micro.16s_g__Actinoallomurus,trans_M00933,0.9515151515151513,14.358076454587207,-3.7484261991712082,+,..OE,210,204,..OE: (nodes: 204; links: 210),OE
-1.811733315717651,22.991480784023477,__micro.16s_g__Bacillus,__compounds_C00482,0.9515151515151513,4.118567128026395,-18.097386783542724,+,..OE,210,204,..OE: (nodes: 204; links: 210),OE
-1.811733315717651,22.991480784023477,__micro.16s_g__Bacillus,__compounds_C17385,0.9393939393939392,-5.4796989129933875,-11.262492476900988,+,..OE,210,204,..OE: (nodes: 204; links: 210),OE
-1.811733315717651,22.991480784023477,__micro.16s_g__Bacillus,_meta_M00568,0.9272727272727271,-8.799179334144792,-2.218120541797707,+,..OE,210,204,..OE: (nodes: 204; links: 210),OE
-1.811733315717651,22.991480784023477,__micro.16s_g__Bacillus,_meta_M00006,0.9515151515151513,-9.023910112272034,-2.6215895773017954,+,..OE,210,204,..OE: (nodes: 204; links: 210),OE
-1.811733315717651,22.991480784023477,__micro.16s_g__Bacillus,_meta_M00014,0.9393939393939392,-11.90668084055969,-4.798556978779111,+,..OE,210,204,..OE: (nodes: 204; links: 210),OE
2.6883951457234407,23.7647549091162,__micro.16s_g__FFCH5858,_meta_M00673,-0.9272727272727271,-11.076959878636881,-3.331380008566761,-,..OE,210,204,..OE: (nodes: 204; links: 210),OE
4.3251265396447804,22.960028262649452,__micro.16s_g__unclassified_f__Chitinophagaceae,_meta_M00777,-0.9515151515151513,-11.629028059132793,1.1467007305472958,-,..OE,210,204,..OE: (nodes: 204; links: 210),OE
5.064099630470963,22.42313288511266,__micro.16s_g__unclassified_f__Oxalobacteraceae,trans_M00007,-0.9515151515151513,12.034202737777672,-4.8974515009829025,-,..OE,210,204,..OE: (nodes: 204; links: 210),OE
6.850792242012711,20.361179693111694,__micro.16s_g__unclassified_o__Elsterales,_meta_M00832,0.9393939393939392,-15.503687569802796,-4.465245219690328,+,..OE,210,204,..OE: (nodes: 204; links: 210),OE
7.608452130361228,18.70213595499958,__micro.16s_g__unclassified_f__Xanthomonadaceae,__compounds_C00482,-0.9636363636363636,4.118567128026395,-18.097386783542724,-,..OE,210,204,..OE: (nodes: 204; links: 210),OE
7.608452130361228,18.70213595499958,__micro.16s_g__unclassified_f__Xanthomonadaceae,__compounds_C17385,-0.9757575757575756,-5.4796989129933875,-11.262492476900988,-,..OE,210,204,..OE: (nodes: 204; links: 210),OE
7.918571535047462,15.09148129381372,__micro.16s_g__unclassified_f__SC-I-84,_meta_M00867,-0.9999999999999998,-15.145028276290935,-0.6986385370000877,-,..OE,210,204,..OE: (nodes: 204; links: 210),OE
6.603775175702193,11.714454249065849,__micro.16s_g__Conexibacter,__compounds_C02710,0.9272727272727271,3.4421946742714784,-15.754982554912303,+,..OE,210,204,..OE: (nodes: 204; links: 210),OE
0.4567104869021474,8.243047168590916,__micro.16s_g__Sphingomonas,_meta_M00534,-0.9393939393939392,-15.038351547797525,-2.4164797460398586,-,..OE,210,204,..OE: (nodes: 204; links: 210),OE
0.4567104869021474,8.243047168590916,__micro.16s_g__Sphingomonas,_meta_M00535,-0.9272727272727271,-15.473031703203329,-3.3313800085667618,-,..OE,210,204,..OE: (nodes: 204; links: 210),OE
0.4567104869021474,8.243047168590916,__micro.16s_g__Sphingomonas,_meta_M00417,-0.9757575757575756,-18.274995790920105,0.010571237084983153,-,..OE,210,204,..OE: (nodes: 204; links: 210),OE
-6.045996594834065,10.991114128437719,__micro.16s_g__Kineosporia,trans_M00970,0.9515151515151513,12.989995881284532,-0.989655716027575,+,..OE,210,204,..OE: (nodes: 204; links: 210),OE
-6.045996594834065,10.991114128437719,__micro.16s_g__Kineosporia,trans_M00010,-0.9393939393939392,17.562058996363593,2.034260999584395,-,..OE,210,204,..OE: (nodes: 204; links: 210),OE
-6.045996594834065,10.991114128437719,__micro.16s_g__Kineosporia,trans_M00845,-0.9272727272727271,16.231137857823477,-3.796885507873246,-,..OE,210,204,..OE: (nodes: 204; links: 210),OE
-6.603775175702192,11.714454249065847,__micro.16s_g__Candidatus_Solibacter,trans_M00091,0.9272727272727271,14.753351638161952,2.4373952670972674,+,..OE,210,204,..OE: (nodes: 204; links: 210),OE
-7.454912233691617,13.327538357194868,__micro.16s_g__Aetherobacter,__compounds_C17755,-0.9515151515151513,-4.90936265316829,-17.235324012339493,-,..OE,210,204,..OE: (nodes: 204; links: 210),OE
-7.7371748376156555,14.1962533264521,__micro.16s_g__unclassified_f__Micropepsaceae,_meta_M00568,0.9272727272727271,-8.799179334144792,-2.218120541797707,+,..OE,210,204,..OE: (nodes: 204; links: 210),OE
-7.7371748376156555,14.1962533264521,__micro.16s_g__unclassified_f__Micropepsaceae,_meta_M00006,0.9515151515151513,-9.023910112272034,-2.6215895773017954,+,..OE,210,204,..OE: (nodes: 204; links: 210),OE
-7.7371748376156555,14.1962533264521,__micro.16s_g__unclassified_f__Micropepsaceae,_meta_M00008,0.9878787878787877,-11.046304012037414,-4.465245219690327,+,..OE,210,204,..OE: (nodes: 204; links: 210),OE
-7.7371748376156555,14.1962533264521,__micro.16s_g__unclassified_f__Micropepsaceae,trans_M00374,0.9272727272727271,13.629381689707062,4.969294353088656,+,..OE,210,204,..OE: (nodes: 204; links: 210),OE
-7.277055962836148,19.55332010401509,__micro.16s_g__Mucilaginibacter,__compounds_C01479,0.9636363636363636,-4.909362653168291,-10.274641097485116,+,..OE,210,204,..OE: (nodes: 204; links: 210),OE
-7.277055962836148,19.55332010401509,__micro.16s_g__Mucilaginibacter,trans_M00911,0.9272727272727271,12.062944898159689,2.8635138328578855,+,..OE,210,204,..OE: (nodes: 204; links: 210),OE
-6.335217967378205,21.1151830370835,__micro.16s_g__Asticcacaulis,__compounds_C06442,0.9272727272727271,5.91702171041932,-12.901093525272593,+,..OE,210,204,..OE: (nodes: 204; links: 210),OE
-6.335217967378205,21.1151830370835,__micro.16s_g__Asticcacaulis,__compounds_C06337,-0.9393939393939392,-0.021906940866275586,-19.754982554912303,-,..OE,210,204,..OE: (nodes: 204; links: 210),OE
-6.335217967378205,21.1151830370835,__micro.16s_g__Asticcacaulis,_meta_M00542,0.9272727272727271,-12.79636446234499,-1.9313123977671198,+,..OE,210,204,..OE: (nodes: 204; links: 210),OE
-1.9593701661158036e-15,24.23,__micro.16s_g__Burkholderia-Caballeronia-Paraburkholderia,__compounds_C17753,0.9393939393939392,0.9075394032212607,-11.984070503605885,+,..OE,210,204,..OE: (nodes: 204; links: 210),OE
-1.9593701661158036e-15,24.23,__micro.16s_g__Burkholderia-Caballeronia-Paraburkholderia,__compounds_C05103,-0.9393939393939392,-0.021906940866277792,-7.754982554912305,-,..OE,210,204,..OE: (nodes: 204; links: 210),OE
-1.9593701661158036e-15,24.23,__micro.16s_g__Burkholderia-Caballeronia-Paraburkholderia,trans_M00094,-0.9272727272727271,11.34402814949722,1.1464737774347362,-,..OE,210,204,..OE: (nodes: 204; links: 210),OE
-1.9593701661158036e-15,24.23,__micro.16s_g__Burkholderia-Caballeronia-Paraburkholderia,trans_M00099,-0.9272727272727271,11.226640124407112,2.437395267097267,-,..OE,210,204,..OE: (nodes: 204; links: 210),OE
1.9347339618992163,25.01958500139078,__micro.16s_g__unclassified_f__A21b,__compounds_C09765,-0.9264501099011717,5.174245481840356,-16.754982554912303,-,..OE,210,204,..OE: (nodes: 204; links: 210),OE
1.9347339618992163,25.01958500139078,__micro.16s_g__unclassified_f__A21b,_meta_M00970,-0.9636363636363636,-10.261822609023824,4.000657373486182,-,..OE,210,204,..OE: (nodes: 204; links: 210),OE
7.626686680944778,21.008456892208983,__micro.16s_g__Alsobacter,__compounds_C01933,0.9264501099011717,1.8481255445045532,-14.464192328997376,+,..OE,210,204,..OE: (nodes: 204; links: 210),OE
6.644636918977489,10.159678738735376,__micro.16s_g__unclassified_o__Micrococcales,__compounds_C00299,0.9393939393939392,3.6509574866548196,-12.170663490755677,+,..OE,210,204,..OE: (nodes: 204; links: 210),OE
6.644636918977489,10.159678738735376,__micro.16s_g__unclassified_o__Micrococcales,__compounds_C16316,0.9757575757575756,-2.5930573796124348,-10.690804782436393,+,..OE,210,204,..OE: (nodes: 204; links: 210),OE
-0.3249217190694255,7.235867141492907,__micro.16s_g__unclassified_o__FFCH16263,_meta_M00831,0.9999999999999998,-13.274995790920105,0.01057123708498407,+,..OE,210,204,..OE: (nodes: 204; links: 210),OE
-3.4816473997275503,7.930715007666601,__micro.16s_g__Aurantisolimonas,_meta_M00541,-0.9300954818304988,-10.274995790920105,0.010571237084984255,-,..OE,210,204,..OE: (nodes: 204; links: 210),OE
-3.4816473997275503,7.930715007666601,__micro.16s_g__Aurantisolimonas,_meta_M00673,-0.9300954818304988,-11.076959878636881,-3.331380008566761,-,..OE,210,204,..OE: (nodes: 204; links: 210),OE
-4.639984714593193,8.518285414491697,__micro.16s_g__Sanguibacter-Flavimobilis,__compounds_C06552,0.937436866561092,1.668488400182304,-19.511940396599286,+,..OE,210,204,..OE: (nodes: 204; links: 210),OE
-4.639984714593193,8.518285414491697,__micro.16s_g__Sanguibacter-Flavimobilis,_meta_M00004,-0.9245067028843874,-8.296324909444932,-0.4507705602315254,-,..OE,210,204,..OE: (nodes: 204; links: 210),OE
-8.986800724660114,16.71725017726876,__micro.16s_g__Dechloromonas,_meta_M00857,0.975308641975309,-14.643310741280521,4.819699452949079,+,..OE,210,204,..OE: (nodes: 204; links: 210),OE
-4.915371393843278,23.76917263766968,__micro.16s_g__Rhodanobacter,__compounds_C01092,-0.9515151515151513,0.5484293189588196,-7.7821510194737975,-,..OE,210,204,..OE: (nodes: 204; links: 210),OE
-1.9347339618992194,25.01958500139078,__micro.16s_g__Ensifer,_meta_M00831,0.9999999999999998,-13.274995790920105,0.01057123708498407,+,..OE,210,204,..OE: (nodes: 204; links: 210),OE
-0.021906940866276568,-12.754982554912305,__compounds_C00330,trans_M00134,-0.9757575757575756,12.06294489815969,-2.842825264913036,-,..OE,210,204,..OE: (nodes: 204; links: 210),OE
0.9075394032212607,-11.984070503605885,__compounds_C17753,trans_M00094,-0.9757575757575756,11.34402814949722,1.1464737774347362,-,..OE,210,204,..OE: (nodes: 204; links: 210),OE
0.9075394032212607,-11.984070503605885,__compounds_C17753,trans_M00085,0.9272727272727271,10.136826332399071,-0.9167066991524176,+,..OE,210,204,..OE: (nodes: 204; links: 210),OE
0.9075394032212607,-11.984070503605885,__compounds_C17753,trans_M00099,-0.9757575757575756,11.226640124407112,2.437395267097267,-,..OE,210,204,..OE: (nodes: 204; links: 210),OE
1.6240607909210363,-12.618853061449993,__compounds_C00327,trans_M00138,0.9393939393939392,14.635963613071844,1.1464737774347369,+,..OE,210,204,..OE: (nodes: 204; links: 210),OE
-1.6678746726535896,-12.618853061449993,__compounds_C01225,_meta_M00007,-0.9636363636363636,-8.46586757505601,1.378886187445398,-,..OE,210,204,..OE: (nodes: 204; links: 210),OE
-1.6678746726535896,-12.618853061449993,__compounds_C01225,trans_M00127,-0.9515151515151513,12.123970477500093,0.5103442839724244,-,..OE,210,204,..OE: (nodes: 204; links: 210),OE
-0.021906940866275953,-16.754982554912303,__compounds_C00881,trans_M00632,-0.9393939393939392,11.004578133088424,0.25141764448306975,-,..OE,210,204,..OE: (nodes: 204; links: 210),OE
-0.021906940866275953,-16.754982554912303,__compounds_C00881,trans_M00168,0.9393939393939392,8.7142820662578,2.6023071255250474,+,..OE,210,204,..OE: (nodes: 204; links: 210),OE
-0.9489579239911191,-10.901813006026844,__compounds_C00178,trans_M00958,-0.9393939393939392,10.080501314992338,-2.7346222675025094,-,..OE,210,204,..OE: (nodes: 204; links: 210),OE
3.9713256922187963,-13.987561870554208,__compounds_C00272,trans_M00932,0.9393939393939392,15.899490447576728,-2.734622267502509,+,..OE,210,204,..OE: (nodes: 204; links: 210),OE
3.9713256922187963,-13.987561870554208,__compounds_C00272,trans_M00116,0.9393939393939392,11.621915307981858,-3.7484261991712087,+,..OE,210,204,..OE: (nodes: 204; links: 210),OE
3.810051108395679,-14.902195485756666,__compounds_C02043,_meta_M00550,0.9393939393939392,-11.90691521761743,-3.748199246058649,+,..OE,210,204,..OE: (nodes: 204; links: 210),OE
-3.2303997118864523,-11.366348188101162,__compounds_C05547,_meta_M00844,0.9636363636363636,-16.9478602184412,1.59489030124161,+,..OE,210,204,..OE: (nodes: 204; links: 210),OE
-0.02190694086627571,-18.754982554912303,__compounds_C00847,_meta_M00032,-0.9393939393939392,-8.612634643898325,-1.7956370938507806,-,..OE,210,204,..OE: (nodes: 204; links: 210),OE
-0.02190694086627571,-18.754982554912303,__compounds_C00847,_meta_M00014,0.9393939393939392,-11.90668084055969,-4.798556978779111,+,..OE,210,204,..OE: (nodes: 204; links: 210),OE
-0.9406545299491269,-18.669848053331812,__compounds_C02029,trans_M00168,0.9636363636363636,8.7142820662578,2.6023071255250474,+,..OE,210,204,..OE: (nodes: 204; links: 210),OE
-1.828115271802042,-18.417343701934083,__compounds_C14452,trans_M00168,0.9393939393939392,8.7142820662578,2.6023071255250474,+,..OE,210,204,..OE: (nodes: 204; links: 210),OE
-2.6540677552530574,-9.503896876264236,__compounds_C00408,_meta_M00346,-0.9636363636363636,-11.906680840559691,4.819699452949079,-,..OE,210,204,..OE: (nodes: 204; links: 210),OE
-1.8281152718020417,-9.092621407890526,__compounds_C00344,_meta_M00927,-0.9245067028843874,-16.64347400915289,3.70561582318828,-,..OE,210,204,..OE: (nodes: 204; links: 210),OE
3.6870469764573546,-9.03866398645558,__compounds_C06426,_meta_M00970,-0.9272727272727271,-10.261822609023824,4.000657373486182,-,..OE,210,204,..OE: (nodes: 204; links: 210),OE
3.6870469764573546,-9.03866398645558,__compounds_C06426,trans_M00129,-0.9393939393939392,12.989995881284532,2.010344283972425,-,..OE,210,204,..OE: (nodes: 204; links: 210),OE
4.118567128026395,-9.412578326281883,__compounds_C05476,trans_M00861,0.9272727272727271,14.258268800832068,4.846818599167572,+,..OE,210,204,..OE: (nodes: 204; links: 210),OE
5.435885031260834,-11.262492476900986,__compounds_C20388,trans_M00958,-0.9393939393939392,10.080501314992338,-2.7346222675025094,-,..OE,210,204,..OE: (nodes: 204; links: 210),OE
5.91702171041932,-12.901093525272593,__compounds_C06442,_meta_M00542,0.9757575757575756,-12.79636446234499,-1.9313123977671198,+,..OE,210,204,..OE: (nodes: 204; links: 210),both
5.91702171041932,-12.901093525272593,__compounds_C06442,_meta_M00660,0.9515151515151513,-14.601241107401695,-1.4864502592572186,+,..OE,210,204,..OE: (nodes: 204; links: 210),OE
5.91702171041932,-12.901093525272593,__compounds_C06442,_meta_M00698,0.9272727272727271,-16.128165339805566,0.9376222202098258,+,..OE,210,204,..OE: (nodes: 204; links: 210),OE
5.91702171041932,-12.901093525272593,__compounds_C06442,trans_M00129,0.9272727272727271,12.989995881284532,2.010344283972425,+,..OE,210,204,..OE: (nodes: 204; links: 210),OE
5.648097971421735,-15.717390334816834,__compounds_C09780,_meta_M00053,-0.9272727272727271,-13.739367447421026,-3.962382193882788,-,..OE,210,204,..OE: (nodes: 204; links: 210),OE
5.648097971421735,-15.717390334816834,__compounds_C09780,_meta_M00006,0.9757575757575756,-9.023910112272034,-2.6215895773017954,+,..OE,210,204,..OE: (nodes: 204; links: 210),OE
4.118567128026395,-18.097386783542724,__compounds_C00482,_meta_M00006,0.9393939393939392,-9.023910112272034,-2.6215895773017954,+,..OE,210,204,..OE: (nodes: 204; links: 210),OE
1.668488400182304,-19.511940396599286,__compounds_C06552,_meta_M00004,-0.9515151515151513,-8.296324909444932,-0.4507705602315254,-,..OE,210,204,..OE: (nodes: 204; links: 210),OE
1.668488400182304,-19.511940396599286,__compounds_C06552,_meta_M00032,0.9393939393939392,-8.612634643898325,-1.7956370938507806,+,..OE,210,204,..OE: (nodes: 204; links: 210),OE
1.668488400182304,-19.511940396599286,__compounds_C06552,_meta_M00006,-0.9636363636363636,-9.023910112272034,-2.6215895773017954,-,..OE,210,204,..OE: (nodes: 204; links: 210),OE
-1.1574144070287353,-19.646554738488547,__compounds_C04368,trans_M00141,0.9272727272727271,10.262321375231789,-4.180096240486779,+,..OE,210,204,..OE: (nodes: 204; links: 210),OE
-2.2518816748282404,-19.32519015300874,__compounds_C06082,trans_M00632,-0.9393939393939392,11.004578133088424,0.25141764448306975,-,..OE,210,204,..OE: (nodes: 204; links: 210),OE
-2.2518816748282404,-19.32519015300874,__compounds_C06082,trans_M00580,0.9393939393939392,10.56294489815969,-1.7530114729049946,+,..OE,210,204,..OE: (nodes: 204; links: 210),OE
-2.2518816748282404,-19.32519015300874,__compounds_C06082,trans_M00168,0.9515151515151513,8.7142820662578,2.6023071255250474,+,..OE,210,204,..OE: (nodes: 204; links: 210),OE
-4.909362653168291,-10.274641097485116,__compounds_C01479,trans_M00911,0.9272727272727271,12.062944898159689,2.8635138328578855,+,..OE,210,204,..OE: (nodes: 204; links: 210),OE
-4.162381009758948,-9.412578326281885,__compounds_C00632,trans_M00911,0.9272727272727271,12.062944898159689,2.8635138328578855,+,..OE,210,204,..OE: (nodes: 204; links: 210),OE
-3.7308608581899096,-9.038663986455582,__compounds_C00423,trans_M00075,0.9393939393939392,13.454367537785453,-3.962609146995347,+,..OE,210,204,..OE: (nodes: 204; links: 210),OE
-16.274995790920105,0.01057123708498352,_meta_M00145,trans_M00009,0.9272727272727271,17.966891446030523,-0.4697708455659826,+,..OE,210,204,..OE: (nodes: 204; links: 210),OE
-16.128165339805566,0.9376222202098258,_meta_M00698,trans_M00014,0.9515151515151513,12.511364552709416,-1.9315393508796792,+,..OE,210,204,..OE: (nodes: 204; links: 210),OE
-16.128165339805566,0.9376222202098258,_meta_M00698,trans_M00129,0.9757575757575756,12.989995881284532,2.010344283972425,+,..OE,210,204,..OE: (nodes: 204; links: 210),OE
-16.128165339805566,0.9376222202098258,_meta_M00698,trans_M00029,-0.9515151515151513,16.69138586666111,-3.351160167334158,-,..OE,210,204,..OE: (nodes: 204; links: 210),OE
-14.643076364222779,-3.7481992460586495,_meta_M00169,trans_M00895,-0.9393939393939392,12.989995881284532,0.010344283972425091,-,..OE,210,204,..OE: (nodes: 204; links: 210),OE
-14.643076364222779,-3.7481992460586495,_meta_M00169,trans_M00896,-0.9393939393939392,13.856021285068971,0.51034428397242515,-,..OE,210,204,..OE: (nodes: 204; links: 210),OE
-14.643076364222779,-3.7481992460586495,_meta_M00169,trans_M00127,-0.9515151515151513,12.123970477500093,0.5103442839724244,-,..OE,210,204,..OE: (nodes: 204; links: 210),OE
-11.906680840559691,4.819699452949079,_meta_M00346,trans_M00868,-0.9272727272727271,9.0507648692357,0.7049369946401449,-,..OE,210,204,..OE: (nodes: 204; links: 210),OE
-17.526081469568176,-2.6215895773017968,_meta_M00875,trans_M00374,0.9636363636363636,13.629381689707062,4.969294353088656,+,..OE,210,204,..OE: (nodes: 204; links: 210),OE
-18.0841240067842,1.378886187445398,_meta_M00828,trans_M00173,-0.9515151515151513,8.29765377103573,-1.7164809881341156,-,..OE,210,204,..OE: (nodes: 204; links: 210),OE
-17.750812247695414,2.2392630159676767,_meta_M00826,trans_M00010,0.9515151515151513,17.562058996363593,2.034260999584395,+,..OE,210,204,..OE: (nodes: 204; links: 210),OE
-17.750812247695414,2.2392630159676767,_meta_M00826,trans_M00173,0.9272727272727271,8.29765377103573,-1.7164809881341156,+,..OE,210,204,..OE: (nodes: 204; links: 210),OE
0.8660254037844387,15.73,__micro.16s_g__Sphingorhabdus,_meta_M00078,-0.9264501099011717,-12.813653993603596,-4.968099644390189,-,..OE,210,204,..OE: (nodes: 204; links: 210),OE
0.8660254037844387,15.73,__micro.16s_g__Sphingorhabdus,trans_M00040,-0.9387209722839687,12.98999588128453,4.010344283972425,-,..OE,210,204,..OE: (nodes: 204; links: 210),OE
-0.8660254037844384,15.73,__micro.16s_g__Dinghuibacter,trans_M00897,-0.937436866561092,14.97541362948064,0.2514176444830715,-,..OE,210,204,..OE: (nodes: 204; links: 210),OE
-0.8660254037844384,15.73,__micro.16s_g__Dinghuibacter,trans_M00898,-0.937436866561092,14.860028366655362,-0.6988654901126459,-,..OE,210,204,..OE: (nodes: 204; links: 210),OE
-1.8700324853708294,15.52079022591493,__micro.16s_g__Hydrogenophaga,__compounds_C00272,-0.9317050452262764,3.9713256922187963,-13.987561870554208,-,..OE,210,204,..OE: (nodes: 204; links: 210),OE
-1.8700324853708294,15.52079022591493,__micro.16s_g__Hydrogenophaga,__compounds_C06552,0.9317050452262764,1.668488400182304,-19.511940396599286,+,..OE,210,204,..OE: (nodes: 204; links: 210),OE
-1.8700324853708294,15.52079022591493,__micro.16s_g__Hydrogenophaga,__compounds_C17385,-0.9317050452262764,-5.4796989129933875,-11.262492476900988,-,..OE,210,204,..OE: (nodes: 204; links: 210),OE
3,16.23,__micro.16s_g__Polycyclovorans,__compounds_C06337,0.9393939393939392,-0.021906940866275586,-19.754982554912303,+,..OE,210,204,..OE: (nodes: 204; links: 210),OE
3,16.23,__micro.16s_g__Polycyclovorans,_meta_M00867,-0.9878787878787877,-15.145028276290935,-0.6986385370000877,-,..OE,210,204,..OE: (nodes: 204; links: 210),OE
3.673819061467132e-16,13.23,__micro.16s_g__Chiayiivirga,__compounds_C00482,-0.9387209722839687,4.118567128026395,-18.097386783542724,-,..OE,210,204,..OE: (nodes: 204; links: 210),OE
3.673819061467132e-16,13.23,__micro.16s_g__Chiayiivirga,__compounds_C06552,0.9632626970495625,1.668488400182304,-19.511940396599286,+,..OE,210,204,..OE: (nodes: 204; links: 210),OE
3.673819061467132e-16,13.23,__micro.16s_g__Chiayiivirga,__compounds_C17385,-0.9264501099011717,-5.4796989129933875,-11.262492476900988,-,..OE,210,204,..OE: (nodes: 204; links: 210),OE
3.673819061467132e-16,13.23,__micro.16s_g__Chiayiivirga,_meta_M00032,0.9387209722839687,-8.612634643898325,-1.7956370938507806,+,..OE,210,204,..OE: (nodes: 204; links: 210),OE
3.673819061467132e-16,13.23,__micro.16s_g__Chiayiivirga,_meta_M00006,-0.9632626970495625,-9.023910112272034,-2.6215895773017954,-,..OE,210,204,..OE: (nodes: 204; links: 210),OE
3.673819061467132e-16,13.23,__micro.16s_g__Chiayiivirga,_meta_M00014,-0.9264501099011717,-11.90668084055969,-4.798556978779111,-,..OE,210,204,..OE: (nodes: 204; links: 210),OE
-0.9270509831248419,13.37683045111454,__micro.16s_g__unclassified_o__Ardenticatenales,_meta_M00773,1,-15.907156605306886,4.261656915733053,+,..WT,155,202,..WT: (nodes: 202; links: 155),WT
3.208492771020175,18.618634366811143,__micro.16s_g__Sphaerobacter,__compounds_C01451,0.9999999999999998,3.687046976457357,-18.471301123369027,+,..WT,155,202,..WT: (nodes: 202; links: 155),WT
3.9900861364011977,19.24317318189628,__micro.16s_g__Flavobacterium,__compounds_C05103,0.9515151515151513,-0.021906940866277792,-7.754982554912305,+,..WT,155,202,..WT: (nodes: 202; links: 155),WT
4.978670881475172,16.69134179731651,__micro.16s_g__unclassified_o__PLTA13,__compounds_C05952,-0.9393939393939392,0.8441184629181624,-14.254982554912305,-,..WT,155,202,..WT: (nodes: 202; links: 155),WT
4.978670881475172,16.69134179731651,__micro.16s_g__unclassified_o__PLTA13,__compounds_C01735,-0.9272727272727271,0.4567243877088399,-15.696866189764409,-,..WT,155,202,..WT: (nodes: 202; links: 155),WT
4.978670881475172,16.69134179731651,__micro.16s_g__unclassified_o__PLTA13,_meta_M00417,-0.9272727272727271,-18.274995790920105,0.010571237084983153,-,..WT,155,202,..WT: (nodes: 202; links: 155),WT
4.978670881475172,16.69134179731651,__micro.16s_g__unclassified_o__PLTA13,trans_M00138,-0.9393939393939392,14.635963613071844,1.1464737774347369,-,..WT,155,202,..WT: (nodes: 202; links: 155),WT
4.978670881475172,16.69134179731651,__micro.16s_g__unclassified_o__PLTA13,trans_M00082,0.9515151515151513,10.536408121264838,4.36693780458937,+,..WT,155,202,..WT: (nodes: 202; links: 155),WT
6.123031769111886e-16,11.23,__micro.16s_g__unclassified_o__Actinomarinales,trans_M00580,-0.9393939393939392,10.56294489815969,-1.7530114729049946,-,..WT,155,202,..WT: (nodes: 202; links: 155),WT
-2.632160814386781,20.48108567864807,__micro.16s_g__unclassified_c__Anaerolineae,__compounds_C00803,0.9387209722839687,-4.5564043869918285,-9.825818151240597,+,..WT,155,202,..WT: (nodes: 202; links: 155),WT
2.6623190272017583,21.606993341766334,__micro.16s_g__Lechevalieria,__compounds_C06552,0.9393939393939392,1.668488400182304,-19.511940396599286,+,..WT,155,202,..WT: (nodes: 202; links: 155),WT
3.451911961311724,21.137576164600304,__micro.16s_g__unclassified_f__Reyranellaceae,__compounds_C06593,-0.9604907590145021,-0.021906940866277546,-8.754982554912305,-,..WT,155,202,..WT: (nodes: 202; links: 155),WT
5.271073505465655,19.096318911073578,__micro.16s_g__unclassified_f__Anaerolineaceae,__compounds_C17755,0.9393939393939392,-4.90936265316829,-17.235324012339493,+,..WT,155,202,..WT: (nodes: 202; links: 155),WT
5.99559708630486,16.459816402140213,__micro.16s_g__Pedobacter,__compounds_C06082,0.9757575757575756,-2.2518816748282404,-19.32519015300874,+,..WT,155,202,..WT: (nodes: 202; links: 155),WT
5.96041253855805,15.541899447609596,__micro.16s_g__unclassified_o__Saccharimonadales,__compounds_C17753,0.9393939393939392,0.9075394032212607,-11.984070503605885,+,..WT,155,202,..WT: (nodes: 202; links: 155),WT
3.066112076682662,11.072582358076794,__micro.16s_g__unclassified_o__Subgroup_17,__compounds_C05476,0.9393939393939392,4.118567128026395,-9.412578326281883,+,..WT,155,202,..WT: (nodes: 202; links: 155),WT
2.2429024310446133,10.664985293387433,__micro.16s_g__unclassified_f__Cyclobacteriaceae,_meta_M00061,-0.9442111532158908,-8.46586757505601,-1.3577437132754304,-,..WT,155,202,..WT: (nodes: 202; links: 155),WT
1.367121053418824,10.387827456733326,__micro.16s_g__Pirellula,__compounds_C05476,0.9515151515151513,4.118567128026395,-9.412578326281883,+,..WT,155,202,..WT: (nodes: 202; links: 155),WT
-0.45929551701897414,10.247605192897558,__micro.16s_g__Inquilinus,__compounds_C00380,0.9272727272727271,2.831262608019184,-12.827931571787463,+,..WT,155,202,..WT: (nodes: 202; links: 155),WT
-0.45929551701897414,10.247605192897558,__micro.16s_g__Inquilinus,__compounds_C04100,0.9272727272727271,4.956763940608897,-14.216324352228813,+,..WT,155,202,..WT: (nodes: 202; links: 155),WT
-5.785520972718846,14.64011098682003,__micro.16s_g__unclassified_f__A4b,__compounds_C05476,0.9393939393939392,4.118567128026395,-9.412578326281883,+,..WT,155,202,..WT: (nodes: 202; links: 155),WT
-5.785520972718846,14.64011098682003,__micro.16s_g__unclassified_f__A4b,__compounds_C17755,0.9393939393939392,-4.90936265316829,-17.235324012339493,+,..WT,155,202,..WT: (nodes: 202; links: 155),WT
-4.160595004753451,20.55312956160472,__micro.16s_g__Roseimicrobium,__compounds_C05469,0.9272727272727271,3.2219379638673105,-18.80250375189939,+,..WT,155,202,..WT: (nodes: 202; links: 155),WT
-3.4519119613117226,21.137576164600308,__micro.16s_g__unclassified_f__Sutterellaceae,_meta_M00417,-0.9272727272727271,-18.274995790920105,0.010571237084983153,-,..WT,155,202,..WT: (nodes: 202; links: 155),WT
-2.6623190272017556,21.606993341766334,__micro.16s_g__Methylotenera,__compounds_C18218,0.9272727272727271,-5.691911853154286,-15.717390334816836,+,..WT,155,202,..WT: (nodes: 202; links: 155),WT
-2.6623190272017556,21.606993341766334,__micro.16s_g__Methylotenera,_meta_M00153,-0.9393939393939392,-10.261822609023824,-3.9795148993162135,-,..WT,155,202,..WT: (nodes: 202; links: 155),WT
0.913683345540361,23.170114029616673,__micro.16s_g__Chitinophaga,__compounds_C05827,-0.9272727272727271,3.3465712773665097,-10.05993796880901,-,..WT,155,202,..WT: (nodes: 202; links: 155),WT
1.8117333157176452,22.99148078402348,__micro.16s_g__Altererythrobacter,trans_M00580,-0.9272727272727271,10.56294489815969,-1.7530114729049946,-,..WT,155,202,..WT: (nodes: 202; links: 155),WT
2.6787840265556286,22.697156727579006,__micro.16s_g__Fonticella,__compounds_C00064,-0.9272727272727271,-3.0219069408662764,-13.754982554912305,-,..WT,155,202,..WT: (nodes: 202; links: 155),WT
4.949747468305832,21.179747468305834,__micro.16s_g__unclassified_c__MB-A2-108,_meta_M00142,-0.9393939393939392,-11.948750474438514,-1.4864502592572177,-,..WT,155,202,..WT: (nodes: 202; links: 155),WT
6.761480784023478,18.041733315717646,__micro.16s_g__Dongia,_meta_M00960,-0.9515151515151513,-14.202046774044947,-2.8425983118004767,-,..WT,155,202,..WT: (nodes: 202; links: 155),WT
6.940114029616673,15.31631665445964,__micro.16s_g__OM27_clade,trans_M00565,0.9515151515151513,15.561146320030689,3.074522056448337,+,..WT,155,202,..WT: (nodes: 202; links: 155),WT
6.062177826491071,12.730000000000002,__micro.16s_g__Haliangium,trans_M00093,0.9272727272727271,12.989995881284532,-2.989655716027575,+,..WT,155,202,..WT: (nodes: 202; links: 155),WT
4.261330003061046,10.676526617961354,__micro.16s_g__unclassified_o__Gaiellales,_meta_M00158,0.9393939393939392,-12.347944807795262,-2.8425983118004763,+,..WT,155,202,..WT: (nodes: 202; links: 155),WT
3.500000000000002,10.167822173508931,__micro.16s_g__unclassified_c__Thermoleophilia,__compounds_C01197,-0.9393939393939392,-6.0151109759643235,-14.040474049854762,-,..WT,155,202,..WT: (nodes: 202; links: 155),WT
1.8117333157176472,9.468519215976523,__micro.16s_g__Rhodoplanes,_meta_M00020,0.9272727272727271,-9.57995120481681,3.3790494553177703,+,..WT,155,202,..WT: (nodes: 202; links: 155),WT
0.9136833455403639,9.289885970383327,__micro.16s_g__Bryobacter,__compounds_C01735,-0.9272727272727271,0.4567243877088399,-15.696866189764409,-,..WT,155,202,..WT: (nodes: 202; links: 155),WT
0.9136833455403639,9.289885970383327,__micro.16s_g__Bryobacter,trans_M00138,-0.9272727272727271,14.635963613071844,1.1464737774347369,-,..WT,155,202,..WT: (nodes: 202; links: 155),WT
-4.94974746830583,11.280252531694165,__micro.16s_g__Lysinibacillus,_meta_M00541,0.9272727272727271,-10.274995790920105,0.010571237084984255,+,..WT,155,202,..WT: (nodes: 202; links: 155),WT
-6.062177826491069,12.729999999999997,__micro.16s_g__unclassified_o__Bacillales,__compounds_C19615,-0.9636363636363636,-2.4489579239911192,-11.991626798034886,-,..WT,155,202,..WT: (nodes: 202; links: 155),WT
-5.55347338203865,20.49133000306104,__micro.16s_g__Microvirga,__compounds_C12819,0.9272727272727271,-3.265751845599866,-8.70746135792522,+,..WT,155,202,..WT: (nodes: 202; links: 155),WT
-5.55347338203865,20.49133000306104,__micro.16s_g__Microvirga,_meta_M00541,0.9272727272727271,-10.274995790920105,0.010571237084984255,+,..WT,155,202,..WT: (nodes: 202; links: 155),WT
-0.913683345540368,23.170114029616673,__micro.16s_g__unclassified_f__Geodermatophilaceae,trans_M00044,0.9636363636363636,15.717670387337277,-4.180096240486777,+,..WT,155,202,..WT: (nodes: 202; links: 155),WT
1.8119741394061148,24.02209533553867,__micro.16s_g__Skermanella,__compounds_C00350,0.9515151515151513,-5.691911853154287,-11.792574775007775,+,..WT,155,202,..WT: (nodes: 202; links: 155),WT
7.608452130361228,18.70213595499958,__micro.16s_g__unclassified_f__Xanthomonadaceae,trans_M00952,-0.9393939393939392,12.989995881284532,1.010344283972425,-,..WT,155,202,..WT: (nodes: 202; links: 155),WT
7.737174837615657,14.196253326452107,__micro.16s_g__unclassified_f__Intrasporangiaceae,_meta_M00534,0.9393939393939392,-15.038351547797525,-2.4164797460398586,+,..WT,155,202,..WT: (nodes: 202; links: 155),WT
7.075463447982514,12.49666141419461,__micro.16s_g__Marmoricola,__compounds_C14829,-0.9272727272727271,2.405144042258566,-15.518338311789723,-,..WT,155,202,..WT: (nodes: 202; links: 155),WT
6.045996594834066,10.99111412843772,__micro.16s_g__Flavisolibacter,__compounds_C10664,-0.9272727272727271,5.971297094231772,-13.469491059969851,-,..WT,155,202,..WT: (nodes: 202; links: 155),WT
3.114160850539133,8.861010775081201,__micro.16s_g__Candidatus_Udaeobacter,__compounds_C00493,0.9757575757575756,1.1136005252961847,-7.863410371336064,+,..WT,155,202,..WT: (nodes: 202; links: 155),WT
-0.4567104869021419,8.243047168590916,__micro.16s_g__unclassified_f__Caulobacteraceae,_meta_M00142,0.9393939393939392,-11.948750474438514,-1.4864502592572177,+,..WT,155,202,..WT: (nodes: 202; links: 155),WT
-3.114160850539128,8.861010775081198,__micro.16s_g__unclassified_f__Diplorickettsiaceae,trans_M00079,-0.9272727272727271,12.669644781380969,-4.979382679779257,-,..WT,155,202,..WT: (nodes: 202; links: 155),WT
-3.114160850539128,8.861010775081198,__micro.16s_g__unclassified_f__Diplorickettsiaceae,trans_M00171,0.9393939393939392,11.414454791166431,-4.734934451080919,+,..WT,155,202,..WT: (nodes: 202; links: 155),WT
-3.933863397164828,9.264031383041782,__micro.16s_g__Pseudonocardia,__compounds_C14441,-0.9393939393939392,1.9635108073298315,-13.513909194401657,-,..WT,155,202,..WT: (nodes: 202; links: 155),WT
-3.933863397164828,9.264031383041782,__micro.16s_g__Pseudonocardia,__compounds_C17385,0.9878787878787877,-5.4796989129933875,-11.262492476900988,+,..WT,155,202,..WT: (nodes: 202; links: 155),WT
-3.933863397164828,9.264031383041782,__micro.16s_g__Pseudonocardia,trans_M00933,0.9393939393939392,14.358076454587207,-3.7484261991712082,+,..WT,155,202,..WT: (nodes: 202; links: 155),WT
-3.933863397164828,9.264031383041782,__micro.16s_g__Pseudonocardia,trans_M00101,-0.9272727272727271,8.889134608299754,-2.850239016638425,-,..WT,155,202,..WT: (nodes: 202; links: 155),WT
-3.933863397164828,9.264031383041782,__micro.16s_g__Pseudonocardia,trans_M00102,-0.9272727272727271,8.01310031653854,-0.4697708455659871,-,..WT,155,202,..WT: (nodes: 202; links: 155),WT
-4.702282018339784,9.75786404500042,__micro.16s_g__Legionella,__compounds_C17753,0.9272727272727271,0.9075394032212607,-11.984070503605885,+,..WT,155,202,..WT: (nodes: 202; links: 155),WT
-4.702282018339784,9.75786404500042,__micro.16s_g__Legionella,_meta_M00698,0.9393939393939392,-16.128165339805566,0.9376222202098258,+,..WT,155,202,..WT: (nodes: 202; links: 155),WT
-4.702282018339784,9.75786404500042,__micro.16s_g__Legionella,trans_M00079,-0.9636363636363636,12.669644781380969,-4.979382679779257,-,..WT,155,202,..WT: (nodes: 202; links: 155),WT
-7.075463447982513,12.496661414194609,__micro.16s_g__Bdellovibrio,__compounds_C01454,0.9272727272727271,-4.162381009758946,-18.097386783542724,+,..WT,155,202,..WT: (nodes: 202; links: 155),WT
-7.7371748376156555,14.1962533264521,__micro.16s_g__unclassified_f__Micropepsaceae,trans_M00621,-0.9272727272727271,17.98742696228797,0.17060217183070175,-,..WT,155,202,..WT: (nodes: 202; links: 155),WT
-7.7371748376156555,14.1962533264521,__micro.16s_g__unclassified_f__Micropepsaceae,trans_M00170,0.9878787878787877,13.310346981188099,-4.979382679779257,+,..WT,155,202,..WT: (nodes: 202; links: 155),WT
-7.996737542625514,16.00155159365043,__micro.16s_g__Luteibacter,trans_M00035,-0.9757575757575756,9.511583128267098,3.6020910344610604,-,..WT,155,202,..WT: (nodes: 202; links: 155),WT
-7.277055962836148,19.55332010401509,__micro.16s_g__Mucilaginibacter,__compounds_C06559,-0.9393939393939392,1.7843013900694882,-9.092621407890526,-,..WT,155,202,..WT: (nodes: 202; links: 155),WT
-7.277055962836148,19.55332010401509,__micro.16s_g__Mucilaginibacter,__compounds_C02029,-0.9393939393939392,-0.9406545299491269,-18.669848053331812,-,..WT,155,202,..WT: (nodes: 202; links: 155),WT
-7.277055962836148,19.55332010401509,__micro.16s_g__Mucilaginibacter,__compounds_C01674,-0.9636363636363636,-3.730860858189906,-18.47130112336903,-,..WT,155,202,..WT: (nodes: 202; links: 155),WT
-7.277055962836148,19.55332010401509,__micro.16s_g__Mucilaginibacter,trans_M00082,-0.9272727272727271,10.536408121264838,4.36693780458937,-,..WT,155,202,..WT: (nodes: 202; links: 155),WT
-6.335217967378205,21.1151830370835,__micro.16s_g__Asticcacaulis,_meta_M00698,0.9393939393939392,-16.128165339805566,0.9376222202098258,+,..WT,155,202,..WT: (nodes: 202; links: 155),WT
-4.325126539644786,22.960028262649445,__micro.16s_g__unclassified_o__Elev-16S-573,__compounds_C01250,-0.9361745372672994,-0.02190694086627681,-11.754982554912305,-,..WT,155,202,..WT: (nodes: 202; links: 155),WT
-1.9593701661158036e-15,24.23,__micro.16s_g__Burkholderia-Caballeronia-Paraburkholderia,__compounds_C06559,-0.9272727272727271,1.7843013900694882,-9.092621407890526,-,..WT,155,202,..WT: (nodes: 202; links: 155),WT
-1.9593701661158036e-15,24.23,__micro.16s_g__Burkholderia-Caballeronia-Paraburkholderia,__compounds_C02029,-0.9393939393939392,-0.9406545299491269,-18.669848053331812,-,..WT,155,202,..WT: (nodes: 202; links: 155),WT
1.2954538302670722,25.136278649000737,__micro.16s_g__unclassified_f__WWH38,_meta_M00529,-0.9264501099011717,-10.36550122462791,-2.7343953143899498,-,..WT,155,202,..WT: (nodes: 202; links: 155),WT
1.2954538302670722,25.136278649000737,__micro.16s_g__unclassified_f__WWH38,trans_M00002,-0.9387209722839687,14.565536971402636,-4.734934451080918,-,..WT,155,202,..WT: (nodes: 202; links: 155),WT
1.2954538302670722,25.136278649000737,__micro.16s_g__unclassified_f__WWH38,trans_M00003,-0.9387209722839687,13.945789024791395,-4.897451500982902,-,..WT,155,202,..WT: (nodes: 202; links: 155),WT
3.779001914042381,24.398178777038616,__micro.16s_g__Dokdonella,__compounds_C06559,-0.9515151515151513,1.7843013900694882,-9.092621407890526,-,..WT,155,202,..WT: (nodes: 202; links: 155),WT
5.446567936743886,23.394837591350793,__micro.16s_g__Dyella,_meta_M00046,-0.9272727272727271,-12.810624134419184,-3.962382193882788,-,..WT,155,202,..WT: (nodes: 202; links: 155),WT
5.446567936743886,23.394837591350793,__micro.16s_g__Dyella,trans_M00005,-0.9272727272727271,15.843165430169993,0.9373952670972674,-,..WT,155,202,..WT: (nodes: 202; links: 155),WT
5.446567936743886,23.394837591350793,__micro.16s_g__Dyella,trans_M00953,-0.9393939393939392,10.820577185696742,-4.494500055539671,-,..WT,155,202,..WT: (nodes: 202; links: 155),WT
7.0653366480840525,10.654964749058497,__micro.16s_g__Romboutsia,trans_M00017,-0.9692233691951196,7.992564800281093,0.1706021718306994,-,..WT,155,202,..WT: (nodes: 202; links: 155),WT
-1.6161474700698415,7.376296404611976,__micro.16s_g__Leptolyngbya_EcFYyyy-00,__compounds_C00157,0.9264501099011717,4.512590505259274,-17.684146958584016,+,..WT,155,202,..WT: (nodes: 202; links: 155),WT
-2.2507979297495657,7.51599353457693,__micro.16s_g__Edaphobacter,__compounds_C01735,0.9632626970495625,0.4567243877088399,-15.696866189764409,+,..WT,155,202,..WT: (nodes: 202; links: 155),WT
-2.2507979297495657,7.51599353457693,__micro.16s_g__Edaphobacter,_meta_M00032,0.9264501099011717,-8.612634643898325,-1.7956370938507806,+,..WT,155,202,..WT: (nodes: 202; links: 155),WT
-2.2507979297495657,7.51599353457693,__micro.16s_g__Edaphobacter,_meta_M00417,0.9264501099011717,-18.274995790920105,0.010571237084983153,+,..WT,155,202,..WT: (nodes: 202; links: 155),WT
-3.4816473997275503,7.930715007666601,__micro.16s_g__Aurantisolimonas,__compounds_C12303,-0.9264501099011717,2.208067793095689,-8.184774956815868,-,..WT,155,202,..WT: (nodes: 202; links: 155),WT
-8.881438702873735,14.773962031025118,__micro.16s_g__Armatimonas,__compounds_C01451,0.9999999999999998,3.687046976457357,-18.471301123369027,+,..WT,155,202,..WT: (nodes: 202; links: 155),WT
-8.475605966218573,19.257227032351576,__micro.16s_g__Cytophaga,_meta_M00960,0.937436866561092,-14.202046774044947,-2.8425983118004767,+,..WT,155,202,..WT: (nodes: 202; links: 155),WT
-5.949368596378804,22.98314839940762,__micro.16s_g__Amaricoccus,trans_M00127,0.9317050452262764,12.123970477500093,0.5103442839724244,+,..WT,155,202,..WT: (nodes: 202; links: 155),WT
-5.44656793674389,23.394837591350793,__micro.16s_g__Xanthomonas,_meta_M00777,0.9266055045871561,-11.629028059132793,1.1467007305472958,+,..WT,155,202,..WT: (nodes: 202; links: 155),WT
-4.915371393843278,23.76917263766968,__micro.16s_g__Rhodanobacter,__compounds_C06559,-0.9300954818304988,1.7843013900694882,-9.092621407890526,-,..WT,155,202,..WT: (nodes: 202; links: 155),WT
-4.915371393843278,23.76917263766968,__micro.16s_g__Rhodanobacter,__compounds_C02029,-0.9361745372672994,-0.9406545299491269,-18.669848053331812,-,..WT,155,202,..WT: (nodes: 202; links: 155),WT
-4.915371393843278,23.76917263766968,__micro.16s_g__Rhodanobacter,trans_M00079,-0.9361745372672994,12.669644781380969,-4.979382679779257,-,..WT,155,202,..WT: (nodes: 202; links: 155),WT
-0.6494198022055444,25.206539083661546,__micro.16s_g__Porphyrobacter,__compounds_C01735,0.9393939393939392,0.4567243877088399,-15.696866189764409,+,..WT,155,202,..WT: (nodes: 202; links: 155),WT
-0.6494198022055444,25.206539083661546,__micro.16s_g__Porphyrobacter,__compounds_C18218,-0.9636363636363636,-5.691911853154286,-15.717390334816836,-,..WT,155,202,..WT: (nodes: 202; links: 155),WT
-0.6494198022055444,25.206539083661546,__micro.16s_g__Porphyrobacter,trans_M00017,-0.9515151515151513,7.992564800281093,0.1706021718306994,-,..WT,155,202,..WT: (nodes: 202; links: 155),WT
0.8441184629181624,-14.254982554912305,__compounds_C05952,trans_M00138,0.9272727272727271,14.635963613071844,1.1464737774347369,+,..WT,155,202,..WT: (nodes: 202; links: 155),WT
-0.8879323446507154,-13.254982554912305,__compounds_C00666,trans_M00014,-0.9393939393939392,12.511364552709416,-1.9315393508796792,-,..WT,155,202,..WT: (nodes: 202; links: 155),WT
-0.8879323446507154,-13.254982554912305,__compounds_C00666,trans_M00129,-0.9272727272727271,12.989995881284532,2.010344283972425,-,..WT,155,202,..WT: (nodes: 202; links: 155),WT
-0.8879323446507154,-13.254982554912305,__compounds_C00666,trans_M00088,-0.9393939393939392,14.785192602086381,3.584874845266074,-,..WT,155,202,..WT: (nodes: 202; links: 155),WT
-0.021906940866276568,-12.754982554912305,__compounds_C00330,_meta_M00973,0.9393939393939392,-12.352532307950344,3.9027507194042794,+,..WT,155,202,..WT: (nodes: 202; links: 155),WT
-0.021906940866276568,-12.754982554912305,__compounds_C00330,trans_M00165,0.9393939393939392,17.682337991533334,-1.7164809881341125,+,..WT,155,202,..WT: (nodes: 202; links: 155),WT
1.6240607909210363,-12.618853061449993,__compounds_C00327,trans_M00845,0.9393939393939392,16.231137857823477,-3.796885507873246,+,..WT,155,202,..WT: (nodes: 202; links: 155),WT
1.9635108073298315,-13.513909194401657,__compounds_C14441,_meta_M00698,0.9393939393939392,-16.128165339805566,0.9376222202098258,+,..WT,155,202,..WT: (nodes: 202; links: 155),WT
1.3043383756153146,-15.252004051254506,__compounds_C05849,_meta_M00137,0.9272727272727271,-17.937356937941885,-1.7956370938507809,+,..WT,155,202,..WT: (nodes: 202; links: 155),WT
-1.3481522573478664,-15.252004051254508,__compounds_C14835,_meta_M00879,0.9636363636363636,-18.189861289339614,0.9293188261678366,+,..WT,155,202,..WT: (nodes: 202; links: 155),WT
-0.9513532849538147,-11.984070503605885,__compounds_C00671,_meta_M00704,-0.9272727272727271,-16.288168972816386,-3.979514899316214,-,..WT,155,202,..WT: (nodes: 202; links: 155),WT
1.741448816011143,-11.327931571787463,__compounds_C00811,_meta_M00173,-0.9515151515151513,-13.274995790920107,4.010571237084984,-,..WT,155,202,..WT: (nodes: 202; links: 155),WT
2.831262608019184,-12.827931571787463,__compounds_C00380,_meta_M00879,0.9636363636363636,-18.189861289339614,0.9293188261678366,+,..WT,155,202,..WT: (nodes: 202; links: 155),WT
0.9051440422585663,-16.608152103797764,__compounds_C00166,_meta_M00078,-0.9272727272727271,-12.813653993603596,-4.968099644390189,-,..WT,155,202,..WT: (nodes: 202; links: 155),WT
0.9051440422585663,-16.608152103797764,__compounds_C00166,trans_M00933,-0.9272727272727271,14.358076454587207,-3.7484261991712082,-,..WT,155,202,..WT: (nodes: 202; links: 155),WT
-0.9489579239911182,-16.608152103797764,__compounds_C00624,_meta_M00627,0.9515151515151513,-18.0841240067842,-1.3577437132754315,+,..WT,155,202,..WT: (nodes: 202; links: 155),WT
-0.9489579239911191,-10.901813006026844,__compounds_C00178,_meta_M00879,0.9515151515151513,-18.189861289339614,0.9293188261678366,+,..WT,155,202,..WT: (nodes: 202; links: 155),WT
3.6509574866548196,-12.170663490755677,__compounds_C00299,trans_M00121,-0.9515151515151513,11.194799160482683,3.5848748452660737,-,..WT,155,202,..WT: (nodes: 202; links: 155),both
3.9713256922187963,-13.987561870554208,__compounds_C00272,trans_M00130,-0.9272727272727271,15.989995881284532,0.010344283972425275,-,..WT,155,202,..WT: (nodes: 202; links: 155),WT
-0.4862785973671968,-17.727935985880077,__compounds_C05635,_meta_M00568,-0.9272727272727271,-8.799179334144792,-2.218120541797707,-,..WT,155,202,..WT: (nodes: 202; links: 155),WT
-1.8171036616681262,-10.180451993618655,__compounds_C05198,_meta_M00973,0.9272727272727271,-12.352532307950344,3.9027507194042794,+,..WT,155,202,..WT: (nodes: 202; links: 155),WT
-1.8171036616681262,-10.180451993618655,__compounds_C05198,trans_M00085,-0.9272727272727271,10.136826332399071,-0.9167066991524176,-,..WT,155,202,..WT: (nodes: 202; links: 155),WT
3.3465712773665097,-10.05993796880901,__compounds_C05827,_meta_M00704,0.9393939393939392,-16.288168972816386,-3.979514899316214,+,..WT,155,202,..WT: (nodes: 202; links: 155),WT
3.3465712773665097,-10.05993796880901,__compounds_C05827,trans_M00060,0.9515151515151513,16.82195393054649,-1.1368686468719358,+,..WT,155,202,..WT: (nodes: 202; links: 155),WT
3.3465712773665097,-10.05993796880901,__compounds_C05827,trans_M00866,0.9515151515151513,16.454097496422285,-1.989655716027574,+,..WT,155,202,..WT: (nodes: 202; links: 155),WT
3.3465712773665097,-10.05993796880901,__compounds_C05827,trans_M00003,-0.9515151515151513,13.945789024791395,-4.897451500982902,-,..WT,155,202,..WT: (nodes: 202; links: 155),WT
2.6102538735205023,-18.006068233560377,__compounds_C19909,_meta_M00356,-0.9515151515151513,-13.274995790920105,-2.989428762915016,-,..WT,155,202,..WT: (nodes: 202; links: 155),WT
-0.9406545299491269,-18.669848053331812,__compounds_C02029,trans_M00082,0.9757575757575756,10.536408121264838,4.36693780458937,+,..WT,155,202,..WT: (nodes: 202; links: 155),WT
5.91702171041932,-12.901093525272593,__compounds_C06442,_meta_M00542,0.9272727272727271,-12.79636446234499,-1.9313123977671198,+,..WT,155,202,..WT: (nodes: 202; links: 155),both
5.91702171041932,-12.901093525272593,__compounds_C06442,_meta_M00973,0.9393939393939392,-12.352532307950344,3.9027507194042794,+,..WT,155,202,..WT: (nodes: 202; links: 155),WT
5.91702171041932,-12.901093525272593,__compounds_C06442,_meta_M00529,0.9272727272727271,-10.36550122462791,-2.7343953143899498,+,..WT,155,202,..WT: (nodes: 202; links: 155),WT
5.808962469074974,-15.169536167968868,__compounds_C06414,_meta_M00542,0.9636363636363636,-12.79636446234499,-1.9313123977671198,+,..WT,155,202,..WT: (nodes: 202; links: 155),WT
5.808962469074974,-15.169536167968868,__compounds_C06414,_meta_M00973,0.9272727272727271,-12.352532307950344,3.9027507194042794,+,..WT,155,202,..WT: (nodes: 202; links: 155),WT
4.865548771435739,-17.235324012339493,__compounds_C09801,trans_M00134,0.9272727272727271,12.06294489815969,-2.842825264913036,+,..WT,155,202,..WT: (nodes: 202; links: 155),WT
4.512590505259274,-17.684146958584016,__compounds_C00157,_meta_M00173,0.9757575757575756,-13.274995790920107,4.010571237084984,+,..WT,155,202,..WT: (nodes: 202; links: 155),WT
4.512590505259274,-17.684146958584016,__compounds_C00157,_meta_M00374,0.9636363636363636,-11.468787459984341,4.672932384106764,+,..WT,155,202,..WT: (nodes: 202; links: 155),WT
4.512590505259274,-17.684146958584016,__compounds_C00157,trans_M00087,-0.9393939393939392,16.468408634301966,3.602091034461063,-,..WT,155,202,..WT: (nodes: 202; links: 155),WT
2.727452189498187,-19.087995246841846,__compounds_C03840,_meta_M00079,-0.9515151515151513,-9.906517572687317,-3.684473349018311,-,..WT,155,202,..WT: (nodes: 202; links: 155),WT
2.727452189498187,-19.087995246841846,__compounds_C03840,_meta_M00860,0.9393939393939392,-18.253666672395276,-0.4507705602315255,+,..WT,155,202,..WT: (nodes: 202; links: 155),WT
2.208067793095689,-19.32519015300874,__compounds_C14153,trans_M00892,0.9393939393939392,10.418845442538373,3.074522056448336,+,..WT,155,202,..WT: (nodes: 202; links: 155),WT
-0.5922432006913722,-19.72781409035081,__compounds_C09788,_meta_M00948,0.9317050452262764,-9.335764778871273,0.7051639477527057,+,..WT,155,202,..WT: (nodes: 202; links: 155),WT
-3.730860858189906,-18.47130112336903,__compounds_C01674,trans_M00082,0.9272727272727271,10.536408121264838,4.36693780458937,+,..WT,155,202,..WT: (nodes: 202; links: 155),WT
-6.0151109759643235,-13.469491059969851,__compounds_C00587,trans_M00958,-0.9393939393939392,10.080501314992338,-2.7346222675025094,-,..WT,155,202,..WT: (nodes: 202; links: 155),WT
-5.960835592151873,-12.901093525272595,__compounds_C18528,trans_M00094,-0.9393939393939392,11.34402814949722,1.1464737774347362,-,..WT,155,202,..WT: (nodes: 202; links: 155),WT
-5.4796989129933875,-11.262492476900988,__compounds_C17385,trans_M00101,-0.9393939393939392,8.889134608299754,-2.850239016638425,-,..WT,155,202,..WT: (nodes: 202; links: 155),WT
-5.4796989129933875,-11.262492476900988,__compounds_C17385,trans_M00102,-0.9393939393939392,8.01310031653854,-0.4697708455659871,-,..WT,155,202,..WT: (nodes: 202; links: 155),WT
-1.7123022819148552,-7.998024713225321,__compounds_C01606,_meta_M00141,0.9272727272727271,-17.214226802968938,0.705163947752704,+,..WT,155,202,..WT: (nodes: 202; links: 155),WT
-12.347944807795264,2.8637407859704447,_meta_M00830,trans_M00014,0.9393939393939392,12.511364552709416,-1.9315393508796792,+,..WT,155,202,..WT: (nodes: 202; links: 155),WT
-10.847944807795262,1.7739269939624034,_meta_M00910,trans_M00051,-0.9636363636363636,12.06753239831477,3.9025237662917203,-,..WT,155,202,..WT: (nodes: 202; links: 155),WT
-16.128165339805566,-0.9164797460398586,_meta_M00918,trans_M00927,0.9393939393939392,9.99944322882845,4.017412393312208,+,..WT,155,202,..WT: (nodes: 202; links: 155),WT
-16.128165339805566,0.9376222202098258,_meta_M00698,trans_M00079,-0.9636363636363636,12.669644781380969,-4.979382679779257,-,..WT,155,202,..WT: (nodes: 202; links: 155),WT
-12.352532307950344,3.9027507194042794,_meta_M00973,trans_M00868,-0.9272727272727271,9.0507648692357,0.7049369946401449,-,..WT,155,202,..WT: (nodes: 202; links: 155),WT
-13.274995790920107,4.010571237084984,_meta_M00173,trans_M00087,-0.9272727272727271,16.468408634301966,3.602091034461063,-,..WT,155,202,..WT: (nodes: 202; links: 155),WT
-12.813653993603594,4.989242118560156,_meta_M00035,trans_M00740,-0.9515151515151513,15.980548533740611,4.017412393312209,-,..WT,155,202,..WT: (nodes: 202; links: 155),WT
-8.799179334144792,2.239263015967676,_meta_M00165,trans_M00098,-0.9272727272727271,15.843165430169993,-0.916706699152417,-,..WT,155,202,..WT: (nodes: 202; links: 155),WT
-8.360130292500596,0.9293188261678357,_meta_M00038,trans_M00307,-0.9636363636363636,14.866330905681401,4.644928070702534,-,..WT,155,202,..WT: (nodes: 202; links: 155),WT
-10.261822609023824,-3.9795148993162135,_meta_M00153,trans_M00580,0.9393939393939392,10.56294489815969,-1.7530114729049946,+,..WT,155,202,..WT: (nodes: 202; links: 155),WT
-10.261822609023824,-3.9795148993162135,_meta_M00153,trans_M00113,0.9393939393939392,13.912459364254293,3.9025237662917203,+,..WT,155,202,..WT: (nodes: 202; links: 155),WT
-12.813653993603596,-4.968099644390189,_meta_M00078,trans_M00953,0.9393939393939392,10.820577185696742,-4.494500055539671,+,..WT,155,202,..WT: (nodes: 202; links: 155),WT
-13.274995790920105,-4.989428762915016,_meta_M00344,trans_M00369,-0.9878787878787877,12.98999588128453,5.010344283972425,-,..WT,155,202,..WT: (nodes: 202; links: 155),WT
